Id,1,2,3,4,5,6,7,8,9,10,11,12,13,14,15,16,17,18,19,20,21,22,23,24,25,26,27,28,29,30,31,32,33,34,35,36,37,38,39,40,41,42,43,44,45,46,47,48,49,50,51,52,53,54,55,56,57,58,59,60,61,62,63,64,65,66,67,68,69,70,71,72,73,74,75,76,77,78,79,80,81,82,83,84,85,86,87,88,89,90,91,92,93,94,95,96,97,98,99,100,101,102,103,104,105,106,107,108,109,110,111,112,113,114,115,116,117,118,119,120,121,122,123,124,125,126,127,128,129,130,131,132,133,134,135,136,137,138,139,140,141,142,143,144,145,146,147,148,149,150,151,152,153,154,155,156,157,158,159,160,161,162,163,164,165,166,167,168,169,170,171,172,173,174,175,176,177,178,179,180,181,182,183,184,185,186,187,188,189,190,191,192,193,194,195,196,197,198,199,200,201,202,203,204,205,206,207,208,209,210,211,212,213,214,215,216,217,218,219,220,221,222,223,224,225,226,227,228,229,230,231,232,233,234,235,236,237,238,239,240,241,242,243,244,245,246,247,248,249,250,251,252,253,254,255,256,257,258,259,260,261,262,263,264,265,266,267,268,269,270,271,272,273,274,275,276,277,278,279,280,281,282,283,284,285,286,287,288,289,290,291,292,293,294,295,296,297,298,299,300,301,302,303,304,305,306,307,308,309,310,311,312,313,314,315,316,317,318,319,320,321,322,323,324,325,326,327,328,329,330,331,332,333,334,335,336,337,338,339,340,341,342,343,344,345,346,347,348,349,350,351,352,353,354,355,356,357,358,359,360,361,362,363,364,365,366,367,368,369,370,371,372,373,374,375,376,377,378,379,380,381,382,383,384,385,386,387,388,389,390,391,392,393,394,395,396,397,398,399,400,401,402,403,404,405,406,407,408,409,410,411,412,413,414,415,416,417,418,419,420,421,422,423,424,425,426,427,428,429,430,431,432,433,434,435,436,437,438,439,440,441,442,443,444,445,446,447,448,449,450,451,452,453,454,455,456,457,458,459,460,461,462,463,464,465,466,467,468,469,470,471,472,473,474,475,476,477,478,479,480,481,482,483,484,485,486,487,488,489,490,491,492,493,494,495,496,497,498,499,500,501,502,503,504,505,506,507,508,509,510,511,512,513,514,515,516,517,518,519,520,521,522,523,524,525,526,527,528,529,530,531,532,533,534,535,536,537,538,539,540,541,542,543,544,545,546,547,548,549,550,551,552,553,554,555,556,557,558,559,560,561,562,563,564,565,566,567,568,569,570,571,572,573,574,575,576,577,578,579,580,581,582,583,584,585,586,587,588,589,590,591,592,593,594,595,596,597,598,599,600,601,602,603,604,605,606,607,608,609,610,611,612,613,614,615,616,617,618,619,620,621,622,623,624,625,626,627,628,629,630,631,632,633,634,635,636,637,638,639,640,641,642,643,644,645,646,647,648,649,650,651,652,653,654,655,656,657,658,659,660,661,662,663,664,665,666,667,668,669,670,671,672,673,674,675,676,677,678,679,680,681,682,683,684,685,686,687,688,689,690,691,692,693,694,695,696,697,698,699,700,701,702,703,704,705,706,707,708,709,710,711,712,713,714,715,716,717,718,719,720,721,722,723,724,725,726,727,728,729,730,731,732,733,734,735,736,737,738,739,740,741,742,743,744,745,746,747,748,749,750,751,752,753,754,755,756,757,758,759,760,761,762,763,764,765,766,767,768
syn_f000000-0-Pre,1,1,1,1,1,1,1,1,1,1,1,1,1,1,1,1,1,1,1,1,1,1,1,1,1,1,1,1,1,1,1,1,1,1,1,1,1,1,1,1,1,1,1,1,1,1,1,1,1,1,1,1,1,1,1,1,1,1,1,1,1,1,1,1,1,1,1,1,1,1,1,1,1,1,1,1,1,1,1,1,1,1,1,1,1,1,1,1,1,1,1,1,1,1,1,1,1,1,1,1,1,1,1,1,1,1,1,1,1,1,1,1,1,1,1,1,1,1,1,1,14,23,27,31,35,37,39,41,43,45,47,49,49,51,51,53,54,55,56,57,57,58,59,59,59,59,59,59,60,59,59,59,59,59,59,59,59,60,65,66,67,67,67,67,67,66,66,65,64,64,63,62,61,60,59,58,55,52,48,48,48,48,46,46,45,44,44,44,44,44,44,44,44,44,44,44,44,44,44,44,44,44,44,45,45,45,45,46,51,54,58,104,113,236,259,300,312,324,337,377,382,385,390,396,404,466,466,464,468,482,505,509,511,514,515,456,456,456,455,460,461,466,461,455,450,413,405,396,370,361,356,353,350,251,183,153,148,146,144,143,142,140,138,137,136,134,132,131,129,126,124,122,121,119,118,117,115,115,115,114,114,113,113,113,113,112,112,111,111,111,110,110,109,109,108,107,107,107,106,105,105,105,105,104,103,103,103,103,102,102,103,103,103,104,104,104,104,105,104,104,104,104,104,104,104,104,104,104,104,104,104,104,104,105,105,105,106,106,106,106,106,106,106,106,107,107,107,107,109,109,110,110,111,112,113,113,113,114,115,116,116,118,118,119,120,120,121,122,122,123,124,124,124,124,124,125,125,126,126,126,126,126,126,125,125,125,125,125,125,125,126,126,126,126,126,128,128,128,129,130,130,130,130,131,132,132,132,132,133,133,133,134,135,135,135,135,135,136,136,135,136,137,135,135,136,136,136,136,136,136,135,135,135,135,135,135,134,134,134,134,134,134,134,132,132,132,132,132,132,131,131,131,131,131,130,129,129,129,129,128,128,127,127,126,126,126,126,125,124,124,124,124,124,123,122,122,122,122,122,122,121,121,120,120,119,119,118,118,117,116,116,116,115,114,114,114,112,112,112,111,110,110,109,109,108,108,107,107,107,106,106,105,105,105,105,105,105,104,104,104,103,103,103,103,103,103,103,104,104,104,104,104,104,104,104,104,104,104,104,104,104,104,104,104,104,104,104,104,104,105,106,106,106,106,107,107,107,108,108,109,109,109,109,109,110,110,111,111,111,111,111,111,111,111,111,111,111,111,111,111,111,110,110,110,110,110,110,109,109,109,109,109,109,108,108,108,107,107,107,107,107,107,106,106,105,105,105,105,104,104,104,103,103,103,102,102,102,101,101,101,100,100,100,99,99,98,98,98,97,97,96,96,96,95,95,94,94,94,93,92,92,92,92,91,91,90,90,90,89,89,89,89,89,89,89,89,89,89,89,89,89,89,89,89,89,89,89,89,90,91,92,92,93,94,94,95,96,97,98,99,101,102,103,105,106,108,108,109,110,110,111,112,111,112,112,112,111,111,110,108,105,104,102,99,95,45,44,44,42,40,1,1,1,1,1,1,1,1,1,1,1,1,1,1,1,1,1,1,1,1,1,1,1,1,1,1,1,1,1,1,1,1,1,1,1,1,1,1,1,1,1,1,1,1,1,1,1,1,1,1,1,1,1,1,1,1,1,1
syn_f000002-3-Pre,1,1,1,1,1,1,1,1,1,1,1,1,1,1,1,1,1,1,1,1,1,1,1,1,1,1,1,1,1,1,1,1,1,1,1,1,1,1,1,1,1,1,1,1,1,1,1,1,1,1,1,1,1,1,1,1,1,1,1,1,1,1,1,1,1,1,1,1,1,1,1,1,1,1,1,1,1,1,1,1,1,1,1,1,1,1,1,1,1,1,1,1,1,1,1,1,1,1,1,1,1,1,1,1,1,1,1,1,1,1,1,1,1,1,1,1,1,1,1,1,1,1,1,1,1,1,1,1,1,1,1,1,1,1,1,1,1,16,23,27,31,35,37,39,41,43,45,46,47,48,50,50,52,53,54,54,55,56,56,57,58,58,58,58,58,58,58,58,58,58,58,58,58,58,61,65,65,66,66,65,65,65,64,64,63,63,62,61,60,59,58,56,54,51,48,48,47,47,46,46,45,44,44,43,43,43,44,44,44,44,44,45,47,48,49,52,54,58,61,64,67,70,74,79,237,252,302,316,339,415,428,446,463,504,511,517,520,522,525,527,528,521,518,527,546,558,558,558,556,500,496,489,469,462,460,456,449,441,435,357,346,324,310,295,284,271,256,211,186,161,157,154,150,148,147,145,144,144,144,143,143,142,141,140,139,138,136,135,134,133,131,131,129,129,128,127,126,126,125,124,124,124,123,121,121,120,119,119,117,117,116,114,113,112,110,109,108,106,105,105,105,105,106,106,106,106,106,107,107,106,106,106,106,106,104,104,102,102,100,100,98,97,96,96,96,97,99,101,103,106,108,110,112,114,115,117,118,120,120,122,122,124,124,126,126,126,127,127,128,128,128,128,128,129,129,129,130,130,130,130,129,128,128,128,128,128,128,128,128,128,128,128,128,128,128,129,129,129,130,131,131,131,132,133,133,135,135,135,137,137,138,139,139,141,141,141,141,143,143,143,143,144,145,145,145,146,146,147,147,147,147,147,147,147,147,147,147,147,147,147,147,147,147,147,147,147,147,147,147,147,146,146,145,145,145,145,145,145,145,144,144,143,143,143,142,142,142,142,140,140,140,140,139,138,137,137,136,136,135,135,134,133,133,132,131,131,130,129,129,128,127,127,125,125,123,123,122,121,121,120,119,118,118,117,116,116,115,114,114,113,112,112,112,111,111,111,110,110,110,110,109,109,109,109,109,109,109,109,108,108,108,108,108,108,108,108,108,108,109,110,110,111,111,111,113,113,113,114,115,115,115,116,117,117,117,118,118,119,119,120,120,120,120,121,121,122,122,122,122,122,122,122,122,122,122,122,122,122,122,121,121,120,120,120,119,119,118,118,118,117,117,116,116,115,115,114,114,113,112,112,111,110,110,109,109,108,108,107,106,106,105,105,104,103,103,102,102,101,101,100,100,100,99,98,98,98,98,96,96,96,95,94,93,93,93,93,92,92,92,91,90,90,91,91,92,92,93,93,93,93,93,93,93,91,91,91,91,91,91,92,93,93,94,95,95,96,97,98,99,100,101,102,104,105,106,107,109,109,110,112,112,113,113,114,114,113,113,109,107,103,101,96,91,41,1,1,1,1,1,1,1,1,1,1,1,1,1,1,1,1,1,1,1,1,1,1,1,1,1,1,1,1,1,1,1,1,1,1,1,1,1,1,1,1,1,1,1,1,1,1,1,1,1,1,1,1,1,1,1,1,1,1,1,1,1,1,1,1,1,1,1,1,1,1,1,1,1,1
syn_f000005-3-Pre,1,1,1,1,1,1,1,1,1,1,1,1,1,1,1,1,1,1,1,1,1,1,1,1,1,1,1,1,1,1,1,1,1,1,1,1,1,1,1,1,1,1,1,1,1,1,1,1,1,1,1,1,1,1,1,1,1,1,1,1,1,1,1,1,1,1,1,1,1,1,1,1,1,1,1,1,1,1,1,1,1,1,1,1,1,1,1,1,1,1,1,1,1,1,1,1,1,1,1,1,1,1,1,1,1,1,1,1,1,1,1,1,1,1,1,1,1,1,1,1,1,1,1,1,1,1,13,22,26,30,34,36,38,41,42,44,46,48,48,50,51,52,54,54,55,56,56,57,58,58,58,58,58,58,58,58,58,58,58,58,58,58,58,60,64,65,65,65,65,65,65,64,63,63,62,61,61,59,58,57,55,54,48,47,46,46,46,46,45,44,43,43,41,40,40,40,40,40,40,39,39,39,38,38,38,38,39,41,42,44,45,49,51,53,55,57,66,72,95,103,125,135,145,152,160,166,177,278,294,360,374,385,394,403,416,428,440,458,469,480,491,500,516,530,549,561,573,574,574,572,570,548,548,528,530,531,440,432,254,153,149,146,144,143,143,141,141,140,139,139,139,138,137,137,137,136,135,134,132,132,130,130,129,128,128,127,127,127,125,125,124,123,122,121,120,120,118,118,117,116,116,115,114,114,112,111,109,107,104,102,100,99,98,97,97,97,96,96,96,96,96,95,95,95,95,94,93,93,93,93,91,91,91,90,90,89,89,89,89,90,91,91,92,92,93,93,93,93,93,93,93,93,93,93,94,95,95,96,97,98,99,101,102,104,105,106,108,108,110,110,112,112,114,114,115,116,117,117,118,119,119,119,121,121,121,122,123,123,124,125,125,126,127,127,129,129,131,131,131,133,133,134,135,135,136,137,138,138,139,140,140,141,142,142,144,144,144,146,146,146,146,146,148,148,148,148,148,150,150,150,150,150,150,150,150,150,150,150,150,150,150,150,150,150,150,150,150,150,150,150,150,150,148,148,148,148,148,148,146,146,146,146,146,146,145,144,144,144,143,143,142,142,141,141,140,139,139,137,137,136,135,135,134,133,133,132,132,131,131,130,129,129,128,128,127,126,125,125,124,123,122,122,121,120,120,119,118,118,117,116,115,115,115,113,113,113,113,112,111,111,111,111,110,110,110,110,110,110,109,109,109,109,109,109,109,108,107,107,107,107,107,107,107,107,108,108,108,108,109,109,110,110,111,111,112,112,112,114,114,114,115,116,116,116,117,117,117,118,118,118,119,119,119,119,119,119,119,119,119,119,119,119,119,119,119,119,119,119,119,119,118,117,117,117,117,116,116,115,115,115,114,114,114,113,112,112,111,111,110,110,109,109,108,108,107,107,106,106,105,104,104,104,104,102,102,102,102,100,100,100,100,99,98,98,98,97,97,96,96,95,94,94,94,94,94,92,92,92,92,92,92,92,92,92,92,92,93,94,94,93,93,93,93,93,93,93,93,93,93,94,95,95,96,97,97,98,99,101,101,103,104,106,106,108,108,109,110,111,112,114,114,112,112,111,111,110,110,109,108,106,99,95,93,44,1,1,1,1,1,1,1,1,1,1,1,1,1,1,1,1,1,1,1,1,1,1,1,1,1,1,1,1,1,1,1,1,1,1,1,1,1,1,1,1,1,1,1,1,1,1,1,1,1,1,1,1,1,1,1,1,1,1,1,1,1,1,1,1
syn_f000006-0-Pre,1,1,1,1,1,1,1,1,1,1,1,1,1,1,1,1,1,1,1,1,1,1,1,1,1,1,1,1,1,1,1,1,1,1,1,1,1,1,1,1,1,1,1,1,1,1,1,1,1,1,1,1,1,1,1,1,1,1,1,1,1,1,1,1,1,1,1,1,1,1,1,1,1,1,1,1,1,1,1,1,1,1,1,1,1,1,1,1,1,1,1,1,1,1,1,1,1,8,20,24,28,32,36,38,40,42,44,46,48,48,50,50,52,53,54,56,56,57,58,58,59,60,60,60,61,62,62,62,62,62,62,62,62,61,61,61,60,60,62,66,69,69,69,69,69,69,68,68,67,66,66,65,65,64,62,61,60,59,55,52,50,50,49,49,49,48,47,46,45,45,45,45,45,45,45,45,45,45,44,44,44,44,44,44,44,44,44,45,47,49,51,54,57,61,64,68,70,75,97,120,132,141,150,158,166,273,389,408,424,452,506,519,528,540,551,565,589,618,634,634,634,634,632,629,613,603,584,586,587,587,586,505,401,381,359,348,200,182,168,161,157,154,151,149,148,146,145,144,142,140,140,138,135,133,131,128,126,124,122,120,118,117,116,115,115,113,113,112,112,112,112,110,110,110,110,110,109,108,108,108,108,106,106,106,104,104,104,102,102,103,102,102,102,102,102,102,104,104,104,104,104,104,103,103,103,103,103,103,103,103,102,102,102,102,102,102,103,104,104,105,106,107,108,108,108,109,109,110,110,109,109,108,108,108,108,108,108,109,109,109,109,111,112,113,114,116,117,118,120,120,122,122,122,124,124,124,125,126,126,126,126,126,126,127,127,127,127,127,127,127,127,127,128,128,128,128,128,128,128,129,130,130,130,131,132,132,132,133,134,134,134,136,136,136,136,136,137,138,138,138,139,139,139,140,141,141,141,141,141,141,141,141,141,141,141,141,141,140,140,139,139,139,139,139,137,137,137,137,137,137,135,135,135,135,135,134,133,133,133,133,133,131,131,131,131,131,131,130,129,129,129,129,127,127,127,127,127,125,125,125,125,125,124,123,123,123,123,123,121,121,121,121,121,121,120,119,119,119,119,119,119,119,118,117,117,117,117,117,117,117,116,116,116,116,115,115,115,115,114,114,114,114,114,114,114,112,112,112,112,112,112,112,112,112,111,111,111,111,111,111,111,111,111,110,111,111,111,111,111,111,110,110,110,110,109,108,108,108,108,108,108,108,108,108,107,106,106,106,106,106,106,106,106,106,106,106,106,107,107,108,108,108,108,108,108,108,109,110,110,110,110,110,110,110,110,111,110,110,111,111,111,111,111,111,111,111,111,111,110,110,110,110,110,110,109,109,109,109,108,108,108,108,108,108,108,107,106,106,106,106,106,106,106,105,104,104,104,104,104,104,104,104,103,102,102,102,102,102,102,102,101,100,100,100,100,100,100,99,99,98,98,98,98,98,97,97,96,96,96,96,96,95,95,94,94,94,93,92,92,92,92,92,92,92,91,91,91,90,90,92,92,92,93,94,94,94,95,95,95,95,95,95,95,95,95,95,96,96,98,98,99,100,100,101,101,101,103,104,104,106,106,108,109,110,111,112,113,113,113,114,115,115,116,116,115,116,116,115,115,116,114,113,111,107,105,105,101,99,48,46,1,1,1,1,1,1,1,1,1,1,1,1,1,1,1,1,1,1,1,1,1,1,1,1,1,1,1,1,1,1,1,1,1,1,1,1,1,1
syn_f000008-1-Pre,1,1,1,1,1,1,1,1,1,1,1,1,1,1,1,1,1,1,1,1,1,1,1,1,1,1,1,1,1,1,1,1,1,1,1,1,1,1,1,1,1,1,1,1,1,1,1,1,1,1,1,1,1,1,1,1,1,1,1,1,1,1,1,1,1,1,1,1,1,1,1,1,1,1,1,1,1,1,1,1,1,1,1,1,1,1,1,1,1,1,1,1,1,1,1,1,1,1,1,1,1,1,1,1,1,1,8,22,26,30,34,37,40,42,44,46,48,50,50,52,53,54,55,57,58,59,59,60,61,61,62,63,63,63,64,64,64,64,64,64,64,64,64,63,63,63,63,63,67,70,72,72,72,72,71,70,70,70,69,68,68,68,66,66,64,62,61,61,58,52,52,52,52,50,50,50,48,48,47,46,45,44,43,43,43,44,44,43,43,43,43,43,43,43,42,42,43,44,45,48,52,59,67,76,157,172,188,206,303,320,341,363,383,437,451,465,480,493,510,540,559,579,581,584,588,592,596,601,604,606,600,617,619,619,619,618,617,529,520,493,489,481,473,468,462,455,336,316,302,283,242,182,170,163,158,156,155,153,151,151,149,149,147,146,145,143,141,139,137,137,135,134,132,132,130,130,129,129,127,127,127,125,125,125,124,123,123,122,121,121,119,119,117,117,116,116,116,116,117,117,117,117,117,117,118,118,118,117,117,116,116,116,115,115,115,115,115,113,113,113,113,113,113,113,112,112,112,112,112,112,112,113,114,114,116,116,117,119,119,120,121,121,122,122,124,124,124,126,126,127,128,128,130,130,132,132,133,134,134,135,136,136,138,138,138,138,140,140,140,140,141,141,141,141,142,142,142,143,143,143,143,143,143,143,143,145,145,145,145,147,147,147,148,149,149,149,151,151,151,153,153,153,155,155,155,156,157,157,158,159,159,159,159,160,161,161,161,161,161,162,163,163,163,163,162,162,162,162,161,161,161,160,160,160,160,160,160,159,158,158,158,158,157,157,156,156,156,155,155,154,154,153,153,153,152,151,151,149,149,149,148,147,147,146,145,144,144,144,142,142,142,140,140,140,138,138,138,136,136,136,136,134,134,134,132,132,132,131,130,130,130,128,128,128,128,126,126,126,126,124,124,124,124,123,122,122,122,121,120,120,120,119,119,119,119,118,118,118,118,118,117,117,117,117,117,117,117,116,116,116,115,115,115,115,115,114,114,114,114,114,114,114,114,114,114,114,114,115,115,115,115,115,115,116,117,117,117,117,118,119,119,119,120,120,120,121,121,121,121,121,122,122,122,122,122,122,122,122,122,122,122,122,122,122,122,122,122,121,121,121,121,121,120,120,120,119,119,119,118,118,118,117,117,117,117,116,116,115,115,115,114,114,114,113,113,112,112,112,112,111,110,110,110,110,109,109,108,108,108,108,108,108,106,106,106,106,106,105,104,104,104,104,103,102,102,102,102,102,100,100,100,100,100,98,98,98,98,98,98,98,98,98,98,98,98,98,99,99,100,100,100,100,100,100,100,100,100,100,100,100,99,100,101,101,101,103,103,103,105,105,107,107,109,110,111,112,114,115,116,117,118,119,119,121,121,123,122,122,122,121,121,120,120,118,118,113,112,111,110,104,100,47,42,1,1,1,1,1,1,1,1,1,1,1,1,1,1,1,1,1,1,1,1,1,1,1,1,1,1,1,1,1,1,1,1,1,1,1,1,1,1,1,1,1,1,1,1,1
syn_f000017-2-Pre,1,1,1,1,1,1,1,1,1,1,1,1,1,1,1,1,1,1,1,1,1,1,1,1,1,1,1,1,1,1,1,1,1,1,1,1,1,1,1,1,1,1,1,1,1,1,1,1,1,1,1,1,1,1,1,1,1,1,1,1,1,1,1,1,1,1,1,1,1,1,1,1,1,1,1,1,1,1,1,1,1,1,1,1,1,1,1,1,1,1,1,1,1,1,1,1,1,1,1,1,1,1,1,1,1,1,1,1,1,1,1,1,1,1,19,25,29,33,37,39,41,43,45,47,49,50,51,52,54,54,56,57,58,58,59,60,60,61,62,62,62,62,63,63,62,62,62,62,62,62,62,62,62,67,69,70,70,69,69,69,69,69,67,67,67,66,65,65,63,62,61,59,57,54,53,53,52,52,52,51,50,49,48,47,46,44,44,44,44,44,44,44,44,44,44,44,44,43,43,43,43,45,47,51,54,57,59,61,65,72,239,276,303,316,443,487,494,500,509,517,525,530,532,527,557,560,561,561,560,559,557,493,475,465,463,461,457,452,444,432,343,332,315,301,289,280,271,247,232,218,200,173,160,153,148,144,141,140,139,137,136,136,134,134,133,132,132,131,130,128,127,126,125,123,122,121,120,118,118,117,115,115,113,113,112,111,110,110,108,108,106,106,104,104,103,102,101,100,99,98,98,96,96,95,95,95,95,96,96,95,95,95,95,95,95,95,94,94,94,93,92,92,91,91,90,89,89,87,87,86,85,85,85,85,85,85,86,86,86,87,88,88,88,90,90,90,90,92,92,93,95,96,98,99,101,103,104,105,107,108,109,110,111,112,113,114,114,114,116,116,117,117,118,118,118,119,120,120,120,120,121,121,122,122,123,123,123,123,125,125,125,126,127,127,128,129,130,130,130,132,132,133,134,134,136,136,136,138,138,138,140,140,140,141,141,142,142,142,143,144,144,144,145,145,146,146,145,145,145,145,145,145,145,144,143,143,143,143,143,143,143,141,141,141,141,141,139,139,139,139,139,137,137,137,137,136,135,135,135,133,133,133,133,131,131,131,131,129,129,129,129,129,128,127,127,127,127,127,125,125,125,125,124,124,123,123,123,123,123,123,122,121,121,121,121,121,121,120,119,119,119,119,118,118,117,117,116,116,116,115,114,114,114,114,113,112,112,112,112,112,111,110,110,110,110,110,110,110,109,110,109,109,109,108,108,108,108,108,108,108,108,108,108,108,108,108,108,109,109,109,109,109,109,109,110,110,110,110,111,111,111,112,112,112,113,114,114,114,114,114,115,115,115,115,115,115,115,116,116,116,116,115,116,115,115,115,115,115,115,115,115,115,114,114,114,113,113,113,112,112,112,112,111,111,110,110,110,110,108,108,108,108,106,106,106,106,105,104,104,104,104,103,102,102,102,101,100,100,100,100,99,98,98,98,98,97,96,96,96,96,96,95,94,94,94,94,94,94,93,93,93,93,92,92,92,92,92,92,93,93,93,93,93,93,93,93,93,93,94,94,94,94,94,94,95,96,96,97,97,98,99,99,99,100,101,103,103,105,105,107,107,109,110,111,111,111,113,113,113,112,112,112,110,110,110,109,108,105,103,103,101,97,94,47,1,1,1,1,1,1,1,1,1,1,1,1,1,1,1,1,1,1,1,1,1,1,1,1,1,1,1,1,1,1,1,1,1,1,1,1,1,1,1,1,1,1,1,1,1,1,1,1,1,1,1,1,1,1
syn_f000027-2-Pre,1,1,1,1,1,1,1,1,1,1,1,1,1,1,1,1,1,1,1,1,1,1,1,1,1,1,1,1,1,1,1,1,1,1,1,1,1,1,1,1,1,1,1,1,1,1,1,1,1,1,1,1,1,1,1,1,1,1,1,1,1,1,1,1,1,1,1,1,1,1,1,1,1,1,1,1,1,1,1,1,1,1,1,1,1,1,1,1,1,1,1,1,1,1,1,1,1,1,1,1,1,1,1,1,1,1,1,1,1,1,1,1,1,1,1,1,1,1,1,1,1,1,1,1,1,1,1,1,1,1,1,8,20,26,29,33,37,40,42,44,46,48,50,51,52,53,54,55,57,57,59,59,61,61,61,63,63,63,63,63,63,65,65,64,64,64,64,63,63,63,63,64,69,71,72,73,73,72,71,71,71,70,69,69,69,68,68,66,64,64,63,61,58,54,54,54,53,52,52,51,49,49,48,48,48,48,47,47,47,47,47,48,48,48,49,49,50,51,53,55,59,64,68,72,76,81,87,132,138,179,188,195,204,217,273,288,302,352,366,376,384,392,401,411,423,433,442,449,457,464,473,479,485,491,497,505,518,528,537,549,552,558,565,568,573,578,558,559,560,559,410,394,339,339,339,147,146,146,145,145,145,145,144,144,144,144,143,143,142,142,141,141,141,141,140,140,140,140,139,139,139,139,138,137,137,137,136,135,135,134,133,133,132,131,129,129,127,126,125,123,123,123,122,122,123,123,124,124,124,125,125,125,125,126,126,126,126,126,127,127,127,127,127,127,127,127,127,127,127,127,126,127,126,126,125,125,125,124,123,123,123,123,123,122,123,124,125,126,126,128,129,130,131,133,134,135,135,137,137,139,139,140,141,141,141,142,143,143,143,143,144,144,144,144,144,144,144,144,144,144,143,143,142,142,141,141,141,141,141,141,140,139,139,139,139,139,139,138,138,137,137,137,137,138,138,138,138,138,138,139,140,140,140,140,140,140,140,141,141,141,142,142,142,142,142,142,142,142,142,142,142,142,141,141,141,141,141,141,141,141,140,140,140,140,140,140,140,139,139,139,138,138,138,138,138,138,136,136,136,136,135,135,134,134,134,133,133,132,132,132,131,131,130,130,130,129,128,127,126,126,125,124,124,122,122,121,120,120,119,118,117,117,115,115,115,114,113,113,112,112,111,110,110,109,108,108,108,107,106,106,105,105,105,105,104,104,103,103,103,103,101,101,101,101,101,101,101,101,101,102,102,102,103,103,105,105,106,107,107,108,109,109,110,111,111,112,113,113,114,114,114,114,114,114,114,114,115,116,116,116,115,115,114,114,114,114,113,113,113,113,112,111,111,110,109,109,108,108,107,107,106,105,105,104,103,103,102,102,100,100,100,98,98,98,97,96,96,96,94,94,94,92,92,92,91,90,90,89,88,88,87,87,86,85,85,85,85,85,85,85,85,84,84,84,84,84,84,86,86,86,86,87,88,88,88,88,89,89,89,89,89,89,90,91,91,91,92,93,94,94,95,97,97,99,100,101,103,105,105,106,107,108,109,110,110,110,110,110,111,111,111,110,109,107,104,99,96,91,42,1,1,1,1,1,1,1,1,1,1,1,1,1,1,1,1,1,1,1,1,1,1,1,1,1,1,1,1,1,1,1,1,1,1,1,1,1,1,1,1,1,1,1,1,1,1,1,1,1,1,1,1,1,1,1,1,1,1,1,1,1,1,1,1,1,1,1,1,1
syn_f000035-3-Pre,1,1,1,1,1,1,1,1,1,1,1,1,1,1,1,1,1,1,1,1,1,1,1,1,1,1,1,1,1,1,1,1,1,1,1,1,1,1,1,1,1,1,1,1,1,1,1,1,1,1,1,1,1,1,1,1,1,1,1,1,1,1,1,1,1,1,1,1,1,1,1,1,1,1,1,1,1,1,1,1,1,1,1,1,1,1,1,1,1,1,1,1,1,1,1,1,1,1,1,1,1,1,1,1,1,1,1,1,1,1,1,1,1,1,1,1,1,1,1,1,1,1,1,1,1,1,1,16,23,27,31,35,38,40,43,45,47,49,49,51,52,53,54,56,56,58,58,59,60,60,61,62,62,62,62,62,62,62,62,62,62,62,62,62,62,61,64,69,69,70,70,69,69,69,69,68,67,67,67,66,65,64,62,62,61,59,56,53,53,52,51,51,50,50,49,48,48,47,46,45,45,45,45,45,45,45,45,45,45,46,46,46,46,47,49,53,56,60,63,65,69,72,224,389,402,422,442,456,466,476,486,498,513,546,588,589,588,587,587,586,582,566,545,536,540,543,543,542,542,540,420,412,403,394,385,376,365,354,341,321,295,247,220,172,161,156,152,150,148,147,147,145,145,144,144,144,144,142,142,140,140,138,138,136,136,135,134,133,133,131,131,130,129,129,127,127,126,125,124,123,122,121,120,119,117,117,115,114,113,112,112,110,110,109,109,109,109,109,109,109,109,109,109,109,109,109,109,109,109,109,109,108,108,108,108,108,108,108,107,107,106,106,105,105,105,105,103,103,102,101,100,100,99,100,100,100,100,101,102,103,104,105,107,107,109,111,112,113,114,115,116,117,118,119,119,120,121,121,122,123,123,123,123,124,124,125,125,126,125,126,126,125,125,125,125,125,125,125,125,125,125,126,126,126,126,126,127,127,128,128,129,129,130,130,131,131,132,133,134,135,135,137,137,138,139,139,141,141,141,143,143,143,144,145,145,145,147,147,147,148,148,148,149,149,149,149,149,149,149,149,149,149,150,150,150,150,150,150,150,150,149,149,149,149,149,149,149,149,149,148,148,147,147,147,147,147,145,145,145,145,145,144,143,143,142,141,141,140,139,139,138,137,137,136,135,133,133,131,131,129,129,127,127,125,125,123,123,121,120,119,119,118,117,116,115,114,114,113,112,112,111,110,110,110,110,110,109,108,108,108,108,108,108,108,108,108,108,108,108,107,106,106,106,107,107,107,107,108,108,108,108,108,110,110,110,112,112,112,112,113,114,114,115,116,116,116,117,117,118,118,119,119,119,119,119,119,119,119,119,119,121,120,119,119,119,119,119,119,119,119,119,119,118,118,117,117,117,116,115,115,115,115,114,113,113,112,112,111,111,110,109,109,108,108,107,106,106,106,104,104,104,103,102,102,102,100,100,100,100,99,98,98,98,97,96,96,96,96,95,94,94,94,93,93,93,92,92,92,92,92,92,92,93,93,93,93,93,93,93,93,93,93,93,93,93,93,94,95,95,96,97,98,98,99,101,102,103,104,105,106,107,108,108,110,110,110,110,111,112,111,110,110,110,110,110,109,107,104,103,100,94,91,39,1,1,1,1,1,1,1,1,1,1,1,1,1,1,1,1,1,1,1,1,1,1,1,1,1,1,1,1,1,1,1,1,1,1,1,1,1,1,1,1,1,1,1,1,1,1,1,1,1,1,1,1,1,1,1,1,1,1,1,1,1,1,1,1,1
syn_f000049-0-Pre,1,1,1,1,1,1,1,1,1,1,1,1,1,1,1,1,1,1,1,1,1,1,1,1,1,1,1,1,1,1,1,1,1,1,1,1,1,1,1,1,1,1,1,1,1,1,1,1,1,1,1,1,1,1,1,1,1,1,1,1,1,1,1,1,1,1,1,1,1,1,1,1,1,1,1,1,1,1,1,1,1,1,1,1,1,1,1,1,1,1,1,1,1,1,1,1,1,1,1,1,1,1,1,1,1,1,1,1,1,1,1,1,1,5,20,24,28,32,36,38,40,42,44,46,48,50,51,52,53,54,56,57,58,58,59,60,60,61,62,62,62,62,62,62,62,62,62,62,62,62,62,62,64,68,70,70,70,70,70,69,69,69,68,67,67,67,66,65,63,62,61,60,56,53,51,50,50,49,48,48,48,48,48,48,48,48,48,48,48,48,48,48,48,47,47,48,48,47,48,49,51,56,61,65,71,80,89,98,108,129,435,464,499,518,545,571,578,614,615,614,613,611,604,590,584,573,567,567,568,568,567,505,500,495,416,407,398,388,378,367,353,342,335,324,266,249,234,216,198,178,170,167,163,161,159,158,156,154,153,152,151,150,148,148,146,144,143,142,141,140,139,138,137,136,135,135,134,134,134,134,134,134,134,134,134,134,134,132,132,132,131,131,130,129,128,126,124,122,121,120,120,120,120,120,121,120,120,120,120,120,119,118,118,118,118,117,117,117,117,117,117,117,117,118,118,118,118,119,120,120,121,122,122,122,123,123,124,124,124,124,124,124,125,125,125,125,125,127,127,127,128,128,129,130,130,132,132,134,134,135,136,136,137,138,138,139,140,140,140,141,141,141,141,142,142,142,142,141,141,141,141,141,141,141,141,141,141,141,141,141,141,140,140,141,140,140,140,140,140,140,140,140,140,140,140,141,142,142,142,142,142,142,142,142,143,142,142,142,142,142,142,142,142,141,142,142,142,141,141,141,141,140,140,140,140,140,140,138,138,138,138,138,137,136,136,136,136,135,134,134,134,134,133,133,132,132,131,131,131,129,129,129,129,128,128,127,127,126,126,125,124,124,123,123,122,122,121,121,120,119,119,119,119,117,117,117,117,116,115,115,115,114,113,113,113,113,112,112,111,111,111,111,110,110,110,109,109,109,109,108,108,108,108,108,108,108,108,108,108,108,108,108,108,108,108,108,108,108,108,108,108,108,108,108,108,107,107,107,107,107,106,106,106,106,106,106,106,106,106,106,107,108,108,108,108,108,108,109,109,109,110,110,110,111,111,111,111,111,112,112,112,112,112,112,112,112,112,112,112,112,112,112,112,112,112,112,111,110,110,110,110,110,110,110,110,108,108,108,108,108,108,107,106,106,106,106,106,106,105,105,104,104,104,104,104,103,103,102,102,102,102,102,102,102,100,100,100,100,100,100,99,98,98,98,98,97,97,97,96,96,95,95,95,95,94,94,93,93,93,93,93,93,93,93,91,91,91,91,92,93,93,93,93,93,93,94,94,94,94,94,94,94,94,94,94,95,95,96,96,97,98,99,99,100,101,102,103,104,105,107,108,109,111,111,113,114,115,116,117,117,117,117,117,116,116,114,113,112,109,107,103,100,91,42,1,1,1,1,1,1,1,1,1,1,1,1,1,1,1,1,1,1,1,1,1,1,1,1,1,1,1,1,1,1,1,1,1,1,1,1,1,1,1,1,1,1,1,1,1,1,1,1,1,1,1,1,1,1
syn_f000064-2-Pre,1,1,1,1,1,1,1,1,1,1,1,1,1,1,1,1,1,1,1,1,1,1,1,1,1,1,1,1,1,1,1,1,1,1,1,1,1,1,1,1,1,1,1,1,1,1,1,1,1,1,1,1,1,1,1,1,1,1,1,1,1,1,1,1,1,1,1,1,1,1,1,1,1,1,1,1,1,1,1,1,1,1,1,1,1,1,1,1,1,1,1,1,1,1,1,1,1,1,1,1,1,1,1,1,1,1,1,1,1,1,1,1,1,1,1,1,1,1,1,1,1,1,1,12,22,26,30,34,38,40,42,44,46,48,49,51,51,53,54,55,56,58,58,59,60,60,61,62,62,62,62,63,63,64,64,63,62,62,62,62,62,62,63,66,69,71,72,71,70,70,70,70,69,68,68,68,67,66,65,64,63,61,60,57,55,52,51,50,50,49,49,49,48,47,47,47,47,47,47,47,47,47,47,47,47,46,47,48,49,50,53,56,60,62,65,68,72,74,390,421,432,452,470,484,522,528,538,572,572,571,569,562,550,541,535,529,525,528,528,527,525,467,462,395,387,380,372,364,355,345,335,323,308,277,251,238,228,219,209,196,185,166,160,155,152,150,147,146,145,144,143,142,141,141,139,139,137,136,134,133,133,131,131,131,130,129,129,128,128,128,127,126,126,125,125,124,123,123,121,121,120,119,118,117,116,115,113,112,111,111,110,110,110,110,110,110,110,110,110,110,110,110,110,110,108,108,108,108,108,108,106,106,106,106,106,105,104,104,103,103,103,102,101,101,101,101,100,100,100,100,100,99,101,101,103,103,105,107,107,109,110,112,112,114,115,117,117,118,119,120,121,121,122,123,123,125,125,125,125,127,127,127,128,129,129,129,129,129,129,129,128,128,128,127,127,127,127,127,127,127,127,127,128,128,128,129,129,129,129,129,130,131,131,131,132,132,133,134,134,134,135,136,136,136,137,137,137,137,137,137,138,139,139,139,139,139,139,139,139,139,139,138,137,137,137,137,137,137,137,137,137,137,137,137,136,135,135,135,135,135,135,134,133,133,133,133,131,131,131,131,130,129,129,128,128,127,126,126,126,126,126,124,124,124,124,124,123,122,122,122,121,121,120,120,119,119,118,117,117,116,115,115,114,113,113,113,112,111,111,110,110,109,109,108,108,108,108,107,106,106,106,106,106,106,106,106,106,106,105,105,105,105,104,104,104,104,104,103,104,104,104,104,105,105,106,106,106,106,106,108,108,108,108,109,110,110,110,110,110,111,111,112,112,112,112,113,113,113,113,113,113,113,113,113,113,113,113,113,113,113,113,113,113,111,111,111,111,111,111,110,109,109,109,109,108,107,107,107,107,106,105,105,105,105,104,103,103,103,102,102,101,101,100,100,99,99,98,98,97,97,96,96,95,95,95,95,94,93,93,93,93,91,91,91,91,91,91,90,89,89,89,89,89,89,88,88,88,88,88,88,88,88,88,90,90,90,91,92,92,92,92,93,93,92,92,92,92,92,93,94,94,94,94,96,96,96,97,98,98,100,100,100,102,102,103,104,104,106,106,108,109,109,110,110,109,109,109,108,106,104,103,98,95,91,44,43,42,1,1,1,1,1,1,1,1,1,1,1,1,1,1,1,1,1,1,1,1,1,1,1,1,1,1,1,1,1,1,1,1,1,1,1,1,1,1,1,1,1,1,1,1,1,1,1,1,1,1,1,1,1,1,1,1,1,1,1,1,1
syn_f000075-3-Pre,1,1,1,1,1,1,1,1,1,1,1,1,1,1,1,1,1,1,1,1,1,1,1,1,1,1,1,1,1,1,1,1,1,1,1,1,1,1,1,1,1,1,1,1,1,1,1,1,1,1,1,1,1,1,1,1,1,1,1,1,1,1,1,1,1,1,1,1,1,1,1,1,1,1,1,1,1,1,1,1,1,1,1,1,1,1,1,1,1,1,1,1,1,1,1,1,1,1,1,1,1,1,1,1,1,1,1,12,23,27,31,35,37,40,41,43,46,48,49,51,52,53,54,56,57,58,58,60,60,60,62,62,62,63,63,64,64,64,64,64,64,64,64,63,62,62,63,66,70,71,71,71,71,71,71,70,69,69,69,67,67,67,66,64,63,62,60,58,55,55,55,53,53,53,52,51,50,49,48,46,45,45,45,45,45,45,45,45,45,45,45,45,47,49,50,53,55,59,63,65,69,281,289,488,544,547,552,558,566,587,603,597,589,583,581,582,581,575,563,557,559,558,499,496,492,487,482,411,403,394,386,379,371,363,352,340,308,295,284,257,244,227,206,193,176,168,163,160,158,155,153,152,150,150,149,149,147,147,146,146,145,144,144,143,143,141,141,139,139,137,137,136,135,135,133,133,132,132,131,130,128,128,127,125,124,123,122,121,121,119,119,118,117,116,116,115,114,114,113,112,111,110,108,108,106,105,104,104,104,103,102,102,102,102,100,100,100,100,98,98,98,98,98,97,97,97,97,98,98,98,98,98,99,100,100,100,100,100,100,100,101,101,101,101,102,102,102,102,102,103,104,104,105,107,108,109,111,111,113,115,115,117,117,119,119,120,121,122,122,122,124,124,124,125,125,126,127,127,127,127,127,128,128,129,129,129,129,129,129,129,129,129,129,129,129,129,129,129,129,129,129,129,129,129,129,130,131,131,131,132,132,133,134,134,135,136,136,136,136,137,138,138,138,139,139,139,140,141,141,141,142,143,143,143,143,143,143,143,143,143,143,143,143,143,144,145,145,145,145,145,145,145,145,145,145,145,145,145,145,144,144,144,144,143,143,143,143,143,141,141,141,141,141,141,139,139,139,137,137,137,136,135,135,135,134,133,133,133,131,131,131,130,129,129,129,128,128,127,126,125,125,125,123,123,123,121,121,121,119,119,118,117,117,116,115,115,115,114,114,113,113,113,112,112,112,111,111,111,111,111,111,111,110,110,110,110,110,110,110,110,109,108,108,108,108,108,108,108,108,109,109,109,109,110,110,110,111,111,112,112,112,113,114,114,114,114,116,116,116,117,118,118,118,118,119,120,120,120,120,120,121,121,121,121,121,121,121,121,121,121,121,121,121,121,121,120,120,120,120,119,119,119,118,118,117,117,117,116,116,115,115,114,114,113,113,112,111,111,111,109,109,109,108,107,107,107,105,105,105,104,103,103,103,102,102,101,101,101,100,100,99,99,98,98,97,97,96,96,96,95,95,94,94,94,94,94,94,94,94,93,93,93,93,93,94,94,94,94,95,96,96,96,96,96,96,96,96,96,96,96,96,97,97,97,98,98,98,100,100,100,102,104,104,106,107,108,110,110,111,111,113,113,114,115,116,115,115,115,114,113,113,113,112,111,109,107,103,101,98,96,42,41,1,1,1,1,1,1,1,1,1,1,1,1,1,1,1,1,1,1,1,1,1,1,1,1,1,1,1,1,1,1,1,1,1,1,1,1,1,1,1,1,1,1,1,1,1,1
syn_f000077-2-Pre,1,1,1,1,1,1,1,1,1,1,1,1,1,1,1,1,1,1,1,1,1,1,1,1,1,1,1,1,1,1,1,1,1,1,1,1,1,1,1,1,1,1,1,1,1,1,1,1,1,1,1,1,1,1,1,1,1,1,1,1,1,1,1,1,1,1,1,1,1,1,1,1,1,1,1,1,1,1,1,1,1,1,1,1,1,1,1,1,1,1,1,1,1,1,1,1,1,1,1,1,1,1,1,1,1,1,1,1,1,1,1,1,1,1,1,1,1,10,21,25,29,33,36,38,40,42,44,46,46,48,49,50,52,52,54,54,55,56,56,57,58,58,58,58,58,58,59,58,58,58,58,58,58,58,58,61,64,66,66,66,66,66,66,65,64,64,64,63,62,62,60,58,58,58,54,49,47,46,46,46,45,45,45,45,45,45,45,45,45,45,45,45,45,45,45,45,45,46,45,47,50,53,55,59,63,66,239,251,320,329,342,357,499,506,512,520,530,550,551,548,542,541,549,556,570,589,589,588,587,527,522,516,510,490,479,476,473,469,464,457,452,370,333,321,310,296,277,212,193,176,168,164,161,159,157,155,155,154,153,152,151,151,150,149,148,148,146,145,143,141,140,138,136,135,133,131,130,128,127,126,125,125,123,123,122,121,121,120,120,119,118,118,117,117,116,116,115,115,114,113,112,112,110,110,108,108,106,106,106,105,105,104,103,104,104,104,104,104,104,103,102,102,102,101,100,100,99,98,98,97,96,96,96,94,94,94,94,93,95,95,96,98,100,101,103,105,107,109,111,113,114,116,117,119,120,122,122,124,124,125,126,126,127,128,128,128,128,129,130,130,130,130,130,130,129,129,129,129,129,129,128,128,128,128,129,129,129,129,129,129,130,131,131,131,132,133,133,133,134,135,136,136,137,138,138,138,140,140,140,141,142,142,142,143,144,144,144,144,145,146,146,146,146,146,147,146,146,146,146,146,146,146,146,145,145,145,145,145,145,145,145,145,144,144,143,143,143,143,143,143,143,142,142,142,142,142,140,140,140,140,140,138,138,138,138,138,136,136,136,136,136,136,136,135,135,134,134,134,134,133,133,133,132,132,132,131,131,130,130,129,128,128,127,126,126,124,124,124,123,122,122,122,120,120,120,119,118,118,118,117,117,116,116,116,116,116,115,115,115,115,115,115,115,115,114,114,115,114,114,114,114,114,114,114,114,114,114,114,114,114,114,114,114,115,115,115,115,116,116,116,117,118,118,118,118,120,120,120,120,121,122,122,122,123,124,124,124,124,124,124,124,124,125,125,125,125,125,125,125,125,125,124,124,124,124,124,124,123,123,123,122,122,122,122,121,120,120,120,120,119,118,118,118,118,117,116,116,116,114,114,114,114,113,112,112,112,110,110,110,110,109,108,108,107,107,106,106,105,105,105,104,103,103,103,102,102,101,101,101,100,100,99,99,99,99,98,97,97,97,97,97,97,97,97,97,97,98,98,98,99,99,99,99,99,99,99,100,100,100,100,100,100,101,101,102,103,103,104,105,105,106,106,108,109,110,111,113,113,115,115,116,117,118,118,118,119,120,120,120,120,119,120,119,118,118,117,114,113,108,107,103,101,46,1,1,1,1,1,1,1,1,1,1,1,1,1,1,1,1,1,1,1,1,1,1,1,1,1,1,1,1,1,1,1,1,1,1,1,1,1,1,1,1,1,1,1,1,1,1,1,1,1,1,1,1,1,1,1
syn_f000078-2-Pre,1,1,1,1,1,1,1,1,1,1,1,1,1,1,1,1,1,1,1,1,1,1,1,1,1,1,1,1,1,1,1,1,1,1,1,1,1,1,1,1,1,1,1,1,1,1,1,1,1,1,1,1,1,1,1,1,1,1,1,1,1,1,1,1,1,1,1,1,1,1,1,1,1,1,1,1,1,1,1,1,1,1,1,1,1,1,1,1,1,1,1,1,1,1,1,1,1,1,1,1,1,1,1,1,1,1,1,1,1,1,1,1,1,1,1,1,1,1,1,1,1,1,1,1,1,1,1,1,17,24,28,32,36,39,41,43,45,47,48,50,52,52,54,55,56,58,58,59,60,60,61,62,62,62,62,64,64,64,64,64,64,64,63,63,62,62,63,69,71,71,71,71,71,71,70,70,69,69,68,67,67,66,65,64,62,62,60,55,55,55,55,53,53,53,51,51,49,48,47,46,46,46,46,47,47,47,46,45,46,46,47,49,51,54,58,61,65,68,74,80,83,88,95,107,127,138,147,155,162,168,174,181,261,272,285,311,367,376,385,393,400,408,415,425,437,445,453,460,470,479,485,492,498,506,519,529,540,551,554,560,566,570,579,558,560,560,560,368,364,340,339,146,144,143,142,140,140,138,138,137,136,135,135,134,133,132,132,131,131,130,129,129,129,129,129,128,127,127,127,126,125,125,124,124,123,122,121,121,119,119,117,117,116,114,113,112,110,109,108,108,108,108,108,108,108,108,110,110,110,110,110,111,111,111,111,111,111,111,111,111,110,110,110,109,108,107,107,106,106,106,106,105,106,107,108,109,110,111,113,113,114,114,115,116,116,116,117,118,118,118,118,120,120,121,121,122,122,123,123,123,123,124,124,124,123,123,123,123,123,123,123,122,121,121,121,120,120,120,120,120,120,120,119,119,119,119,119,119,119,119,119,119,120,120,120,120,120,121,122,122,122,122,122,122,122,123,123,123,123,124,124,124,124,124,124,124,124,124,124,124,124,124,124,123,123,123,123,123,123,123,123,123,123,123,123,123,123,122,122,122,122,122,122,122,122,122,122,121,121,121,121,121,120,120,120,120,120,120,120,120,119,119,119,119,118,118,118,117,117,117,116,116,116,115,115,115,114,114,113,113,112,112,112,112,110,110,110,110,109,108,108,108,108,107,107,106,106,105,105,105,104,104,103,103,103,103,102,102,102,102,102,102,102,102,102,102,102,102,102,101,101,101,101,101,101,101,101,102,102,102,102,103,103,104,105,105,105,106,106,107,107,108,108,109,109,110,110,110,111,111,111,112,112,112,112,112,112,112,113,114,113,112,112,112,112,112,112,112,112,112,112,111,110,110,110,109,109,109,108,108,108,107,107,106,106,105,105,104,103,103,103,102,101,101,101,100,99,99,99,97,97,97,96,95,95,95,94,93,93,92,92,91,91,90,89,89,89,88,88,87,87,87,86,86,86,86,86,86,86,86,86,86,86,87,87,87,88,88,89,89,89,89,89,89,89,89,89,90,90,91,91,92,92,92,93,94,94,96,97,98,99,101,101,103,103,104,105,106,108,109,109,109,109,109,108,108,108,106,103,101,98,95,90,41,39,1,1,1,1,1,1,1,1,1,1,1,1,1,1,1,1,1,1,1,1,1,1,1,1,1,1,1,1,1,1,1,1,1,1,1,1,1,1,1,1,1,1,1,1,1,1,1,1,1,1,1,1,1,1,1,1,1,1,1,1,1,1,1
syn_f000086-3-Pre,1,1,1,1,1,1,1,1,1,1,1,1,1,1,1,1,1,1,1,1,1,1,1,1,1,1,1,1,1,1,1,1,1,1,1,1,1,1,1,1,1,1,1,1,1,1,1,1,1,1,1,1,1,1,1,1,1,1,1,1,1,1,1,1,1,1,1,1,1,1,1,1,1,1,1,1,1,1,1,1,1,1,1,1,1,1,1,1,1,1,1,1,1,1,1,1,1,1,1,1,1,1,1,1,1,1,1,1,1,1,1,1,1,1,1,1,1,1,1,1,6,21,25,29,33,37,39,41,43,45,47,48,49,51,52,53,54,56,56,57,58,58,59,60,61,61,61,61,62,62,62,62,62,61,61,61,61,61,61,65,69,69,69,69,69,69,69,69,68,67,67,67,66,65,65,63,62,61,61,55,54,54,53,52,52,52,51,50,50,48,48,46,46,46,45,45,45,45,45,45,46,46,48,52,58,62,66,69,72,75,78,82,117,126,152,174,264,355,368,385,404,418,433,451,461,473,483,488,494,501,509,517,526,546,566,571,581,587,599,598,596,580,574,575,575,552,553,554,482,475,469,379,367,295,198,156,151,150,147,147,145,145,144,144,144,143,143,142,142,141,140,140,139,138,138,137,136,136,134,134,134,132,132,131,130,130,129,127,127,125,124,123,122,120,119,117,115,113,112,112,112,112,112,112,112,112,112,112,112,112,112,112,111,111,111,111,111,109,109,109,109,108,107,107,107,106,105,105,105,105,104,104,103,103,103,103,101,101,101,101,101,103,103,105,105,107,109,110,112,114,116,117,118,120,121,122,124,125,126,126,127,128,129,130,130,130,130,130,130,131,131,131,131,131,131,131,131,131,131,131,131,130,130,130,130,130,129,129,129,130,131,131,131,131,131,131,132,132,132,133,134,134,135,136,136,138,138,138,139,140,140,141,142,142,142,143,143,143,144,144,145,145,145,146,146,147,147,147,147,147,147,147,147,146,146,146,146,146,146,146,146,146,146,146,146,145,145,145,145,145,144,144,144,144,144,143,143,143,142,142,142,141,141,140,140,140,140,139,138,138,136,136,136,134,134,134,134,132,132,132,130,130,130,129,128,128,127,127,126,125,125,123,123,123,121,121,121,119,119,119,118,117,117,116,115,115,114,114,113,113,113,112,112,111,111,111,111,111,111,111,111,111,111,111,111,111,111,111,111,110,109,109,109,109,109,109,109,109,109,109,109,109,109,110,110,111,111,111,112,113,113,114,115,115,115,117,117,117,117,119,119,119,119,120,121,121,121,121,121,122,122,123,123,123,123,123,123,123,123,123,123,123,123,122,122,122,122,122,122,122,122,121,120,120,120,119,118,118,118,118,117,116,116,115,115,114,114,113,112,112,111,110,110,109,108,108,108,106,106,106,105,104,104,104,102,102,102,102,101,100,100,100,99,98,98,98,97,97,96,96,96,96,95,94,94,94,94,94,94,94,93,93,93,93,93,94,95,95,96,96,96,97,97,97,98,98,98,98,98,98,98,98,100,100,100,102,102,103,103,104,105,107,107,109,109,111,113,113,114,115,115,117,117,118,118,118,118,118,117,117,117,117,116,113,109,107,102,97,46,1,1,1,1,1,1,1,1,1,1,1,1,1,1,1,1,1,1,1,1,1,1,1,1,1,1,1,1,1,1,1,1,1,1,1,1,1,1,1,1,1,1,1,1,1,1,1,1,1,1,1,1,1,1,1,1,1,1,1
syn_f000088-3-Pre,1,1,1,1,1,1,1,1,1,1,1,1,1,1,1,1,1,1,1,1,1,1,1,1,1,1,1,1,1,1,1,1,1,1,1,1,1,1,1,1,1,1,1,1,1,1,1,1,1,1,1,1,1,1,1,1,1,1,1,1,1,1,1,1,1,1,1,1,1,1,1,1,1,1,1,1,1,1,1,1,1,1,1,1,1,1,1,1,1,1,1,1,1,1,1,1,1,1,1,1,1,1,1,1,1,1,1,1,1,1,1,1,1,1,1,1,1,1,1,1,1,1,1,1,1,1,1,1,1,1,1,1,1,1,1,1,1,1,1,1,1,18,23,27,31,35,37,39,41,43,45,47,48,49,50,52,52,54,54,56,56,56,58,58,58,58,58,58,58,58,58,58,58,58,58,58,58,60,65,66,66,66,66,66,65,64,64,64,62,62,62,60,59,58,57,55,52,50,49,48,48,48,47,47,46,45,44,43,42,42,42,42,42,41,41,41,41,40,41,43,45,48,53,57,61,66,72,78,84,95,132,152,161,258,266,274,353,373,390,401,411,420,432,445,455,463,479,494,507,511,516,521,525,534,538,532,530,532,533,532,531,528,429,424,405,397,390,378,261,226,207,190,161,153,149,146,145,144,142,141,141,140,140,139,138,138,137,136,135,133,133,132,131,131,131,130,129,129,129,127,127,126,125,124,123,121,121,120,118,118,116,115,113,112,111,109,107,106,106,106,106,104,104,104,105,105,105,106,106,106,106,106,106,106,104,104,104,104,104,103,102,102,102,102,101,101,101,101,101,101,101,101,102,102,102,102,104,104,105,105,105,107,107,107,108,109,110,110,112,114,114,116,117,118,118,120,121,122,122,124,124,125,126,126,127,127,128,128,129,129,129,129,129,129,129,129,129,129,129,129,129,129,129,129,129,128,128,128,128,127,127,127,126,126,125,125,125,126,126,127,127,127,127,128,129,129,129,129,130,130,130,131,131,131,131,132,132,133,133,133,133,133,133,133,134,134,134,134,134,134,134,134,134,134,134,134,134,134,134,134,134,133,133,133,133,133,133,132,132,132,132,132,132,131,131,131,131,131,131,130,130,130,129,129,129,127,127,127,127,126,125,124,124,123,122,122,120,120,119,118,117,115,115,113,113,111,111,110,109,109,108,107,107,105,105,105,104,104,103,103,102,102,102,102,102,102,102,102,101,101,101,101,100,100,100,100,100,99,100,99,99,99,99,100,100,100,100,100,101,102,102,102,104,104,104,105,106,106,106,107,108,108,109,109,109,109,111,111,111,111,111,111,111,111,111,111,111,111,111,111,110,109,109,109,109,109,108,107,107,106,106,105,105,105,104,103,103,102,101,101,100,99,99,97,97,97,95,95,95,93,93,93,93,91,91,91,91,89,89,89,89,88,87,87,87,86,86,86,85,85,85,85,84,84,84,84,84,84,84,84,84,85,86,86,86,86,87,87,87,88,88,88,88,89,89,89,89,89,89,90,90,91,91,92,92,93,94,95,96,97,98,99,100,101,102,103,104,106,106,107,106,106,106,105,104,100,96,94,90,86,35,1,1,1,1,1,1,1,1,1,1,1,1,1,1,1,1,1,1,1,1,1,1,1,1,1,1,1,1,1,1,1,1,1,1,1,1,1,1,1,1,1,1,1,1,1,1,1,1,1,1,1,1,1,1,1,1,1,1,1,1,1,1,1,1,1,1,1,1,1,1,1,1,1,1,1,1,1
syn_f000090-1-Pre,1,1,1,1,1,1,1,1,1,1,1,1,1,1,1,1,1,1,1,1,1,1,1,1,1,1,1,1,1,1,1,1,1,1,1,1,1,1,1,1,1,1,1,1,1,1,1,1,1,1,1,1,1,1,1,1,1,1,1,1,1,1,1,1,1,1,1,1,1,1,1,1,1,1,1,1,1,1,1,1,1,1,1,1,1,1,1,1,1,1,1,1,1,1,1,1,1,1,1,1,1,1,1,1,1,1,1,1,1,1,1,1,1,1,18,24,28,32,35,38,40,41,43,45,47,48,50,50,52,54,54,56,56,57,58,58,59,60,60,60,61,61,62,62,62,62,62,62,62,61,61,61,61,61,66,69,69,70,70,69,69,69,69,68,67,67,66,66,65,64,63,61,61,59,54,53,51,50,50,50,50,48,48,47,47,47,47,47,47,46,46,46,46,46,46,46,46,46,47,48,50,54,58,62,67,75,82,87,97,105,118,140,151,164,175,183,195,290,305,369,382,409,425,434,443,452,462,474,486,503,521,537,540,542,546,549,553,555,542,546,558,564,575,575,574,497,490,483,476,447,439,384,379,371,253,162,156,152,149,148,146,145,143,142,142,140,139,138,137,135,134,133,132,131,130,130,129,129,128,129,129,129,129,129,129,128,128,127,127,127,127,127,126,126,125,125,124,124,122,122,121,120,118,117,116,114,112,110,108,106,106,106,106,107,108,108,108,108,108,108,108,108,108,108,108,108,108,108,108,108,107,107,107,106,106,106,106,106,106,106,106,106,107,107,108,108,110,111,112,113,115,115,117,117,119,121,121,123,125,125,127,127,129,129,131,131,133,133,134,135,135,136,137,137,138,139,139,139,139,140,140,141,141,141,141,141,141,141,141,140,140,140,140,139,139,139,139,139,139,139,138,138,138,138,138,138,138,138,138,138,139,139,139,140,140,140,140,141,141,141,142,142,143,143,143,143,143,143,143,143,143,143,143,144,144,144,144,144,143,143,142,142,142,142,141,141,141,141,140,140,139,139,139,139,138,137,137,137,137,137,136,135,135,135,135,134,134,134,133,133,132,132,132,132,131,131,130,129,129,128,127,127,127,126,125,125,125,124,123,123,122,122,121,121,120,120,119,119,118,118,118,117,116,116,116,116,116,115,114,114,114,114,114,114,113,112,112,112,112,112,112,112,112,112,112,112,112,112,112,112,111,111,111,111,111,111,111,111,110,110,110,110,110,110,110,110,110,110,110,110,110,110,110,110,110,110,110,112,112,112,112,112,112,113,114,114,114,114,114,114,115,115,116,116,116,116,116,116,116,116,116,116,116,116,116,115,115,114,114,114,114,114,114,114,114,113,112,112,112,112,111,110,110,110,110,110,109,108,108,108,108,107,106,106,106,106,105,104,104,104,104,102,102,102,102,102,100,100,100,100,99,98,98,98,98,97,96,96,96,96,95,95,94,94,94,93,93,92,92,92,92,92,92,92,91,91,91,91,91,92,92,93,93,93,93,94,94,93,93,93,93,93,92,92,92,92,93,94,94,94,94,95,95,96,98,98,100,100,102,103,104,105,106,107,108,109,110,111,112,112,112,111,111,110,110,108,106,106,104,99,95,46,43,41,1,1,1,1,1,1,1,1,1,1,1,1,1,1,1,1,1,1,1,1,1,1,1,1,1,1,1,1,1,1,1,1,1,1,1,1,1,1,1,1,1,1,1,1,1,1,1,1,1,1,1,1,1,1
syn_f000101-0-Pre,1,1,1,1,1,1,1,1,1,1,1,1,1,1,1,1,1,1,1,1,1,1,1,1,1,1,1,1,1,1,1,1,1,1,1,1,1,1,1,1,1,1,1,1,1,1,1,1,1,1,1,1,1,1,1,1,1,1,1,1,1,1,1,1,1,1,1,1,1,1,1,1,1,1,1,1,1,1,1,1,1,1,1,1,1,1,1,1,1,1,1,1,1,1,1,1,1,1,1,1,1,1,18,25,29,33,37,39,41,43,45,47,49,50,51,52,54,54,56,58,58,58,60,60,60,62,62,62,62,62,63,63,62,63,62,62,62,62,62,62,62,62,68,70,70,70,70,70,69,69,69,68,67,67,66,65,65,63,62,61,60,59,53,53,53,53,51,51,51,51,50,49,49,47,47,45,45,43,43,43,43,43,43,43,43,43,43,43,43,43,43,43,46,49,55,58,84,90,95,113,268,323,336,356,381,409,412,416,420,425,432,439,444,486,483,489,496,501,506,512,520,527,459,462,462,463,461,460,459,459,464,442,449,444,437,429,417,407,400,376,373,373,157,153,152,150,148,147,146,144,143,141,140,138,137,135,133,130,128,125,123,121,121,119,117,117,115,115,113,113,111,111,110,110,110,109,108,108,108,107,107,107,106,105,105,105,105,104,103,103,102,102,103,103,103,103,103,102,102,102,102,102,102,102,102,102,102,102,102,102,102,102,102,102,102,102,102,102,103,103,103,103,104,105,105,105,106,106,106,106,108,108,109,109,110,110,111,112,112,112,112,114,114,114,114,114,116,116,116,116,116,117,118,118,119,120,120,121,121,123,123,123,125,125,126,127,127,128,129,129,130,131,131,132,133,133,135,135,135,137,137,137,139,139,139,140,141,141,142,142,143,143,143,144,144,145,145,145,145,147,147,147,147,148,149,149,149,149,149,149,149,149,149,149,149,148,148,148,148,148,148,148,148,147,147,146,146,146,146,145,145,145,145,144,144,143,143,143,143,143,141,141,141,141,141,140,139,139,139,139,137,137,137,136,136,135,135,134,134,133,132,132,132,130,130,130,129,128,128,127,126,126,126,125,124,124,124,124,122,122,122,121,120,120,120,120,118,118,118,118,116,116,116,116,116,114,114,114,114,113,113,112,112,112,111,111,110,110,110,110,110,109,109,109,109,109,109,109,109,109,109,109,109,109,109,109,109,109,108,108,108,107,107,107,106,106,107,106,106,106,107,107,107,107,107,107,107,107,107,107,107,107,107,108,108,108,108,109,109,109,109,109,110,110,111,111,111,111,111,111,111,111,111,111,111,111,111,111,111,111,111,111,111,111,111,111,111,111,111,111,110,109,109,109,109,109,109,109,109,109,109,108,107,107,107,107,107,107,107,107,106,106,105,105,105,105,105,104,104,104,104,104,104,103,103,102,102,102,102,102,102,101,101,100,100,100,100,100,99,99,98,98,98,98,98,97,96,96,96,96,96,94,94,94,94,94,94,94,94,93,93,93,93,93,93,93,93,93,95,95,95,95,96,96,96,96,96,96,96,96,96,96,96,96,98,98,98,100,100,101,102,103,104,104,106,106,107,109,111,112,113,114,115,116,117,118,119,120,121,121,121,120,120,120,120,119,119,118,117,115,110,109,106,103,98,48,1,1,1,1,1,1,1,1,1,1,1,1,1,1,1,1,1,1,1,1,1,1,1,1,1,1,1,1,1,1,1,1,1,1,1,1,1,1,1,1,1,1
syn_f000115-1-Pre,1,1,1,1,1,1,1,1,1,1,1,1,1,1,1,1,1,1,1,1,1,1,1,1,1,1,1,1,1,1,1,1,1,1,1,1,1,1,1,1,1,1,1,1,1,1,1,1,1,1,1,1,1,1,1,1,1,1,1,1,1,1,1,1,1,1,1,1,1,1,1,1,1,1,1,1,1,1,1,1,1,1,1,1,1,1,1,1,1,1,1,1,1,1,1,1,1,1,1,1,1,1,1,1,1,1,1,1,1,1,1,1,1,1,1,1,1,1,1,1,1,1,1,1,5,18,23,27,31,35,37,39,41,43,45,45,47,48,49,51,51,53,53,54,55,55,56,57,57,57,57,57,57,57,57,57,57,57,57,57,57,57,61,63,64,64,64,64,63,62,62,62,60,60,60,58,58,56,55,54,49,48,48,48,47,47,46,45,44,43,41,41,41,40,40,40,39,39,39,39,39,39,39,39,39,39,40,41,43,47,50,53,57,63,96,109,120,131,139,148,155,163,172,217,254,269,287,305,347,367,394,402,412,421,430,439,448,467,489,496,501,507,513,517,519,507,506,512,517,521,524,443,442,357,360,364,362,360,359,358,137,135,134,132,132,130,128,127,125,124,121,118,116,113,111,109,108,106,105,103,103,102,100,100,99,98,98,98,97,96,96,95,95,94,93,92,91,91,90,89,89,88,88,88,88,88,87,87,87,87,86,86,86,86,85,84,84,84,83,83,83,83,83,82,81,81,81,81,81,81,82,83,83,83,83,84,84,84,86,86,86,86,86,86,86,86,88,88,89,91,92,93,95,97,99,101,103,104,105,106,107,107,109,109,109,111,111,111,112,113,113,113,115,115,115,115,117,117,117,117,118,118,119,119,120,120,120,120,121,122,122,122,123,123,124,124,125,125,125,125,126,127,127,128,129,129,130,130,131,132,132,133,133,133,134,134,134,134,135,136,136,136,136,136,136,136,136,136,136,136,136,136,135,134,134,134,134,134,134,134,134,133,133,132,132,132,132,131,131,131,131,130,130,129,129,129,129,128,127,127,127,127,126,125,125,125,123,123,122,122,121,120,120,119,118,118,118,117,116,116,115,115,115,114,113,113,113,112,112,111,110,110,110,110,108,108,108,108,108,107,106,106,106,106,105,105,104,104,103,103,103,103,103,102,102,102,102,101,101,101,101,101,101,101,101,100,100,100,100,100,99,99,98,98,98,98,98,98,98,98,98,98,98,98,98,98,99,99,99,100,100,100,100,100,100,102,102,102,102,102,102,103,104,104,104,104,104,104,104,106,106,106,106,106,106,106,106,106,106,106,106,106,106,106,106,105,105,105,104,104,104,104,104,104,104,103,102,102,102,102,102,102,101,101,100,100,100,100,100,99,99,98,98,98,98,97,97,96,96,96,96,95,95,94,94,94,93,93,92,92,91,91,91,90,90,89,89,88,88,87,87,86,86,86,86,86,86,86,85,85,85,85,86,86,86,87,87,86,86,86,86,86,86,86,86,86,87,87,89,89,89,90,91,91,92,93,94,95,96,98,98,99,100,101,101,101,103,103,104,103,103,103,102,102,102,102,100,99,96,92,89,40,38,1,1,1,1,1,1,1,1,1,1,1,1,1,1,1,1,1,1,1,1,1,1,1,1,1,1,1,1,1,1,1,1,1,1,1,1,1,1,1,1,1,1,1,1,1,1,1,1,1,1,1,1,1,1,1,1,1,1,1,1,1,1,1,1,1
syn_f000118-1-Pre,1,1,1,1,1,1,1,1,1,1,1,1,1,1,1,1,1,1,1,1,1,1,1,1,1,1,1,1,1,1,1,1,1,1,1,1,1,1,1,1,1,1,1,1,1,1,1,1,1,1,1,1,1,1,1,1,1,1,1,1,1,1,1,1,1,1,1,1,1,1,1,1,1,1,1,1,1,1,1,1,1,1,1,1,1,1,1,1,1,1,1,1,1,1,1,1,1,1,1,1,1,1,1,1,1,1,1,1,1,20,24,28,32,36,38,40,42,44,46,48,50,50,52,52,54,55,56,57,58,58,59,60,60,61,62,62,62,62,62,62,62,62,62,62,62,62,62,61,61,63,68,70,70,70,70,70,70,70,68,68,68,66,66,66,64,64,62,61,60,59,55,50,50,50,48,48,48,46,46,45,45,45,44,44,44,44,44,44,45,45,45,44,44,44,44,44,45,45,46,47,48,50,53,57,60,64,66,70,73,77,82,86,92,99,276,312,324,333,344,358,371,412,471,480,488,494,498,501,504,501,494,498,506,510,513,517,520,523,467,468,467,467,471,475,476,481,476,467,462,457,452,437,408,405,400,395,389,269,249,214,159,156,153,150,149,148,147,146,145,144,143,142,141,139,138,137,136,135,134,133,133,132,131,131,131,131,131,131,131,130,130,130,129,129,129,128,128,127,126,126,126,124,124,124,122,122,121,120,119,118,117,116,114,114,112,112,112,112,112,112,112,111,111,111,111,111,111,111,109,109,109,109,109,109,109,108,107,107,107,107,107,107,107,107,107,107,107,107,109,109,110,111,111,113,113,115,115,117,118,119,120,122,123,124,126,126,128,129,130,131,132,133,133,135,135,135,136,136,136,137,138,138,138,138,138,138,138,138,138,138,138,138,138,138,138,138,138,138,138,138,138,138,138,138,138,138,138,138,139,139,139,139,140,140,140,141,141,141,142,142,143,143,144,144,145,145,145,146,147,147,147,147,147,148,148,148,149,149,149,149,149,149,149,149,149,149,149,149,149,149,148,148,148,148,148,147,147,147,147,147,146,145,145,145,145,145,145,143,143,143,143,143,143,142,141,141,141,141,141,139,139,139,138,137,136,135,135,134,133,133,132,131,131,130,129,129,129,129,128,127,127,127,126,126,125,125,125,124,124,123,123,122,122,122,121,121,120,120,119,118,118,118,117,116,116,116,116,116,115,114,114,114,114,114,114,114,114,113,113,113,113,113,112,112,112,112,112,112,112,112,112,112,112,112,112,112,113,113,113,114,114,115,115,115,117,117,117,117,117,117,119,119,119,119,119,120,121,121,121,121,121,121,121,121,121,121,122,122,122,122,122,121,121,121,121,121,121,121,121,120,120,119,119,119,119,118,117,117,117,117,116,115,115,115,115,114,113,113,113,112,111,111,111,110,110,109,109,109,108,107,107,107,106,105,105,104,104,103,103,102,102,102,101,100,100,100,99,98,98,98,98,97,96,96,96,96,96,95,95,95,94,94,94,94,94,94,94,94,95,95,95,95,95,95,96,96,96,97,97,97,97,99,99,99,100,101,101,103,103,104,105,106,107,107,109,109,111,111,112,113,114,115,115,115,115,115,115,115,113,112,110,109,107,105,102,100,96,47,46,1,1,1,1,1,1,1,1,1,1,1,1,1,1,1,1,1,1,1,1,1,1,1,1,1,1,1,1,1,1,1,1,1,1,1,1,1,1,1,1,1,1,1,1,1,1,1,1,1
syn_f000138-3-Pre,1,1,1,1,1,1,1,1,1,1,1,1,1,1,1,1,1,1,1,1,1,1,1,1,1,1,1,1,1,1,1,1,1,1,1,1,1,1,1,1,1,1,1,1,1,1,1,1,1,1,1,1,1,1,1,1,1,1,1,1,1,1,1,1,1,1,1,1,1,1,1,1,1,1,1,1,1,1,1,1,1,1,1,1,1,1,1,1,1,1,1,1,1,1,1,1,1,1,1,1,1,1,1,1,1,1,1,1,1,1,1,1,1,1,1,1,1,1,1,1,1,1,1,1,1,1,1,1,1,1,1,1,1,1,1,1,1,1,1,1,1,1,1,1,1,1,1,1,1,1,1,1,1,1,1,1,1,1,1,8,20,24,28,32,35,37,39,41,43,45,46,47,49,49,51,51,53,53,55,55,55,57,57,57,57,57,57,57,57,57,57,57,57,57,57,57,61,64,64,64,64,64,63,63,63,62,61,61,60,59,58,57,55,55,51,48,47,46,46,45,44,44,42,42,42,42,42,41,40,40,40,40,40,39,39,39,39,38,39,39,42,44,46,49,51,54,62,198,352,365,381,396,405,413,423,437,473,503,504,502,502,501,498,485,465,461,465,466,466,464,462,356,348,338,327,314,302,292,212,199,184,169,159,150,141,135,131,128,127,126,125,124,124,123,123,122,122,121,120,119,117,117,115,115,114,114,113,112,111,110,109,108,107,106,104,104,102,100,100,98,96,96,94,93,92,91,91,89,89,87,87,85,85,83,83,81,81,81,81,81,81,81,80,80,80,79,79,79,79,79,77,76,75,74,73,72,71,70,70,68,68,68,68,67,68,69,69,71,72,74,75,77,77,79,79,81,82,83,85,85,87,88,89,90,92,92,94,94,96,96,97,98,98,99,99,100,101,102,102,102,103,103,104,104,104,104,104,105,105,105,106,106,106,106,106,107,108,108,108,109,110,110,111,112,113,114,114,115,116,116,116,118,118,118,118,120,120,120,121,122,122,122,123,123,123,123,123,123,123,123,123,123,123,124,124,125,124,124,124,124,124,124,124,123,123,123,123,123,123,123,123,123,123,123,122,122,122,122,121,121,119,119,117,117,116,115,115,113,113,113,112,111,110,110,109,108,107,107,106,105,105,104,103,102,101,101,100,99,98,98,97,97,96,96,96,95,95,95,95,94,94,94,94,94,94,94,94,94,94,93,93,93,93,94,94,94,95,95,96,96,97,97,98,98,99,100,100,100,102,102,102,103,104,104,104,105,106,106,106,106,107,107,108,108,108,108,108,108,108,108,108,108,108,107,107,107,107,106,106,105,105,105,104,104,103,103,102,102,101,100,99,99,98,97,97,96,95,94,94,93,92,92,91,90,90,90,88,88,88,86,86,86,84,84,84,83,82,81,81,81,80,79,79,79,79,79,79,80,80,80,82,82,82,82,82,82,82,82,82,82,81,81,83,83,83,85,85,86,87,89,90,92,93,93,95,95,96,97,98,99,98,98,97,97,98,97,96,93,89,87,83,38,1,1,1,1,1,1,1,1,1,1,1,1,1,1,1,1,1,1,1,1,1,1,1,1,1,1,1,1,1,1,1,1,1,1,1,1,1,1,1,1,1,1,1,1,1,1,1,1,1,1,1,1,1,1,1,1,1,1,1,1,1,1,1,1,1,1,1,1,1,1,1,1,1,1,1,1,1,1,1,1,1,1,1,1,1,1,1,1,1,1,1,1,1,1,1,1
syn_f000143-1-Pre,1,1,1,1,1,1,1,1,1,1,1,1,1,1,1,1,1,1,1,1,1,1,1,1,1,1,1,1,1,1,1,1,1,1,1,1,1,1,1,1,1,1,1,1,1,1,1,1,1,1,1,1,1,1,1,1,1,1,1,1,1,1,1,1,1,1,1,1,1,1,1,1,1,1,1,1,1,1,1,1,1,1,1,1,1,1,1,1,1,1,1,1,1,1,1,1,1,1,1,1,1,1,1,1,1,1,1,1,1,1,1,1,1,1,1,1,1,1,1,1,1,1,1,1,1,1,8,20,25,29,33,36,38,41,43,44,46,48,50,50,52,52,54,56,56,56,58,58,58,60,60,60,60,61,61,61,61,61,61,61,61,60,60,60,60,62,67,68,68,68,68,68,67,67,66,66,65,64,64,63,62,60,59,58,58,54,50,49,49,49,48,48,47,47,46,45,45,43,42,42,42,42,42,43,43,43,43,43,43,43,44,46,48,50,53,56,61,68,73,89,105,123,139,155,166,177,189,273,365,379,392,411,431,452,463,473,482,493,505,516,535,557,572,588,589,589,588,586,580,561,549,542,545,545,545,464,457,361,349,335,263,171,161,156,151,148,145,144,142,141,140,139,137,137,135,134,132,131,129,127,126,125,124,122,122,121,121,120,120,120,120,119,118,118,118,118,117,116,116,115,115,113,113,111,110,109,108,106,105,103,102,101,101,101,100,100,101,102,103,103,104,104,104,104,104,104,104,104,104,104,103,103,103,102,102,102,102,102,102,102,102,102,102,102,102,102,103,103,102,102,102,102,102,102,102,102,103,104,105,107,107,109,110,111,113,114,116,117,119,120,121,122,123,124,125,126,126,127,128,128,129,129,129,129,129,129,129,129,129,129,129,129,129,130,130,130,130,130,130,130,131,131,131,131,132,133,133,133,133,134,135,135,135,135,136,137,137,137,137,138,139,139,138,139,139,139,139,139,139,139,139,140,140,140,139,139,138,138,138,138,137,137,137,137,136,136,136,136,136,135,135,134,134,134,133,133,133,132,132,132,131,131,131,130,130,130,129,128,128,128,128,126,126,126,126,124,124,124,124,122,122,122,121,120,120,119,118,118,117,116,116,115,115,114,114,113,113,112,112,111,111,111,111,110,109,109,109,108,108,107,107,107,106,106,106,106,105,105,105,105,105,105,105,105,105,105,105,105,105,104,104,104,104,104,104,104,104,104,104,104,104,104,104,104,104,104,104,104,105,105,105,105,105,105,106,106,107,107,107,107,108,108,108,109,109,109,109,109,109,109,109,109,109,109,109,109,109,109,109,109,109,109,109,109,109,108,108,108,108,107,107,107,107,106,106,105,105,105,105,105,103,103,103,103,102,101,101,101,100,99,99,99,99,98,97,97,97,97,95,95,95,95,94,93,93,93,93,92,92,91,91,90,90,90,90,89,89,89,89,88,88,88,88,88,89,89,89,88,89,89,89,89,89,90,90,90,90,91,91,91,91,91,91,91,91,91,92,93,93,93,94,95,95,96,97,97,98,99,100,100,101,102,103,103,105,105,106,107,107,107,107,107,106,106,105,103,99,97,96,93,90,85,83,36,34,1,1,1,1,1,1,1,1,1,1,1,1,1,1,1,1,1,1,1,1,1,1,1,1,1,1,1,1,1,1,1,1,1,1,1,1,1,1,1,1,1,1,1,1,1,1,1,1,1,1,1,1,1,1,1,1,1,1,1,1,1,1,1
syn_f000153-0-Pre,1,1,1,1,1,1,1,1,1,1,1,1,1,1,1,1,1,1,1,1,1,1,1,1,1,1,1,1,1,1,1,1,1,1,1,1,1,1,1,1,1,1,1,1,1,1,1,1,1,1,1,1,1,1,1,1,1,1,1,1,1,1,1,1,1,1,1,1,1,1,1,1,1,1,1,1,1,1,1,1,1,1,1,1,1,1,1,1,1,1,1,1,1,1,1,1,1,1,1,1,1,1,1,1,1,1,1,1,1,1,1,1,1,1,1,1,1,1,1,1,1,1,1,8,21,25,29,33,36,39,41,43,45,47,49,49,51,53,53,55,55,57,57,58,59,59,60,61,61,61,61,61,61,61,61,61,61,61,61,61,61,62,67,69,69,69,69,69,68,68,67,67,66,66,65,65,64,63,61,61,60,56,54,54,53,53,52,52,52,51,50,49,48,47,45,44,43,43,43,43,42,42,42,42,42,43,44,45,47,51,54,58,62,269,276,285,297,336,346,362,366,371,375,376,373,371,439,447,454,461,465,470,479,502,436,436,435,436,437,440,441,443,445,445,437,430,423,418,412,406,399,370,363,357,352,349,255,193,152,148,144,142,141,139,137,136,135,133,132,130,129,128,127,125,124,123,122,122,122,122,121,121,120,120,120,120,120,120,119,119,119,119,118,118,117,117,117,117,116,116,114,113,113,112,111,111,110,110,110,109,108,108,108,108,107,106,106,106,106,106,105,105,105,105,105,105,105,105,105,105,105,105,105,106,107,107,107,107,107,106,106,106,106,106,106,107,107,108,109,109,111,111,113,113,115,115,116,118,118,119,120,121,121,122,122,123,124,124,124,125,125,126,126,126,126,126,126,127,127,127,127,127,127,127,128,128,128,128,128,128,128,128,128,128,128,128,128,128,128,128,128,128,128,129,129,130,130,130,130,130,130,130,130,130,130,130,130,130,129,130,129,129,129,129,129,129,128,128,128,127,127,127,126,126,126,126,125,125,125,125,124,124,123,123,123,122,122,121,121,121,121,120,119,119,119,118,117,117,117,116,116,115,115,114,113,113,113,113,112,111,111,111,111,110,109,109,109,109,109,108,108,107,107,107,107,106,106,105,104,104,104,103,102,102,102,102,102,101,101,101,101,100,100,100,100,99,99,99,99,99,99,99,99,99,99,99,99,99,99,99,99,99,99,99,101,101,100,99,99,99,99,99,99,99,99,99,99,99,99,99,99,99,99,99,99,99,100,100,100,101,101,101,102,102,103,103,103,103,103,104,105,105,105,105,105,105,105,105,105,106,106,106,106,106,106,106,106,106,106,106,105,105,105,105,105,105,104,104,104,104,104,104,104,103,103,102,102,102,102,102,102,101,101,100,100,100,100,100,100,99,99,98,98,98,98,97,97,96,96,96,96,96,95,94,94,94,94,93,92,92,92,91,90,90,90,90,88,88,88,88,87,86,86,86,86,86,86,86,86,86,86,87,87,87,87,87,87,87,87,87,87,87,87,88,88,88,88,88,90,90,91,91,92,92,93,94,94,95,97,97,99,101,101,103,104,105,107,107,109,109,111,111,110,110,110,110,109,108,106,104,102,101,97,46,45,43,1,1,1,1,1,1,1,1,1,1,1,1,1,1,1,1,1,1,1,1,1,1,1,1,1,1,1,1,1,1,1,1,1,1,1,1,1,1,1,1,1,1,1,1,1,1,1,1,1,1,1,1,1,1,1,1,1,1,1,1,1,1
syn_f000157-0-Pre,1,1,1,1,1,1,1,1,1,1,1,1,1,1,1,1,1,1,1,1,1,1,1,1,1,1,1,1,1,1,1,1,1,1,1,1,1,1,1,1,1,1,1,1,1,1,1,1,1,1,1,1,1,1,1,1,1,1,1,1,1,1,1,1,1,1,1,1,1,1,1,1,1,1,1,1,1,1,1,1,1,1,1,1,1,1,1,1,1,1,1,1,1,1,1,1,1,1,1,1,1,1,1,1,1,1,1,1,1,1,1,1,1,1,1,1,1,1,1,1,1,1,1,1,1,1,1,1,1,1,1,1,16,24,28,32,35,38,40,43,44,46,48,50,51,52,54,55,56,57,59,59,60,61,61,62,63,63,63,63,63,64,64,63,63,63,63,63,63,63,63,65,70,72,73,73,73,72,72,71,71,71,70,69,69,68,68,66,66,64,64,61,59,56,55,54,54,54,54,52,52,52,52,52,51,51,50,50,49,49,49,48,47,47,47,48,48,48,49,50,55,61,66,71,75,81,219,232,276,306,321,330,340,361,382,407,423,461,465,470,474,478,482,486,492,485,483,489,493,496,499,503,505,449,450,451,450,450,456,455,462,457,447,442,438,432,423,395,392,387,382,378,261,243,221,210,150,146,141,138,136,135,133,132,130,129,128,127,127,128,128,128,128,128,128,128,128,128,128,128,128,128,128,126,126,126,126,126,124,124,124,122,122,120,118,116,115,115,114,114,113,113,113,113,114,114,115,116,116,116,116,116,116,117,118,119,119,121,122,123,124,125,126,127,128,128,128,129,129,129,129,129,129,129,129,129,129,131,131,133,133,134,135,136,136,136,136,138,138,138,139,139,140,140,140,140,140,141,142,142,142,142,142,143,144,144,144,145,146,146,146,146,146,146,146,146,146,145,145,145,145,145,145,145,145,146,146,147,146,147,147,148,148,148,148,148,148,148,148,148,148,149,149,149,149,149,149,149,148,148,148,148,148,148,148,148,148,147,147,146,146,146,146,145,145,144,144,144,144,143,142,142,142,142,142,140,140,140,140,140,139,138,138,138,138,138,138,138,138,137,137,137,137,137,136,136,136,135,135,135,134,133,133,132,132,131,130,130,130,129,128,128,128,127,126,126,126,126,124,124,124,124,124,122,122,122,122,122,122,120,120,120,120,120,120,119,119,119,119,118,118,118,117,117,117,117,117,117,117,116,116,116,116,116,116,115,115,115,115,115,115,114,114,114,114,114,114,114,114,115,115,115,115,115,115,115,115,115,115,115,114,114,114,114,114,114,114,114,114,114,114,114,113,113,113,113,113,113,113,113,112,112,112,112,112,111,111,111,111,110,110,110,109,109,109,109,108,108,108,107,107,106,106,106,105,105,105,104,104,103,103,103,103,103,101,101,101,101,101,101,100,100,99,99,99,99,99,98,97,97,97,97,97,96,95,95,95,94,93,93,93,93,93,93,93,93,94,94,95,96,96,97,98,98,98,98,98,98,97,97,97,98,98,99,99,99,101,101,102,103,105,106,108,110,110,112,113,114,116,116,117,118,118,118,118,118,118,117,116,113,111,110,106,101,46,44,42,41,1,1,1,1,1,1,1,1,1,1,1,1,1,1,1,1,1,1,1,1,1,1,1,1,1,1,1,1,1,1,1,1,1,1,1,1,1,1,1,1,1,1,1,1,1,1,1,1,1,1,1,1,1,1,1,1,1,1,1,1,1,1,1,1,1,1,1,1,1,1
syn_f000164-3-Pre,1,1,1,1,1,1,1,1,1,1,1,1,1,1,1,1,1,1,1,1,1,1,1,1,1,1,1,1,1,1,1,1,1,1,1,1,1,1,1,1,1,1,1,1,1,1,1,1,1,1,1,1,1,1,1,1,1,1,1,1,1,1,1,1,1,1,1,1,1,1,1,1,1,1,1,1,1,1,1,1,1,1,1,1,1,1,1,1,1,1,1,1,1,1,1,1,1,1,1,1,1,1,1,1,1,1,1,1,1,1,1,1,1,1,1,1,1,1,1,1,1,1,1,5,20,25,29,32,36,38,41,43,45,47,49,50,51,53,54,55,57,57,58,59,59,60,61,61,62,62,62,62,63,63,63,62,62,62,62,62,61,61,62,68,70,70,70,70,70,70,68,68,68,68,66,66,66,64,63,62,60,60,57,53,52,52,52,51,51,50,49,48,47,46,44,43,43,44,44,44,44,44,44,45,45,45,46,47,48,51,56,61,65,70,74,78,83,88,130,141,176,185,198,223,244,352,367,379,389,398,407,416,426,437,448,459,468,475,479,485,492,499,507,516,524,533,553,567,592,595,595,594,594,593,590,567,546,549,549,549,400,234,208,181,158,152,150,148,148,147,147,146,145,145,145,144,144,144,142,142,141,141,140,139,139,138,137,137,136,136,134,134,132,132,131,130,129,128,126,126,124,123,122,121,120,119,117,116,116,116,115,115,114,114,114,114,114,114,113,113,113,112,112,112,112,112,111,111,111,111,111,111,112,112,112,112,112,112,113,113,113,113,112,111,111,110,109,109,108,107,106,106,105,106,107,108,109,111,113,115,116,117,119,121,122,123,124,126,126,127,128,128,129,130,130,130,130,130,131,131,131,131,131,131,131,131,131,131,131,131,131,131,131,131,131,131,131,131,131,131,131,132,132,132,132,132,132,133,134,134,134,134,136,136,136,136,138,138,138,139,140,140,140,141,141,142,142,142,143,143,143,144,144,145,145,145,145,145,145,147,147,147,147,147,147,147,147,147,147,147,148,148,148,148,148,148,148,148,148,148,148,148,148,148,148,148,147,147,147,147,147,147,147,146,146,145,145,145,145,144,144,143,142,142,142,140,140,140,138,138,136,136,135,134,133,132,131,130,129,128,127,126,125,124,123,122,121,120,119,119,117,117,116,115,114,114,113,112,112,112,112,111,111,111,111,111,111,110,110,110,110,109,109,109,109,109,109,109,109,108,108,108,108,109,109,109,109,109,110,111,111,111,111,113,113,113,115,115,115,117,117,117,119,119,119,120,121,121,121,122,123,123,123,123,123,123,123,124,125,124,124,125,124,124,123,123,123,123,123,123,123,123,123,121,121,121,120,119,119,119,118,117,117,117,116,115,115,114,114,113,112,112,111,110,110,109,108,108,108,106,106,106,106,104,104,104,103,102,102,102,101,100,100,99,98,98,98,97,96,96,96,96,95,94,94,94,94,94,93,93,93,93,93,93,93,94,94,95,95,95,96,96,96,96,96,96,95,95,95,95,96,96,96,97,98,98,99,100,100,102,102,104,105,106,107,109,110,111,112,113,114,115,116,116,116,116,115,114,113,113,110,109,107,105,101,97,92,1,1,1,1,1,1,1,1,1,1,1,1,1,1,1,1,1,1,1,1,1,1,1,1,1,1,1,1,1,1,1,1,1,1,1,1,1,1,1,1,1,1,1,1,1,1,1,1,1,1,1,1,1,1,1,1,1,1,1,1,1
syn_f000167-2-Pre,1,1,1,1,1,1,1,1,1,1,1,1,1,1,1,1,1,1,1,1,1,1,1,1,1,1,1,1,1,1,1,1,1,1,1,1,1,1,1,1,1,1,1,1,1,1,1,1,1,1,1,1,1,1,1,1,1,1,1,1,1,1,1,1,1,1,1,1,1,1,1,1,1,1,1,1,1,1,1,1,1,1,1,1,1,1,1,1,1,1,1,1,1,1,1,1,1,1,1,1,1,1,1,1,1,1,1,1,1,1,1,1,1,1,1,1,1,1,1,1,1,1,1,1,1,1,1,1,1,1,1,1,1,1,1,1,16,23,26,31,34,37,39,41,43,44,46,48,49,50,51,53,54,54,55,56,56,57,58,58,58,58,58,58,58,58,58,58,58,58,58,58,60,64,66,66,66,66,65,65,65,64,63,63,63,61,61,59,58,57,56,51,50,50,50,48,48,47,46,46,45,45,44,45,45,45,45,45,45,45,45,45,45,47,49,53,58,64,69,73,76,79,83,118,129,261,274,286,383,396,408,425,436,447,459,470,478,486,494,504,526,545,550,555,567,574,583,581,566,558,560,560,558,537,537,537,459,453,445,361,348,335,316,295,278,235,168,157,154,152,150,149,149,148,148,148,146,146,146,144,144,142,141,141,139,139,137,137,136,136,136,134,134,134,134,133,133,133,131,131,131,130,129,128,127,126,126,124,122,120,119,118,119,119,119,119,119,120,121,121,121,122,122,121,121,121,121,120,120,120,119,119,118,118,117,117,116,116,115,114,114,112,112,111,110,110,109,108,108,107,107,107,108,108,109,109,110,111,112,114,114,116,118,119,121,122,124,126,126,128,128,130,130,132,132,133,134,134,135,136,136,136,136,136,136,137,137,137,137,137,137,136,137,136,137,137,137,138,138,138,138,138,138,138,138,139,139,139,140,140,140,141,142,142,142,142,143,144,144,144,144,144,145,145,145,146,146,146,146,146,146,147,147,147,147,147,147,147,147,147,147,147,147,147,147,147,147,147,146,145,145,145,145,145,145,143,143,143,143,143,143,141,141,140,139,139,138,137,137,136,135,135,135,135,134,134,134,133,133,132,132,132,131,130,130,129,128,127,127,126,125,125,123,123,121,121,119,119,117,117,117,115,115,115,114,113,113,113,113,111,111,111,111,111,111,111,111,110,110,110,110,110,110,110,110,110,110,110,109,109,109,109,108,108,108,107,107,107,107,107,107,107,107,107,107,107,107,108,109,109,109,109,109,109,110,110,111,111,111,111,111,111,113,113,113,113,113,113,113,113,113,113,113,113,113,113,113,113,113,113,113,113,113,113,112,111,111,111,110,110,109,109,109,108,108,107,107,107,106,106,105,104,104,104,104,103,102,102,102,102,100,100,100,99,98,98,98,97,97,96,96,95,95,95,94,93,93,93,93,93,91,91,91,91,91,91,91,91,90,90,90,90,92,92,92,92,93,93,93,93,93,93,93,93,93,93,93,94,95,95,95,96,97,98,98,100,100,102,102,104,106,106,107,108,108,109,110,110,110,110,110,111,110,110,110,110,109,107,105,101,100,96,92,1,1,1,1,1,1,1,1,1,1,1,1,1,1,1,1,1,1,1,1,1,1,1,1,1,1,1,1,1,1,1,1,1,1,1,1,1,1,1,1,1,1,1,1,1,1,1,1,1,1,1,1,1,1,1,1,1,1,1,1,1,1,1,1,1,1,1,1,1,1,1,1,1,1,1
syn_f000174-2-Pre,1,1,1,1,1,1,1,1,1,1,1,1,1,1,1,1,1,1,1,1,1,1,1,1,1,1,1,1,1,1,1,1,1,1,1,1,1,1,1,1,1,1,1,1,1,1,1,1,1,1,1,1,1,1,1,1,1,1,1,1,1,1,1,1,1,1,1,1,1,1,1,1,1,1,1,1,1,1,1,1,1,1,1,1,1,1,1,1,1,1,1,1,1,1,1,1,1,1,1,1,1,1,1,1,1,1,1,1,1,1,1,1,1,1,1,1,1,1,1,1,1,1,1,1,1,1,1,1,14,23,27,31,35,38,40,42,43,46,47,49,49,51,53,53,55,55,56,57,57,58,59,59,59,60,60,61,61,60,60,60,60,60,59,59,59,60,64,67,67,67,67,67,66,65,65,64,63,63,62,61,60,58,57,56,53,50,50,50,50,49,48,48,48,47,46,46,44,43,41,40,39,39,39,40,40,40,40,40,40,40,40,41,42,44,47,51,55,58,69,104,117,126,251,268,281,293,321,328,340,423,436,477,482,488,494,498,504,509,510,502,503,510,514,520,526,531,466,468,472,467,462,456,445,413,401,371,361,354,350,193,177,163,156,152,149,146,144,142,141,140,139,137,136,135,134,132,132,130,128,126,124,122,120,118,117,116,114,114,112,111,110,109,107,107,106,104,104,102,102,100,100,99,98,98,96,96,95,94,93,92,91,91,91,90,90,89,89,89,89,89,89,89,89,89,89,89,88,87,87,87,87,87,87,87,86,85,85,85,85,85,85,86,86,86,86,86,87,88,88,88,88,89,90,90,90,90,90,91,92,92,92,93,95,96,97,99,101,103,105,107,109,109,111,113,114,115,117,117,118,119,120,121,122,123,123,124,124,124,126,126,126,127,127,127,127,127,128,128,129,129,129,129,129,130,130,130,131,131,131,132,132,133,133,134,134,135,136,136,138,138,138,140,140,140,141,142,142,142,143,144,144,144,145,145,146,146,146,146,146,146,146,146,146,146,146,146,146,146,146,145,145,145,144,144,144,144,144,144,143,143,143,142,142,142,142,141,141,141,141,141,139,139,139,139,138,137,137,137,136,135,135,134,133,133,132,131,131,131,129,129,128,127,127,125,125,124,123,123,121,121,119,119,118,117,116,116,115,115,114,113,113,113,113,111,111,111,110,110,110,110,110,110,109,108,108,108,108,108,108,108,108,107,107,107,107,106,106,106,106,106,106,106,106,106,106,108,108,108,108,109,109,110,110,110,111,112,112,112,112,113,113,114,114,114,115,115,116,116,116,116,116,116,116,116,116,116,116,117,117,116,116,116,116,116,116,116,116,115,114,114,114,114,114,113,112,112,112,112,111,111,110,110,110,109,109,108,108,107,106,106,105,105,104,104,104,103,102,102,101,101,101,100,99,99,99,98,97,97,97,96,95,95,94,94,93,93,92,92,92,91,91,90,90,90,90,90,90,91,91,91,92,92,92,92,93,94,94,93,93,93,93,93,92,93,93,93,93,94,95,95,96,96,98,98,99,100,101,102,104,105,106,107,108,109,109,111,111,112,112,112,111,111,111,112,111,110,108,105,104,102,101,95,43,1,1,1,1,1,1,1,1,1,1,1,1,1,1,1,1,1,1,1,1,1,1,1,1,1,1,1,1,1,1,1,1,1,1,1,1,1,1,1,1,1,1,1,1,1,1,1,1,1,1,1,1,1,1,1,1,1,1,1,1,1,1,1,1,1
syn_f000184-1-Pre,1,1,1,1,1,1,1,1,1,1,1,1,1,1,1,1,1,1,1,1,1,1,1,1,1,1,1,1,1,1,1,1,1,1,1,1,1,1,1,1,1,1,1,1,1,1,1,1,1,1,1,1,1,1,1,1,1,1,1,1,1,1,1,1,1,1,1,1,1,1,1,1,1,1,1,1,1,1,1,1,1,1,1,1,1,1,1,1,1,1,1,1,1,1,1,1,1,1,1,1,1,1,1,1,1,1,1,1,1,1,1,1,1,1,1,1,1,1,1,1,1,1,1,1,1,1,1,1,1,1,1,1,1,1,1,1,12,22,26,30,34,37,38,41,43,45,46,48,50,50,52,53,54,55,56,56,58,58,58,60,60,60,60,60,60,60,60,60,60,60,60,59,59,59,64,67,67,67,67,67,67,67,66,65,65,64,63,63,62,61,59,59,57,54,51,51,51,50,49,49,47,47,46,45,44,43,43,44,44,44,43,43,43,42,42,42,43,45,48,52,57,61,66,75,89,101,128,139,148,158,166,265,277,368,381,394,410,430,443,457,469,480,489,498,522,539,546,551,558,568,582,581,565,557,560,560,560,557,534,469,463,456,449,442,352,296,279,258,173,163,157,154,150,147,146,145,143,142,141,139,139,137,136,135,133,131,129,128,127,125,125,123,122,121,121,120,119,119,117,117,117,117,116,116,115,115,115,114,113,113,113,111,111,111,109,109,109,108,107,106,106,104,103,102,100,100,100,100,100,100,100,100,100,101,101,101,101,101,101,102,103,103,103,103,103,103,103,103,103,103,103,103,104,104,104,104,105,106,106,108,108,108,110,110,110,110,110,111,111,111,111,111,112,112,113,114,114,114,115,116,116,116,117,117,117,117,119,119,119,119,119,119,119,119,119,119,119,119,119,119,120,121,121,121,121,121,121,121,121,122,123,123,123,123,123,124,124,124,125,125,126,126,126,126,126,126,126,126,126,126,126,126,126,126,126,126,126,126,125,125,125,124,124,124,124,123,123,123,122,122,122,122,122,121,121,120,120,120,120,119,119,119,118,118,118,118,118,118,118,117,117,116,116,116,116,116,116,115,114,114,114,114,114,113,113,112,112,112,112,111,111,111,110,110,109,109,109,109,108,108,107,107,106,106,106,105,104,104,104,103,103,102,102,102,101,101,100,100,99,99,99,99,99,99,99,99,98,98,99,98,97,97,97,97,97,97,97,97,98,98,98,98,99,99,99,99,99,101,101,101,101,103,103,103,103,104,105,105,105,105,105,107,107,107,107,107,107,107,107,107,107,107,107,107,107,107,107,107,107,107,106,106,105,105,105,105,104,104,103,103,103,103,102,101,101,101,101,100,99,99,99,98,98,97,97,97,97,96,95,95,95,95,93,93,93,93,93,91,91,91,91,89,89,89,88,87,87,87,86,86,85,85,84,84,84,83,83,83,83,83,83,83,83,83,84,84,85,85,85,86,86,87,86,86,86,86,86,85,84,85,85,86,86,86,87,87,88,89,89,91,92,93,94,95,96,97,98,98,98,100,100,101,101,101,101,100,101,102,100,100,96,94,93,91,86,84,36,1,1,1,1,1,1,1,1,1,1,1,1,1,1,1,1,1,1,1,1,1,1,1,1,1,1,1,1,1,1,1,1,1,1,1,1,1,1,1,1,1,1,1,1,1,1,1,1,1,1,1,1,1,1,1,1,1,1,1,1,1,1,1,1,1,1,1,1,1,1,1
syn_f000188-3-Pre,1,1,1,1,1,1,1,1,1,1,1,1,1,1,1,1,1,1,1,1,1,1,1,1,1,1,1,1,1,1,1,1,1,1,1,1,1,1,1,1,1,1,1,1,1,1,1,1,1,1,1,1,1,1,1,1,1,1,1,1,1,1,1,1,1,1,1,1,1,1,1,1,1,1,1,1,1,1,1,1,1,1,1,1,1,1,1,1,1,1,1,1,1,1,1,1,1,1,1,1,1,1,1,1,1,1,1,1,1,1,1,1,1,1,1,1,1,1,1,1,1,1,1,1,1,1,1,1,1,17,24,28,32,36,38,40,42,44,46,48,49,50,51,53,54,55,56,57,57,57,59,59,59,60,60,60,61,61,61,61,61,61,60,60,59,59,60,65,67,68,68,68,68,68,66,66,66,66,64,64,64,62,60,60,58,56,50,50,50,50,48,48,47,46,46,45,45,45,44,44,45,45,45,45,45,44,45,45,45,45,45,48,52,257,263,269,279,331,436,486,498,507,515,519,521,522,518,513,512,522,529,542,562,562,560,511,508,505,501,495,474,467,465,462,457,453,446,378,367,356,338,308,295,279,263,212,186,165,159,155,152,150,149,148,146,145,144,143,142,142,141,141,140,139,138,137,136,136,135,134,134,134,134,132,132,131,130,129,128,127,126,124,124,122,121,120,119,118,116,116,114,113,111,109,107,106,106,106,105,105,105,106,106,107,108,108,108,108,108,108,108,107,107,107,107,107,106,106,106,106,106,106,106,106,106,105,105,106,106,105,104,104,102,103,103,103,105,105,107,107,109,109,111,112,112,114,115,116,117,118,119,120,121,122,123,125,125,126,127,128,129,130,131,131,132,133,133,134,134,135,135,135,135,136,137,137,137,137,139,139,139,139,140,141,141,142,143,144,145,145,146,147,148,149,149,150,151,152,152,153,154,154,156,156,156,158,158,159,160,160,160,161,162,162,162,162,162,163,164,164,164,164,165,165,165,164,164,164,164,164,164,164,164,164,162,162,162,162,162,162,162,162,161,161,161,160,160,159,159,158,158,158,158,157,157,156,156,155,155,155,155,153,153,153,153,152,152,151,150,149,148,147,147,145,145,143,143,142,141,140,140,139,138,137,136,136,134,134,132,132,131,129,129,127,127,126,125,125,124,123,123,122,121,121,120,119,119,118,118,116,116,116,116,115,115,115,115,114,114,114,114,114,114,114,114,114,114,114,113,113,113,113,113,114,114,114,114,114,114,114,115,116,116,117,118,118,119,120,120,120,121,122,122,122,123,124,124,124,125,125,125,126,126,126,126,126,126,126,126,126,126,126,126,126,126,126,125,125,125,125,125,124,124,123,123,123,122,122,121,121,120,120,119,119,119,118,117,117,116,115,115,114,113,113,112,112,111,110,110,109,109,108,107,107,107,106,105,105,104,103,103,103,102,101,101,100,99,99,98,98,98,96,96,96,96,96,96,96,95,96,96,96,96,98,98,98,98,99,99,99,99,100,100,100,100,100,101,101,101,102,103,103,103,104,105,106,107,108,109,111,112,112,113,114,114,115,116,117,117,116,116,115,114,114,113,112,110,108,104,100,95,91,41,1,1,1,1,1,1,1,1,1,1,1,1,1,1,1,1,1,1,1,1,1,1,1,1,1,1,1,1,1,1,1,1,1,1,1,1,1,1,1,1,1,1,1,1,1,1,1,1,1,1,1,1,1,1,1,1,1,1,1,1,1,1,1,1,1
syn_f000218-2-Pre,1,1,1,1,1,1,1,1,1,1,1,1,1,1,1,1,1,1,1,1,1,1,1,1,1,1,1,1,1,1,1,1,1,1,1,1,1,1,1,1,1,1,1,1,1,1,1,1,1,1,1,1,1,1,1,1,1,1,1,1,1,1,1,1,1,1,1,1,1,1,1,1,1,1,1,1,1,1,1,1,1,1,1,1,1,1,1,1,1,1,1,1,1,1,1,1,1,1,1,1,1,1,1,1,1,1,1,1,1,1,1,1,1,1,1,1,1,1,1,8,21,25,29,33,36,38,40,42,44,46,47,49,50,51,53,53,55,55,57,57,57,58,59,59,60,60,60,60,60,60,60,60,60,60,60,59,59,59,62,66,67,67,67,67,67,67,66,65,65,65,63,63,63,61,59,59,57,56,50,49,48,47,47,47,46,45,44,43,43,43,43,42,42,42,42,42,42,42,42,42,41,41,42,42,42,43,45,47,51,55,57,61,68,99,109,133,143,150,157,163,361,372,384,396,413,445,456,462,470,479,491,505,517,549,578,578,578,577,577,575,571,539,528,532,534,534,534,532,361,347,264,202,176,160,152,147,143,140,139,138,137,137,135,135,135,133,133,133,131,131,129,129,127,126,125,124,124,123,122,122,122,121,120,119,117,117,115,114,113,112,110,109,108,106,105,104,103,102,101,100,99,99,99,98,98,98,96,96,96,94,94,94,94,93,93,92,92,91,91,91,91,89,89,89,88,88,88,87,87,86,85,85,85,85,85,85,85,85,85,85,86,86,86,86,88,88,90,90,92,92,94,96,96,98,99,100,102,104,105,106,107,108,109,110,111,112,113,113,114,115,115,115,116,117,117,117,117,117,117,117,118,118,118,118,118,118,118,119,119,120,120,120,120,120,120,121,122,122,122,122,124,124,124,124,126,126,126,127,127,128,128,129,130,130,130,130,130,130,130,132,132,132,132,132,132,133,133,133,133,133,133,133,133,133,133,133,133,133,133,133,133,133,133,133,133,133,133,133,132,131,131,131,131,131,131,131,131,131,131,130,130,130,130,130,129,129,128,128,128,127,126,126,126,126,124,124,124,123,123,122,122,121,121,120,120,119,119,118,118,117,116,116,115,114,114,113,112,112,111,111,110,109,109,107,107,107,107,105,105,105,105,104,104,104,104,104,103,103,103,103,102,102,102,102,102,102,103,103,102,102,102,102,102,101,101,101,101,101,101,101,101,101,102,102,102,102,102,103,103,104,104,104,104,105,105,105,105,106,107,107,107,108,108,108,109,109,110,110,110,110,110,110,110,110,111,111,112,112,112,110,110,110,110,110,110,110,110,110,110,110,110,108,108,108,108,108,108,108,106,106,106,106,106,106,104,104,104,104,104,103,102,102,102,102,102,101,100,100,100,99,98,98,98,98,97,97,96,96,96,95,95,94,94,94,93,93,92,92,92,91,91,90,90,89,89,89,89,89,89,88,87,87,87,87,87,87,88,88,88,89,89,89,89,89,89,89,89,90,90,90,90,90,91,92,92,92,93,94,94,94,96,96,98,98,100,101,102,103,104,105,105,107,107,107,108,109,109,108,108,107,107,107,106,105,104,102,99,94,45,43,42,1,1,1,1,1,1,1,1,1,1,1,1,1,1,1,1,1,1,1,1,1,1,1,1,1,1,1,1,1,1,1,1,1,1,1,1,1,1,1,1,1,1,1,1,1,1,1,1,1,1,1,1,1,1,1,1,1
syn_f000219-0-Pre,1,1,1,1,1,1,1,1,1,1,1,1,1,1,1,1,1,1,1,1,1,1,1,1,1,1,1,1,1,1,1,1,1,1,1,1,1,1,1,1,1,1,1,1,1,1,1,1,1,1,1,1,1,1,1,1,1,1,1,1,1,1,1,1,1,1,1,1,1,1,1,1,1,1,1,1,1,1,1,1,1,1,1,1,1,1,1,1,1,1,1,1,1,1,1,1,1,1,1,1,1,1,1,1,1,1,1,1,1,1,1,1,1,1,1,1,1,1,1,1,1,1,1,1,1,1,1,1,9,22,26,30,33,37,39,40,42,44,46,48,50,50,52,53,54,55,56,56,57,58,59,59,60,60,60,60,60,60,60,60,60,60,60,60,60,59,62,65,68,68,68,68,68,67,66,66,65,65,64,64,63,62,60,59,58,55,53,49,49,49,49,47,47,47,46,45,44,43,43,43,43,43,43,43,43,42,42,42,43,43,44,48,54,59,64,68,282,296,338,345,350,354,358,360,359,354,354,360,367,375,419,426,431,434,382,382,382,382,382,381,381,381,386,395,400,398,397,396,395,392,390,383,379,379,381,381,383,387,381,375,370,367,363,338,142,139,138,136,134,133,132,130,128,127,126,124,123,122,121,120,119,119,119,118,117,117,117,117,117,116,116,116,116,116,115,114,114,114,113,112,111,110,109,108,106,105,105,105,105,105,105,105,105,105,105,106,107,107,107,105,105,105,105,105,105,105,106,107,107,107,107,108,109,109,109,110,110,111,111,111,111,111,111,111,111,111,111,112,113,113,114,116,116,118,120,120,122,123,124,125,126,127,128,128,128,129,130,130,130,130,130,130,130,131,131,131,131,131,132,131,132,132,132,132,132,132,132,132,132,134,134,134,134,135,136,136,136,138,138,138,139,140,140,140,140,142,142,142,142,142,144,144,144,144,144,144,144,144,144,144,144,144,144,144,144,144,144,143,143,143,142,142,142,141,141,141,140,140,140,140,139,139,138,138,138,138,138,136,136,136,136,136,136,134,134,134,134,134,132,132,132,132,132,131,130,130,129,128,127,126,126,124,124,123,122,122,122,120,120,120,119,118,118,118,117,117,116,116,115,115,115,114,114,113,113,113,112,111,111,111,111,111,110,109,109,109,109,109,108,108,108,108,108,108,108,108,108,107,107,107,107,107,107,106,106,107,106,106,105,105,105,105,105,105,105,105,105,105,105,105,105,105,105,105,105,105,105,106,106,106,106,106,107,107,107,107,107,108,108,108,108,108,108,108,108,108,108,108,108,108,108,108,108,107,107,107,107,107,106,106,106,106,106,106,105,105,105,104,104,104,104,103,103,102,102,102,102,102,101,100,100,100,100,100,100,99,99,98,98,98,98,98,97,97,96,96,96,96,95,95,95,95,94,94,94,93,93,93,93,92,92,91,91,91,91,91,90,90,89,89,89,89,89,89,89,88,88,90,90,90,91,91,92,92,93,93,92,93,92,91,91,91,91,91,93,93,93,93,94,95,95,95,97,97,99,100,101,102,103,104,105,106,107,109,109,110,111,110,110,110,111,111,109,107,103,102,100,96,91,39,1,1,1,1,1,1,1,1,1,1,1,1,1,1,1,1,1,1,1,1,1,1,1,1,1,1,1,1,1,1,1,1,1,1,1,1,1,1,1,1,1,1,1,1,1,1,1,1,1,1,1,1,1,1,1,1,1,1,1,1,1,1,1,1,1,1,1,1
syn_f000220-2-Pre,1,1,1,1,1,1,1,1,1,1,1,1,1,1,1,1,1,1,1,1,1,1,1,1,1,1,1,1,1,1,1,1,1,1,1,1,1,1,1,1,1,1,1,1,1,1,1,1,1,1,1,1,1,1,1,1,1,1,1,1,1,1,1,1,1,1,1,1,1,1,1,1,1,1,1,1,1,1,1,1,1,1,1,1,1,1,1,1,1,1,1,1,1,1,1,1,1,1,1,1,1,1,1,1,1,1,1,1,1,1,1,1,1,1,1,1,1,1,1,1,1,1,1,1,1,1,1,1,1,1,1,1,1,1,1,1,1,1,1,1,16,24,28,32,36,38,40,42,44,47,49,50,51,53,54,55,57,57,59,59,61,61,61,63,63,63,63,63,64,64,65,64,64,65,63,63,63,63,63,65,69,72,72,73,73,72,72,72,71,71,70,70,69,69,68,67,65,65,64,62,60,56,55,53,53,53,52,51,51,51,51,51,51,51,51,50,50,50,49,49,48,48,49,49,49,55,62,235,247,255,260,265,312,323,417,429,442,482,489,494,498,501,502,502,499,493,490,498,504,510,514,525,532,494,491,488,485,482,477,470,444,441,436,428,420,415,351,341,332,321,307,291,273,253,240,223,189,181,155,151,148,147,145,144,144,142,142,142,140,140,139,138,137,137,137,135,135,135,135,134,134,133,133,133,133,133,133,132,132,131,131,130,129,129,128,127,127,126,125,123,123,121,119,118,118,116,115,116,116,116,118,118,118,118,118,118,118,118,118,118,118,117,117,117,117,117,117,117,117,117,117,117,117,116,115,115,114,114,114,114,112,112,113,113,115,115,117,118,119,121,122,124,125,126,126,128,128,130,130,130,131,132,132,133,133,133,133,134,135,135,135,135,135,135,135,135,135,135,135,135,135,135,135,135,135,135,135,135,135,135,135,137,137,137,137,137,137,138,139,139,139,139,139,141,141,141,141,141,141,142,142,142,142,142,143,143,143,143,144,144,142,142,142,142,142,142,142,142,142,142,141,141,140,140,140,140,140,140,140,139,139,139,138,138,138,138,138,138,138,138,138,137,137,136,136,136,136,136,135,135,134,134,134,134,132,132,132,132,132,130,130,130,130,129,128,128,128,127,126,126,124,124,124,123,122,122,122,120,120,120,119,118,118,117,116,116,115,114,113,112,112,111,111,111,110,109,109,109,109,109,109,109,109,109,109,109,109,109,109,109,109,110,110,110,110,110,112,112,112,114,114,115,116,116,117,118,118,119,120,120,121,121,122,122,122,123,123,123,123,123,124,124,125,125,125,125,125,124,124,124,123,123,123,123,123,122,122,122,120,120,120,119,118,118,117,116,116,116,114,114,113,112,112,111,110,110,108,108,108,107,106,106,104,104,104,104,102,102,102,100,100,100,99,98,98,98,97,96,96,96,96,95,95,95,95,95,95,95,95,95,96,96,96,97,98,98,98,98,98,98,98,98,98,98,98,98,99,99,100,100,101,102,103,104,105,106,107,109,110,111,113,113,114,116,116,117,117,117,117,116,116,115,112,109,107,106,103,96,44,1,1,1,1,1,1,1,1,1,1,1,1,1,1,1,1,1,1,1,1,1,1,1,1,1,1,1,1,1,1,1,1,1,1,1,1,1,1,1,1,1,1,1,1,1,1,1,1,1,1,1,1,1,1,1,1,1,1,1,1,1,1,1,1,1,1,1,1,1,1,1,1,1,1,1,1,1,1,1
syn_f000227-3-Pre,1,1,1,1,1,1,1,1,1,1,1,1,1,1,1,1,1,1,1,1,1,1,1,1,1,1,1,1,1,1,1,1,1,1,1,1,1,1,1,1,1,1,1,1,1,1,1,1,1,1,1,1,1,1,1,1,1,1,1,1,1,1,1,1,1,1,1,1,1,1,1,1,1,1,1,1,1,1,1,1,1,1,1,1,1,1,1,1,1,1,1,1,1,1,1,1,1,1,1,1,1,1,1,1,1,1,1,1,1,1,1,1,1,1,12,23,27,31,34,38,40,42,44,46,48,50,51,53,53,55,56,57,58,59,60,61,61,62,63,63,63,64,64,65,65,65,65,65,64,64,64,64,63,63,64,69,71,73,73,73,73,71,71,71,71,69,69,69,69,67,67,65,64,63,62,60,54,53,52,52,51,50,50,49,48,48,46,46,46,46,46,46,46,46,46,46,46,47,47,47,47,48,48,50,52,56,58,233,256,269,280,334,496,514,524,529,533,538,544,545,568,563,565,567,566,566,563,559,544,480,480,478,475,471,467,463,402,395,389,381,373,365,356,345,336,319,304,290,279,264,251,240,227,214,190,167,160,155,151,149,148,146,145,144,143,143,143,141,141,141,141,139,139,138,138,137,136,136,134,134,134,133,132,131,131,131,129,129,127,126,126,124,124,123,122,122,121,120,119,118,117,116,115,114,113,112,111,112,111,111,111,111,111,110,110,110,110,110,109,108,108,108,107,107,107,106,106,105,105,105,105,105,105,105,105,105,104,105,105,105,105,106,106,106,106,106,107,107,107,107,108,108,110,111,112,113,115,116,118,120,120,122,124,124,126,126,128,128,129,130,131,131,132,133,133,135,135,135,136,136,137,138,138,138,138,139,139,139,139,140,140,140,140,140,140,140,140,140,140,141,141,141,141,141,142,143,143,143,144,145,145,145,147,147,147,148,149,149,151,151,151,152,153,153,154,155,155,155,155,156,156,156,157,157,158,158,158,158,159,159,159,159,160,160,160,160,160,160,160,160,160,160,160,160,160,160,160,160,160,158,158,158,158,158,158,158,157,157,157,157,157,156,155,155,155,155,155,154,154,153,153,152,152,150,150,149,148,148,146,146,144,144,144,142,142,140,140,138,138,137,136,136,134,133,132,132,130,130,129,128,127,126,125,125,124,123,123,121,121,121,121,120,119,119,119,119,119,118,118,118,118,118,118,117,117,117,117,116,116,116,116,116,116,115,114,114,114,114,114,114,114,114,115,115,115,115,115,116,117,117,117,119,118,119,119,120,120,121,121,121,122,122,123,123,123,124,124,124,124,124,125,125,126,126,126,126,126,126,126,126,126,126,126,126,126,126,126,124,124,124,124,124,124,122,122,122,122,122,120,120,120,120,119,118,118,118,116,116,116,114,114,114,112,112,112,111,110,110,110,108,108,108,107,106,106,106,104,104,104,103,102,102,101,100,100,100,99,99,98,98,97,97,97,97,97,95,95,95,95,95,95,95,95,96,96,97,97,97,97,97,97,97,97,97,97,98,98,99,99,100,101,101,101,102,102,104,105,106,108,108,110,111,112,113,113,114,115,116,117,117,117,117,117,117,116,116,115,114,113,111,110,107,102,97,93,41,1,1,1,1,1,1,1,1,1,1,1,1,1,1,1,1,1,1,1,1,1,1,1,1,1,1,1,1,1,1,1,1,1,1,1,1,1,1,1,1,1,1,1,1,1,1,1,1,1,1,1,1
syn_f000250-1-Pre,1,1,1,1,1,1,1,1,1,1,1,1,1,1,1,1,1,1,1,1,1,1,1,1,1,1,1,1,1,1,1,1,1,1,1,1,1,1,1,1,1,1,1,1,1,1,1,1,1,1,1,1,1,1,1,1,1,1,1,1,1,1,1,1,1,1,1,1,1,1,1,1,1,1,1,1,1,1,1,1,1,1,1,1,1,1,1,1,1,1,1,1,1,1,1,1,1,1,1,1,1,1,1,1,1,1,1,1,1,1,1,1,1,1,1,1,1,1,1,1,1,1,1,1,1,1,1,18,23,27,32,35,38,40,41,43,45,47,49,49,51,52,53,54,55,56,57,57,58,59,59,59,59,60,61,61,61,61,61,61,60,59,59,59,59,64,67,68,68,68,67,67,67,66,66,65,64,64,64,63,61,60,59,58,54,51,51,49,49,49,47,47,47,45,45,45,45,45,45,44,44,44,44,44,44,44,44,43,43,44,44,46,48,51,57,63,70,75,92,113,131,140,150,159,168,177,189,203,255,273,352,365,377,393,409,424,437,448,462,471,477,483,491,499,506,522,534,550,557,565,571,581,582,579,556,558,558,557,533,374,347,344,157,152,149,148,146,144,143,143,141,141,139,137,136,135,133,131,130,128,126,125,124,123,123,121,121,120,120,120,120,119,119,119,118,118,117,117,117,117,116,116,115,115,115,114,113,112,111,109,108,108,108,107,107,107,107,107,108,108,109,109,109,109,109,109,108,108,108,109,110,110,110,110,111,111,112,113,113,114,115,115,115,115,116,116,116,116,115,116,116,116,117,117,119,119,120,121,122,123,123,125,125,127,127,129,129,131,131,133,133,134,135,135,137,137,137,137,138,139,139,140,140,140,140,140,140,140,140,140,140,140,140,140,139,139,139,139,139,139,139,139,139,139,139,139,139,139,141,141,141,141,141,141,141,141,141,142,142,142,143,143,143,143,143,143,143,143,143,142,141,141,141,141,141,141,141,141,141,141,140,139,139,139,139,139,139,138,138,138,137,137,137,136,136,136,135,135,135,134,134,134,134,133,133,132,132,132,132,132,131,130,130,130,130,129,128,127,127,126,125,125,125,123,123,123,122,122,121,120,120,120,119,118,118,117,116,116,115,114,114,113,112,112,112,110,110,110,109,109,109,108,107,107,107,107,107,107,107,107,107,107,107,107,107,107,106,106,106,106,106,106,106,106,106,105,105,104,104,104,104,104,104,104,104,104,104,104,104,104,105,105,105,105,105,106,107,107,107,107,108,109,109,109,109,110,110,111,111,111,111,111,111,111,111,111,112,112,111,111,111,111,111,111,111,111,111,111,111,111,110,110,110,109,109,109,109,109,108,107,107,107,107,107,105,105,105,105,104,104,103,103,102,102,102,101,101,100,100,100,99,98,98,98,97,97,96,96,96,95,94,94,94,94,92,92,92,92,92,90,90,90,90,90,90,90,90,90,90,91,91,91,91,92,93,93,93,93,93,93,93,91,91,92,92,92,93,93,94,95,95,97,97,98,100,100,102,103,104,106,106,108,108,110,110,110,110,110,110,110,109,109,108,106,105,104,101,98,47,46,45,42,41,36,1,1,1,1,1,1,1,1,1,1,1,1,1,1,1,1,1,1,1,1,1,1,1,1,1,1,1,1,1,1,1,1,1,1,1,1,1,1,1,1,1,1,1,1,1,1,1,1,1,1,1,1,1,1,1,1,1,1,1,1,1,1,1,1
syn_f000252-3-Pre,1,1,1,1,1,1,1,1,1,1,1,1,1,1,1,1,1,1,1,1,1,1,1,1,1,1,1,1,1,1,1,1,1,1,1,1,1,1,1,1,1,1,1,1,1,1,1,1,1,1,1,1,1,1,1,1,1,1,1,1,1,1,1,1,1,1,1,1,1,1,1,1,1,1,1,1,1,1,1,1,1,1,1,1,1,1,1,1,1,1,1,1,1,1,1,1,1,1,1,1,1,1,1,1,1,1,1,1,1,18,24,28,32,36,38,40,42,44,46,47,49,49,51,53,53,55,55,56,57,57,59,59,59,59,59,61,61,61,61,61,61,60,59,59,59,59,59,65,67,67,67,67,67,66,66,65,64,64,64,62,62,61,60,58,57,56,50,50,49,49,48,47,47,47,45,44,43,42,42,42,42,42,42,42,42,42,42,42,42,42,42,43,43,45,48,52,56,58,61,63,90,102,111,119,142,152,161,168,196,376,392,406,420,435,461,478,486,493,500,508,519,532,545,575,598,610,609,609,609,607,603,584,565,561,564,565,565,564,479,386,373,353,197,174,164,159,155,152,149,146,144,143,141,141,140,139,138,138,137,136,136,135,134,132,130,130,128,127,125,125,124,123,121,120,119,117,115,113,112,110,108,106,105,104,102,100,100,98,100,100,101,102,102,102,101,101,101,100,99,99,99,97,97,97,96,95,95,94,94,93,92,92,92,91,90,88,88,87,86,85,85,85,83,83,83,83,84,84,85,85,86,87,87,88,89,90,91,93,94,95,97,98,100,100,102,104,105,107,109,109,111,113,113,115,115,117,117,119,119,121,121,122,123,123,123,124,125,125,125,125,126,126,127,127,127,127,127,128,129,129,129,130,131,132,132,132,134,134,135,136,136,138,138,138,140,140,141,142,142,143,144,145,145,146,147,147,148,148,148,148,149,150,150,150,150,150,152,152,152,152,152,152,152,152,151,151,151,151,151,151,151,151,151,150,150,150,150,150,150,150,150,150,149,148,148,148,148,148,148,148,148,148,147,147,146,146,145,145,145,145,144,144,143,143,141,141,141,140,139,139,138,137,137,135,135,135,134,134,133,133,132,132,131,131,130,130,129,128,128,128,126,126,125,124,124,123,123,123,121,121,121,120,119,119,119,118,118,117,117,116,116,116,116,116,115,115,114,114,114,114,114,114,114,114,114,114,114,113,113,113,113,113,112,112,112,112,112,112,111,111,111,111,111,111,111,111,112,112,112,112,112,113,113,113,113,114,114,115,115,115,115,116,117,117,117,117,118,118,118,119,119,119,119,119,119,119,120,120,120,121,121,121,121,120,119,119,119,119,119,119,119,119,119,119,119,118,117,117,117,117,117,116,116,115,115,115,115,115,113,113,113,113,111,111,111,111,109,109,109,109,107,107,107,107,107,105,105,105,105,104,103,103,103,103,102,101,101,101,101,100,100,99,99,99,99,98,97,97,97,97,96,95,95,95,95,95,95,94,94,94,93,94,94,94,94,94,95,96,96,96,96,95,95,95,95,95,95,95,95,97,97,97,97,99,99,99,99,100,101,102,103,104,105,106,106,108,108,110,110,112,112,112,114,114,114,113,113,112,113,113,111,110,110,109,107,101,99,98,47,45,1,1,1,1,1,1,1,1,1,1,1,1,1,1,1,1,1,1,1,1,1,1,1,1,1,1,1,1,1,1,1,1,1,1,1,1,1,1,1,1,1,1,1,1,1,1,1,1
syn_f000282-3-Pre,1,1,1,1,1,1,1,1,1,1,1,1,1,1,1,1,1,1,1,1,1,1,1,1,1,1,1,1,1,1,1,1,1,1,1,1,1,1,1,1,1,1,1,1,1,1,1,1,1,1,1,1,1,1,1,1,1,1,1,1,1,1,1,1,1,1,1,1,1,1,1,1,1,1,1,1,1,1,1,1,1,1,1,1,1,1,1,1,1,1,1,1,1,1,1,1,1,1,1,1,1,1,1,1,1,1,1,1,1,1,1,1,1,1,1,1,1,1,1,1,1,18,24,28,32,35,38,40,42,44,46,48,48,50,52,52,54,55,56,56,57,58,59,59,60,60,60,61,61,61,61,61,61,61,61,60,60,60,60,63,67,68,68,68,68,68,68,67,66,66,66,64,64,64,62,61,60,59,56,52,51,51,51,49,49,49,47,47,46,46,45,45,45,44,44,44,44,44,43,43,43,43,43,44,48,50,54,56,57,59,61,67,263,302,310,322,336,375,378,381,383,386,391,406,412,406,465,469,474,481,487,494,498,506,449,445,442,439,435,433,431,428,425,388,393,392,393,389,384,381,378,375,371,348,349,349,145,143,141,140,139,138,137,137,136,135,135,135,134,133,133,132,130,129,128,127,126,125,125,124,123,122,121,120,119,118,116,114,114,112,110,108,108,106,104,102,101,99,99,97,96,94,94,93,92,92,91,91,91,91,90,90,90,91,91,91,91,91,90,90,90,90,90,89,89,89,89,88,87,87,87,86,85,85,84,84,83,83,82,82,81,80,80,80,80,79,80,80,81,82,83,84,85,87,87,89,91,92,93,95,95,97,97,99,99,99,101,101,101,102,103,103,103,104,104,105,105,106,106,106,107,107,108,108,109,109,110,111,111,112,113,114,115,116,117,118,119,119,121,121,123,123,124,125,126,127,128,128,130,130,131,132,133,133,133,134,134,135,135,136,136,136,137,138,138,137,137,137,137,137,137,137,137,137,137,137,137,138,138,138,138,137,137,137,137,136,136,136,136,136,135,134,134,134,134,134,134,132,132,132,132,130,130,130,129,128,128,128,128,127,127,126,126,126,126,125,125,125,125,125,124,124,123,123,123,122,122,122,121,121,120,119,119,119,118,117,117,116,116,115,114,114,113,112,112,111,111,110,110,110,109,108,108,108,108,108,107,107,107,107,107,107,107,107,106,106,107,106,106,106,106,106,106,106,105,105,105,105,105,105,106,107,107,107,107,107,107,108,108,109,109,110,110,110,110,111,111,111,112,113,113,113,113,114,114,115,115,115,115,115,115,115,115,115,115,115,115,116,115,115,115,115,115,115,115,115,115,115,115,114,114,113,113,113,113,112,111,111,111,111,111,110,109,109,109,108,107,107,107,107,105,105,105,105,103,103,103,103,103,101,101,101,101,99,99,99,99,99,98,97,97,97,97,97,95,95,95,95,95,95,93,93,93,93,93,92,92,92,92,92,92,91,90,90,90,90,90,90,90,91,91,91,91,91,91,91,90,90,91,91,92,92,93,93,94,94,95,95,96,97,98,99,99,101,101,101,102,103,103,104,104,105,106,106,106,106,107,107,106,105,104,102,101,98,95,45,45,43,41,40,1,1,1,1,1,1,1,1,1,1,1,1,1,1,1,1,1,1,1,1,1,1,1,1,1,1,1,1,1,1,1,1,1,1,1,1,1,1,1,1,1,1,1,1,1,1,1,1,1,1,1,1,1,1,1,1,1,1
syn_f000289-2-Pre,1,1,1,1,1,1,1,1,1,1,1,1,1,1,1,1,1,1,1,1,1,1,1,1,1,1,1,1,1,1,1,1,1,1,1,1,1,1,1,1,1,1,1,1,1,1,1,1,1,1,1,1,1,1,1,1,1,1,1,1,1,1,1,1,1,1,1,1,1,1,1,1,1,1,1,1,1,1,1,1,1,1,1,1,1,1,1,1,1,1,1,1,1,1,1,1,1,1,1,1,1,1,1,1,1,1,1,1,1,1,1,1,1,1,1,1,1,1,1,1,1,1,1,10,22,26,30,34,37,39,41,43,45,47,49,50,52,52,54,55,56,58,58,58,60,60,60,62,62,62,62,62,62,62,62,62,62,62,62,62,62,62,63,68,69,70,70,70,69,69,69,69,67,67,67,66,65,64,63,62,61,60,56,53,53,53,52,51,51,50,49,48,47,46,45,45,44,44,44,44,44,43,43,43,43,44,45,45,46,48,52,55,59,63,67,70,79,248,297,435,448,465,481,495,508,545,551,558,566,582,601,599,589,581,578,579,579,576,561,553,555,494,490,486,482,477,407,397,386,373,361,351,339,322,296,285,260,242,228,214,190,177,170,166,163,159,157,156,153,153,151,150,149,148,148,146,146,144,143,142,141,139,138,137,136,135,133,132,131,130,129,127,127,126,125,124,123,123,121,121,121,119,119,118,118,116,114,113,112,112,112,111,112,112,112,112,112,112,112,112,111,111,111,111,111,111,111,111,111,111,111,111,111,111,111,111,111,111,111,112,113,113,113,113,113,113,113,112,112,111,111,110,110,110,109,109,109,109,109,110,111,112,112,114,114,116,116,118,118,120,121,122,122,122,124,124,124,125,126,126,126,126,128,128,128,128,128,129,129,130,130,130,130,130,130,130,130,131,131,132,132,132,132,133,134,134,134,135,135,135,135,137,137,137,138,139,140,140,140,142,142,142,143,143,143,143,144,144,145,145,145,145,145,145,146,146,145,145,145,145,144,144,144,144,144,144,144,144,143,142,142,142,142,142,142,142,141,141,140,140,140,140,140,140,140,139,139,139,138,138,137,137,137,136,136,135,135,135,134,133,133,133,132,131,131,131,130,129,129,128,128,127,127,126,126,125,124,123,122,122,121,120,120,119,119,118,118,118,117,117,117,117,116,116,115,115,115,115,115,115,114,113,113,113,113,113,113,113,113,112,112,112,111,111,111,111,111,111,111,111,109,109,109,109,109,109,109,109,109,110,110,110,110,111,111,111,111,111,111,111,112,112,112,112,113,113,113,114,114,114,114,114,114,114,114,115,115,115,115,115,116,116,116,115,115,114,114,114,114,114,114,113,113,113,112,112,111,111,111,110,109,109,109,109,109,107,107,107,106,105,105,105,104,103,103,102,101,101,101,100,100,99,99,99,98,98,97,97,96,96,96,95,95,94,94,94,93,93,92,92,92,92,92,92,91,90,90,90,90,90,91,91,91,92,92,93,93,94,95,95,95,95,96,96,96,96,96,96,96,96,97,97,97,99,99,99,101,101,103,104,106,106,108,109,110,111,112,113,113,115,115,115,116,116,115,115,115,114,113,111,110,108,106,104,100,97,43,1,1,1,1,1,1,1,1,1,1,1,1,1,1,1,1,1,1,1,1,1,1,1,1,1,1,1,1,1,1,1,1,1,1,1,1,1,1,1,1,1,1,1,1,1,1,1,1,1,1,1,1,1,1,1,1,1,1,1,1,1
syn_f000293-2-Pre,1,1,1,1,1,1,1,1,1,1,1,1,1,1,1,1,1,1,1,1,1,1,1,1,1,1,1,1,1,1,1,1,1,1,1,1,1,1,1,1,1,1,1,1,1,1,1,1,1,1,1,1,1,1,1,1,1,1,1,1,1,1,1,1,1,1,1,1,1,1,1,1,1,1,1,1,1,1,1,1,1,1,1,1,1,1,1,1,1,1,1,1,1,1,1,1,1,1,1,1,1,1,1,1,1,1,1,1,1,1,1,1,1,1,1,1,1,1,1,1,1,1,1,1,1,1,1,17,24,28,32,35,38,40,42,44,46,48,48,50,51,52,54,55,56,57,57,58,59,59,60,61,61,61,61,61,61,61,61,61,61,61,61,61,61,64,67,69,70,70,70,69,69,68,68,68,67,66,66,65,63,63,61,61,57,56,54,52,50,50,50,50,48,48,48,47,47,47,47,47,47,47,47,47,47,47,47,47,47,47,48,49,51,53,56,58,61,63,66,68,72,241,269,275,304,316,430,474,481,489,510,514,517,519,520,520,533,549,551,551,551,550,549,546,471,454,450,447,443,439,435,430,359,351,344,333,313,296,282,262,248,217,205,194,183,166,162,159,156,154,152,150,148,147,146,145,144,143,142,141,140,138,138,136,135,133,132,132,130,130,128,128,127,126,125,124,123,123,121,121,119,119,119,117,117,117,115,115,113,113,112,111,109,108,106,106,106,105,104,104,104,104,104,105,105,105,105,105,105,104,104,104,103,102,102,102,102,102,102,101,101,100,100,100,99,99,99,99,97,97,97,97,97,97,97,98,98,98,99,99,100,101,101,103,104,105,106,108,108,110,110,112,114,114,114,116,116,118,119,119,120,121,121,122,123,123,124,125,125,125,126,127,127,127,127,127,127,127,127,127,127,127,126,126,126,126,127,128,128,127,128,128,128,128,128,128,129,130,130,130,131,131,132,132,132,133,134,134,134,134,135,135,136,136,136,136,136,136,136,137,137,137,137,137,137,137,137,137,136,137,135,135,135,135,135,135,135,135,135,135,135,134,134,134,134,134,134,134,134,134,134,133,132,132,132,132,132,132,132,131,131,130,129,129,129,129,127,127,127,126,125,125,124,123,123,122,121,121,120,119,118,117,116,115,115,113,113,113,111,111,110,109,109,108,108,106,106,106,105,104,104,104,103,103,103,102,102,102,102,102,101,101,101,101,101,100,100,100,100,100,99,99,99,99,99,99,99,99,100,100,100,100,101,101,102,102,103,103,103,104,105,105,105,106,107,107,107,107,109,109,109,109,109,109,109,109,110,110,110,110,110,110,110,110,108,108,108,108,108,108,108,106,106,106,106,105,104,104,104,104,103,102,102,102,101,100,100,100,99,98,98,98,98,96,96,96,96,94,94,94,94,92,92,92,92,92,90,90,90,90,88,88,88,88,88,86,86,86,86,85,85,85,85,85,85,84,84,84,84,85,85,85,86,87,87,87,87,88,88,88,88,89,89,89,89,90,90,91,92,92,93,93,95,95,96,97,98,100,101,102,103,104,105,105,105,107,107,107,107,107,107,106,105,105,105,105,102,101,99,93,90,44,42,38,1,1,1,1,1,1,1,1,1,1,1,1,1,1,1,1,1,1,1,1,1,1,1,1,1,1,1,1,1,1,1,1,1,1,1,1,1,1,1,1,1,1,1,1,1,1,1,1,1,1,1,1,1,1,1,1,1,1,1,1,1,1,1,1
syn_f000314-0-Pre,1,1,1,1,1,1,1,1,1,1,1,1,1,1,1,1,1,1,1,1,1,1,1,1,1,1,1,1,1,1,1,1,1,1,1,1,1,1,1,1,1,1,1,1,1,1,1,1,1,1,1,1,1,1,1,1,1,1,1,1,1,1,1,1,1,1,1,1,1,1,1,1,1,1,1,1,1,1,1,1,1,1,1,1,1,1,1,1,1,1,1,1,1,1,1,1,1,1,1,1,1,1,1,1,1,1,1,9,21,25,29,33,36,38,40,42,44,46,47,49,49,51,52,53,54,55,56,57,57,58,59,59,60,60,60,60,61,61,60,61,60,60,60,60,60,60,60,62,66,67,69,68,68,68,67,67,67,66,65,65,64,63,62,62,60,59,57,54,53,48,48,48,48,47,46,46,46,45,45,45,45,45,45,45,45,45,45,45,44,44,44,44,44,44,43,43,44,45,45,46,49,53,57,60,64,69,76,85,91,104,150,163,278,291,305,342,428,441,456,470,487,527,549,555,561,566,571,576,590,590,588,589,590,590,589,586,501,489,486,481,475,468,460,373,361,343,312,297,283,228,211,196,182,170,163,157,153,149,148,146,144,142,141,140,138,137,135,134,131,128,126,125,124,122,121,120,119,118,118,116,116,116,115,114,114,114,114,113,112,112,111,110,110,110,108,108,108,106,106,106,105,105,105,104,104,104,105,105,105,104,103,103,103,103,103,103,103,103,102,102,102,102,102,102,102,102,103,103,104,104,104,104,104,104,104,104,106,106,106,106,107,107,107,107,107,108,109,109,109,109,109,110,110,110,112,112,112,114,115,116,117,118,119,120,121,121,122,123,123,124,125,125,126,126,127,128,128,128,129,130,130,130,130,131,131,132,132,132,132,132,132,133,134,134,134,134,134,134,134,135,136,136,136,136,136,136,137,137,138,138,138,139,139,139,139,139,141,141,141,141,141,141,141,141,141,141,141,141,141,141,141,141,141,141,141,141,140,140,140,140,140,139,139,138,138,138,138,138,138,138,138,137,137,136,136,136,136,136,135,135,135,135,135,135,134,133,133,133,133,133,133,132,131,131,131,130,129,129,128,127,127,126,126,125,124,124,124,123,123,122,121,121,121,120,119,119,119,118,117,117,117,116,115,115,115,115,114,113,113,113,113,112,112,111,111,111,111,111,110,110,110,110,109,109,109,109,109,109,109,108,108,108,108,108,108,107,107,107,107,107,106,106,106,106,106,106,106,106,106,106,106,106,106,106,106,106,106,106,106,106,107,107,107,107,107,108,108,108,109,109,109,109,109,109,109,110,110,110,109,109,109,109,109,109,109,109,109,109,109,109,109,109,108,107,107,107,107,107,107,107,106,106,105,105,105,105,105,104,104,104,103,103,103,102,102,102,102,101,101,100,100,100,100,100,100,98,98,98,98,98,98,98,97,96,96,96,96,96,96,94,94,94,94,92,92,92,92,92,91,90,90,90,90,90,89,89,89,88,88,88,88,88,88,88,88,89,89,89,89,90,90,90,91,91,91,91,91,91,91,91,91,92,92,93,94,94,95,95,96,97,98,99,100,102,102,104,106,106,108,108,109,110,110,112,112,112,112,113,112,112,112,112,111,111,108,105,103,101,96,92,42,37,1,1,1,1,1,1,1,1,1,1,1,1,1,1,1,1,1,1,1,1,1,1,1,1,1,1,1,1,1,1,1,1,1,1,1,1,1,1,1,1,1,1,1,1,1,1
syn_f000316-3-Pre,1,1,1,1,1,1,1,1,1,1,1,1,1,1,1,1,1,1,1,1,1,1,1,1,1,1,1,1,1,1,1,1,1,1,1,1,1,1,1,1,1,1,1,1,1,1,1,1,1,1,1,1,1,1,1,1,1,1,1,1,1,1,1,1,1,1,1,1,1,1,1,1,1,1,1,1,1,1,1,1,1,1,1,1,1,1,1,1,1,1,1,1,1,1,1,1,1,1,1,1,1,1,1,1,1,1,1,1,1,1,1,1,1,1,1,1,1,1,1,1,1,1,1,1,1,1,1,1,1,1,1,1,1,1,18,25,28,32,36,38,40,42,44,46,48,49,50,51,53,54,55,55,56,57,57,58,59,59,59,59,60,60,60,60,59,59,59,58,58,58,61,65,66,66,66,66,65,65,64,63,63,63,61,61,60,59,57,57,55,53,51,50,50,49,49,49,48,47,47,45,44,43,42,40,39,39,39,39,39,39,39,39,40,40,40,41,43,44,48,50,52,55,62,79,95,105,113,146,154,161,176,190,211,227,277,327,338,347,355,361,368,375,383,391,399,407,418,429,438,444,449,456,462,469,477,487,502,512,531,538,544,553,552,550,548,528,336,333,125,122,122,120,120,120,119,118,118,116,114,114,112,110,109,108,107,105,105,104,104,103,102,101,100,99,99,97,97,95,93,92,91,89,88,87,86,84,84,83,83,83,83,83,82,82,82,82,82,82,80,80,80,80,79,79,79,78,77,77,77,77,76,75,75,74,73,73,71,71,69,69,68,67,67,65,65,66,66,68,69,70,72,73,74,76,76,78,79,80,81,83,83,85,87,88,89,91,93,95,95,97,99,100,101,102,103,105,105,105,106,107,107,108,108,108,109,109,109,110,110,110,111,111,111,112,113,113,114,115,115,117,117,118,118,120,120,121,122,122,123,125,125,126,127,128,128,129,130,130,132,132,132,134,134,134,134,135,136,136,136,137,138,138,138,138,138,138,138,138,139,139,139,139,139,139,138,138,138,138,138,138,138,138,138,138,138,138,138,138,138,138,137,137,137,136,136,135,135,135,134,134,133,133,133,131,131,131,129,129,128,128,127,126,126,125,124,124,123,122,121,120,119,119,118,118,117,116,116,114,114,114,112,112,112,110,110,110,108,108,108,106,106,106,106,105,104,104,104,103,103,103,103,103,103,102,102,101,101,101,100,100,100,100,100,100,100,100,100,100,100,100,100,100,100,101,101,101,102,102,102,103,104,104,104,105,105,106,106,107,107,108,108,109,109,109,110,110,111,111,111,111,111,111,111,112,113,113,112,112,112,112,112,112,112,112,112,112,112,111,110,110,110,110,109,108,108,108,108,108,106,106,106,104,104,104,104,102,102,102,101,100,100,100,98,98,98,97,96,96,96,94,94,94,94,92,92,92,91,90,90,90,89,89,88,88,87,87,86,86,86,85,85,85,85,85,85,85,86,86,86,86,87,88,88,88,88,88,88,89,89,90,91,91,92,93,94,94,95,95,95,97,97,98,99,101,102,103,103,104,104,104,104,105,105,104,105,104,104,104,104,104,103,102,98,97,96,90,40,1,1,1,1,1,1,1,1,1,1,1,1,1,1,1,1,1,1,1,1,1,1,1,1,1,1,1,1,1,1,1,1,1,1,1,1,1,1,1,1,1,1,1,1,1,1,1,1,1,1,1,1,1,1,1,1,1,1,1,1,1,1,1,1,1,1,1,1,1,1,1
syn_f000318-3-Pre,1,1,1,1,1,1,1,1,1,1,1,1,1,1,1,1,1,1,1,1,1,1,1,1,1,1,1,1,1,1,1,1,1,1,1,1,1,1,1,1,1,1,1,1,1,1,1,1,1,1,1,1,1,1,1,1,1,1,1,1,1,1,1,1,1,1,1,1,1,1,1,1,1,1,1,1,1,1,1,1,1,1,1,1,1,1,1,1,1,1,1,1,1,1,1,1,1,1,1,1,1,1,1,1,1,1,1,1,1,1,1,1,1,1,1,1,1,1,1,1,1,1,1,1,1,1,1,1,1,1,1,1,16,24,28,32,35,39,41,43,45,47,49,50,52,52,54,56,56,58,58,60,60,61,62,62,63,64,64,64,64,64,64,64,64,64,64,64,64,64,64,64,66,70,72,73,73,73,73,72,72,71,71,70,69,69,69,68,67,65,64,64,62,57,56,55,55,54,54,54,53,52,51,49,47,46,47,46,47,47,47,47,47,47,46,48,47,47,48,50,53,230,242,254,266,279,293,387,392,484,489,494,498,502,500,499,500,506,510,514,518,522,527,482,492,499,507,503,500,496,491,484,476,451,448,443,439,434,425,360,352,345,336,326,314,302,287,264,251,238,218,208,196,179,170,164,162,161,159,159,157,157,157,155,155,154,153,153,151,151,150,149,149,147,147,147,146,145,144,143,143,142,141,140,139,139,137,137,137,135,135,134,133,131,130,127,125,123,121,120,118,118,118,118,118,118,118,118,118,117,116,116,116,116,116,115,115,115,115,115,114,114,114,114,113,112,111,111,110,109,108,107,106,105,104,104,104,105,106,108,109,111,113,115,116,118,118,120,121,123,123,124,125,125,126,127,127,127,128,128,129,129,130,130,130,130,131,132,132,132,132,132,132,132,132,133,133,132,132,132,132,132,132,132,132,134,134,134,134,134,134,134,134,136,136,136,136,136,137,138,138,139,139,140,141,141,142,143,143,143,143,143,145,145,145,145,145,145,147,147,147,147,147,147,147,148,148,148,148,147,147,147,147,147,147,147,147,148,147,148,147,147,147,147,147,146,146,146,146,146,146,146,145,144,144,144,144,143,143,142,142,142,141,140,140,139,138,137,137,136,136,135,134,133,133,132,132,131,130,130,129,129,128,126,126,126,124,124,123,122,121,121,119,119,117,117,117,115,115,114,113,113,112,111,110,110,110,110,108,108,108,108,108,108,108,108,108,107,107,107,106,106,106,106,105,106,106,106,106,106,107,107,107,108,109,109,109,110,110,110,112,112,112,113,114,114,114,115,115,115,116,116,116,116,117,117,117,117,117,117,117,117,117,117,117,116,116,116,116,116,115,115,114,114,114,113,112,112,112,111,110,110,110,109,108,108,107,106,106,106,105,104,104,103,102,102,101,101,100,100,100,98,98,98,98,96,96,96,96,94,94,94,94,93,92,92,92,92,91,90,91,90,90,90,90,90,90,91,91,91,92,93,94,94,94,94,94,93,93,93,93,93,93,93,93,94,95,95,97,97,98,99,100,102,102,104,105,106,108,108,110,112,112,113,113,112,112,111,110,108,107,105,98,91,89,39,1,1,1,1,1,1,1,1,1,1,1,1,1,1,1,1,1,1,1,1,1,1,1,1,1,1,1,1,1,1,1,1,1,1,1,1,1,1,1,1,1,1,1,1,1,1,1,1,1,1,1,1,1,1,1,1,1,1,1,1,1,1,1,1,1,1,1,1,1,1,1,1
syn_f000329-2-Pre,1,1,1,1,1,1,1,1,1,1,1,1,1,1,1,1,1,1,1,1,1,1,1,1,1,1,1,1,1,1,1,1,1,1,1,1,1,1,1,1,1,1,1,1,1,1,1,1,1,1,1,1,1,1,1,1,1,1,1,1,1,1,1,1,1,1,1,1,1,1,1,1,1,1,1,1,1,1,1,1,1,1,1,1,1,1,1,1,1,1,1,1,1,1,1,1,1,1,1,1,1,1,1,1,1,1,1,1,1,1,1,1,1,1,1,1,1,1,1,1,1,12,23,27,31,35,39,41,43,45,47,49,51,51,53,54,55,57,58,59,60,60,61,62,63,63,63,63,64,65,65,65,65,65,65,65,65,64,63,63,63,67,71,72,73,73,72,72,72,72,71,70,70,70,68,68,67,66,64,64,63,60,54,54,53,52,52,51,50,49,49,49,48,48,47,47,47,47,47,47,47,47,47,47,47,47,47,48,48,49,51,54,56,60,63,66,69,72,248,269,275,281,289,303,376,381,387,471,476,481,483,485,480,482,486,495,500,503,506,510,514,518,464,468,475,486,483,480,475,471,468,463,453,428,425,410,396,390,385,306,295,283,265,243,189,182,162,155,152,148,147,145,144,143,142,142,141,140,139,138,137,137,135,135,135,133,133,132,131,131,130,128,128,128,126,126,124,124,123,122,122,122,121,120,120,119,118,118,117,116,116,115,115,115,115,115,115,115,115,115,115,114,114,114,114,114,114,114,113,113,113,113,113,113,113,113,113,113,113,112,112,112,112,112,112,112,113,113,113,113,114,114,114,115,115,116,117,118,118,120,120,122,122,123,124,124,125,126,126,126,127,128,128,128,129,129,130,131,131,132,133,133,134,134,135,135,136,136,137,137,137,138,139,139,139,139,139,139,139,139,139,139,138,138,137,137,137,137,137,137,138,138,138,139,139,139,140,140,140,140,141,141,142,142,143,143,143,144,144,145,145,145,146,146,146,147,147,147,147,147,148,149,149,149,149,149,148,147,147,147,147,147,147,146,146,146,146,145,145,145,144,144,143,143,143,142,142,142,141,141,140,140,140,140,138,138,138,138,137,136,136,136,135,135,135,134,133,132,132,131,130,129,129,128,127,127,126,125,124,124,123,122,122,122,122,122,121,120,120,120,119,119,118,118,118,117,117,117,116,116,115,115,115,115,115,114,114,113,113,113,113,113,113,113,113,112,112,112,112,111,111,111,111,110,110,110,110,110,110,110,110,110,110,110,110,110,110,111,112,112,112,112,112,114,114,114,114,114,116,116,116,116,116,117,117,117,117,118,118,118,118,118,118,118,118,118,118,117,117,117,117,117,117,117,117,117,115,115,115,115,115,113,113,113,113,113,111,111,111,111,109,109,109,109,107,107,107,106,105,105,105,104,103,103,103,102,101,101,101,99,99,99,97,97,97,96,95,95,95,95,94,93,93,93,93,93,93,93,93,93,93,93,93,94,94,94,95,95,96,96,95,95,95,95,95,95,95,95,96,96,97,97,98,99,99,99,101,101,103,103,104,105,106,107,108,110,110,111,112,113,113,115,115,115,115,115,116,115,114,111,110,108,105,102,99,94,46,44,39,1,1,1,1,1,1,1,1,1,1,1,1,1,1,1,1,1,1,1,1,1,1,1,1,1,1,1,1,1,1,1,1,1,1,1,1,1,1,1,1,1,1,1,1,1,1,1,1,1,1,1,1,1,1,1,1,1,1,1
syn_f000337-3-Pre,1,1,1,1,1,1,1,1,1,1,1,1,1,1,1,1,1,1,1,1,1,1,1,1,1,1,1,1,1,1,1,1,1,1,1,1,1,1,1,1,1,1,1,1,1,1,1,1,1,1,1,1,1,1,1,1,1,1,1,1,1,1,1,1,1,1,1,1,1,1,1,1,1,1,1,1,1,1,1,1,1,1,1,1,1,1,1,1,1,1,1,1,1,1,1,1,1,1,1,1,1,1,1,1,1,1,1,1,1,1,1,1,1,1,1,1,1,1,1,1,1,1,1,1,1,1,1,1,1,1,1,1,1,1,1,1,1,1,1,1,1,1,1,1,1,1,1,1,1,1,1,1,1,1,1,1,1,1,17,23,27,31,35,37,39,41,43,46,47,49,50,51,52,54,55,56,56,57,58,58,59,59,60,60,61,61,61,61,61,61,60,60,60,59,59,63,67,67,68,68,68,67,67,66,66,65,64,64,64,62,61,60,59,58,54,52,52,51,51,50,50,49,49,48,46,45,44,44,44,44,44,44,44,44,42,42,42,43,45,48,53,57,61,63,66,70,75,213,354,384,395,410,423,436,475,482,491,507,522,522,519,513,502,496,497,486,477,480,480,479,425,423,419,362,355,347,340,330,282,271,218,205,192,170,156,148,144,142,141,140,140,140,138,138,138,138,138,136,135,134,133,133,131,130,129,128,128,128,127,126,126,125,124,123,123,122,121,120,119,119,118,117,116,115,114,113,111,109,109,107,106,106,104,104,104,104,104,103,103,103,103,103,103,101,101,101,101,101,99,99,98,97,96,96,95,94,93,92,91,91,89,89,89,89,89,89,89,90,91,92,93,94,95,96,97,98,99,100,100,101,102,103,103,104,105,106,107,108,109,109,110,111,112,113,113,113,113,113,115,115,115,115,115,115,115,115,115,114,114,114,114,114,114,114,114,114,114,114,114,114,114,115,115,116,116,117,118,118,118,118,120,120,120,120,122,122,122,122,123,124,124,124,124,126,126,126,126,126,127,127,127,127,127,128,128,128,128,128,128,128,128,128,127,127,127,126,126,126,125,125,125,125,125,125,123,123,123,123,123,123,121,121,121,121,119,119,119,119,117,117,117,116,115,114,113,112,111,110,109,108,107,106,105,104,103,103,102,101,100,99,98,97,97,96,95,94,94,93,93,92,91,91,91,91,91,91,92,92,91,91,91,90,91,91,91,91,91,92,92,93,93,94,95,96,96,97,98,98,99,100,100,102,102,102,104,104,104,104,106,106,106,107,107,107,108,108,108,109,108,108,108,108,108,108,108,107,107,107,106,106,106,105,104,104,104,103,102,102,101,101,100,99,99,98,97,97,96,95,95,94,93,92,92,91,90,89,88,88,87,87,86,85,85,84,83,83,83,81,81,81,81,80,80,80,80,80,80,80,80,80,81,81,81,81,82,81,81,81,80,80,80,80,81,82,83,83,85,85,87,88,90,92,93,94,96,96,98,99,99,100,99,99,98,98,97,96,94,93,91,89,85,40,36,35,1,1,1,1,1,1,1,1,1,1,1,1,1,1,1,1,1,1,1,1,1,1,1,1,1,1,1,1,1,1,1,1,1,1,1,1,1,1,1,1,1,1,1,1,1,1,1,1,1,1,1,1,1,1,1,1,1,1,1,1,1,1,1,1,1,1,1,1,1,1,1,1,1,1,1,1,1,1,1,1,1,1,1,1,1,1,1,1,1,1,1,1,1,1
syn_f000343-2-Pre,1,1,1,1,1,1,1,1,1,1,1,1,1,1,1,1,1,1,1,1,1,1,1,1,1,1,1,1,1,1,1,1,1,1,1,1,1,1,1,1,1,1,1,1,1,1,1,1,1,1,1,1,1,1,1,1,1,1,1,1,1,1,1,1,1,1,1,1,1,1,1,1,1,1,1,1,1,1,1,1,1,1,1,1,1,1,1,1,1,1,1,1,1,1,1,1,1,1,1,1,1,1,1,1,1,1,1,1,1,1,1,1,1,1,1,1,1,1,1,1,1,1,1,1,1,1,1,1,1,1,1,1,1,1,1,1,1,1,1,1,20,26,29,33,37,39,41,43,46,48,48,50,52,52,54,55,56,57,58,58,60,60,60,61,62,62,62,62,62,62,62,62,62,62,61,61,61,65,69,70,70,70,70,69,69,69,68,67,67,67,66,65,64,62,61,61,59,54,53,52,52,52,51,50,50,50,48,48,47,45,45,45,45,45,45,45,45,45,45,45,46,46,48,49,53,56,60,222,256,262,275,287,363,367,371,460,467,470,471,468,470,483,490,496,502,510,515,476,489,485,482,478,474,469,463,453,423,386,381,377,370,364,286,273,259,188,177,164,154,150,148,146,145,144,143,142,142,140,139,139,137,136,135,134,132,130,129,128,127,125,125,124,122,122,121,120,119,118,117,116,115,115,113,113,112,111,111,109,109,107,107,105,105,103,103,103,102,101,101,101,101,101,101,101,101,101,101,100,100,100,100,100,99,99,98,98,97,97,97,96,95,95,95,95,95,95,95,95,95,95,95,95,95,95,94,93,93,93,93,93,93,93,93,93,93,93,93,93,93,93,93,94,95,95,96,97,97,98,98,99,99,99,99,99,99,99,99,99,99,99,99,98,98,98,98,98,98,99,99,99,101,101,101,102,103,103,104,105,105,106,107,107,108,108,109,110,110,112,112,112,114,114,114,116,116,116,116,117,118,118,118,119,119,120,120,120,120,121,121,121,121,121,121,121,122,122,122,122,122,122,122,122,122,122,122,122,122,122,122,121,122,121,121,121,121,120,120,120,120,120,120,119,119,118,118,118,118,118,117,116,116,116,116,115,114,114,114,113,113,112,112,111,111,110,109,109,108,107,106,106,105,104,103,102,102,101,100,99,99,99,97,97,97,96,95,95,95,95,94,93,93,93,93,93,93,93,93,92,92,92,91,91,91,90,90,89,89,90,90,91,91,91,92,92,93,93,94,94,95,96,96,98,98,98,99,100,100,101,102,102,103,104,104,105,105,105,105,105,106,107,107,107,107,107,107,107,107,107,107,107,107,106,106,106,106,106,105,105,104,104,103,103,103,102,102,101,101,100,100,99,99,98,98,97,97,96,96,95,95,94,94,94,92,92,92,91,90,90,90,88,88,88,87,86,86,86,85,84,84,83,83,82,81,81,80,80,80,79,78,78,79,79,79,79,79,80,80,80,80,80,80,80,80,81,81,82,82,84,84,84,85,86,86,88,89,90,91,93,94,94,95,96,96,96,96,98,98,98,97,97,96,96,96,95,95,94,92,90,83,36,33,1,1,1,1,1,1,1,1,1,1,1,1,1,1,1,1,1,1,1,1,1,1,1,1,1,1,1,1,1,1,1,1,1,1,1,1,1,1,1,1,1,1,1,1,1,1,1,1,1,1,1,1,1,1,1,1,1,1,1,1,1,1,1,1,1,1,1,1,1,1,1,1,1,1,1,1,1
syn_f000345-2-Pre,1,1,1,1,1,1,1,1,1,1,1,1,1,1,1,1,1,1,1,1,1,1,1,1,1,1,1,1,1,1,1,1,1,1,1,1,1,1,1,1,1,1,1,1,1,1,1,1,1,1,1,1,1,1,1,1,1,1,1,1,1,1,1,1,1,1,1,1,1,1,1,1,1,1,1,1,1,1,1,1,1,1,1,1,1,1,1,1,1,1,1,1,1,1,1,1,1,1,1,1,1,1,1,1,1,1,1,1,1,1,1,1,1,1,1,1,1,1,1,1,1,1,1,1,1,1,1,1,1,1,1,1,1,1,8,19,25,29,33,35,37,39,41,43,45,46,48,49,50,52,52,54,54,54,56,56,56,58,58,58,58,58,58,58,58,58,58,58,58,57,56,58,62,64,64,64,64,64,64,63,62,62,61,60,60,58,58,56,55,54,51,48,48,47,46,46,45,44,44,44,42,41,41,41,41,40,40,40,40,40,40,40,40,40,40,40,41,44,48,52,56,60,64,68,75,81,101,151,163,181,200,218,234,264,280,295,314,335,347,358,370,381,392,400,409,416,423,430,438,445,453,460,466,472,483,494,510,514,518,522,524,530,534,517,528,531,531,531,429,343,342,321,138,136,135,134,133,132,132,130,130,129,127,126,124,123,122,121,121,120,119,119,117,116,115,115,113,113,111,111,110,108,108,108,106,106,106,104,104,104,104,104,104,104,104,104,104,104,104,104,103,103,103,103,101,101,101,100,100,100,99,98,98,97,96,95,94,94,94,92,92,92,90,90,90,90,89,89,89,89,90,90,90,90,92,92,94,94,96,96,98,100,101,102,104,105,106,108,110,110,112,113,114,115,116,117,118,118,119,119,121,121,121,123,123,123,123,124,124,125,125,125,125,126,127,127,127,127,127,128,129,129,129,129,130,131,131,131,131,132,133,133,134,135,135,136,137,137,138,139,139,140,140,141,141,141,142,142,143,143,143,144,144,144,144,144,144,144,144,144,144,144,144,144,144,144,144,144,144,144,144,144,144,144,144,143,143,143,143,143,143,143,143,143,141,141,141,141,141,141,139,139,139,139,137,137,137,136,136,135,134,134,134,134,132,132,132,130,130,130,128,128,128,126,126,126,124,124,124,123,123,122,121,121,121,119,119,119,119,118,117,117,117,116,116,115,115,114,114,114,114,114,112,112,112,112,112,112,112,111,111,110,110,110,110,110,110,110,110,110,110,111,111,111,112,112,113,113,113,114,115,115,115,115,116,116,116,117,117,118,118,118,118,119,120,120,120,120,120,120,120,120,120,120,120,120,120,120,120,120,120,120,120,120,120,120,120,119,118,118,118,118,118,117,116,116,116,116,115,114,114,113,113,112,112,111,111,110,109,109,109,108,107,106,106,105,104,104,103,103,102,102,101,100,100,100,99,98,98,98,97,96,96,96,95,94,94,94,94,93,93,92,92,92,92,92,92,92,92,91,91,91,91,92,91,92,91,91,92,92,92,93,94,94,95,96,96,98,98,100,100,102,103,104,105,106,106,107,107,107,107,107,107,107,107,107,107,106,105,104,102,98,96,92,44,42,1,1,1,1,1,1,1,1,1,1,1,1,1,1,1,1,1,1,1,1,1,1,1,1,1,1,1,1,1,1,1,1,1,1,1,1,1,1,1,1,1,1,1,1,1,1,1,1,1,1,1,1,1,1,1,1,1,1,1,1,1,1,1,1,1,1,1,1,1,1,1,1
syn_f000346-2-Pre,1,1,1,1,1,1,1,1,1,1,1,1,1,1,1,1,1,1,1,1,1,1,1,1,1,1,1,1,1,1,1,1,1,1,1,1,1,1,1,1,1,1,1,1,1,1,1,1,1,1,1,1,1,1,1,1,1,1,1,1,1,1,1,1,1,1,1,1,1,1,1,1,1,1,1,1,1,1,1,1,1,1,1,1,1,1,1,1,1,1,1,1,1,1,1,1,1,1,1,1,1,1,1,1,1,1,1,1,1,1,1,1,1,1,1,1,1,1,1,1,1,1,1,1,1,1,1,1,1,1,1,1,1,1,1,1,1,1,1,8,20,24,28,33,36,38,40,42,44,46,48,50,50,52,53,54,56,57,57,58,59,59,60,61,61,61,61,62,62,62,62,62,61,61,61,61,61,61,64,68,68,69,69,69,68,68,68,67,66,66,65,65,64,63,61,61,59,57,54,52,52,52,51,50,50,49,47,47,45,45,45,45,44,44,44,44,44,43,43,43,43,43,43,44,46,49,55,60,65,69,73,80,161,170,180,341,352,363,373,383,393,403,412,418,424,432,438,446,456,465,480,493,515,524,537,537,536,536,533,511,509,491,493,494,494,435,361,349,335,313,275,237,222,144,142,141,140,138,138,138,138,137,136,136,135,134,133,132,131,131,130,130,128,128,128,128,128,126,126,126,126,125,125,124,123,123,122,121,121,121,120,119,119,118,118,117,116,116,115,114,114,113,113,112,112,112,112,111,111,111,110,110,110,110,110,109,109,108,108,108,108,108,107,107,107,107,107,107,108,108,108,109,109,108,108,108,108,108,108,108,107,107,107,106,106,106,108,109,110,111,113,115,116,117,118,120,120,122,122,124,124,124,126,126,126,127,128,128,128,129,129,130,130,130,130,130,130,130,130,130,130,130,130,130,130,130,130,130,130,129,128,128,128,129,129,129,129,129,130,130,130,131,131,132,133,133,133,134,134,135,135,135,136,136,136,137,138,138,138,138,138,138,139,139,139,139,139,139,139,139,139,139,139,139,139,139,139,139,139,139,139,139,138,138,138,138,137,137,137,137,136,136,136,135,134,134,134,134,133,132,132,132,130,130,130,130,128,128,128,127,126,125,125,124,123,123,122,121,121,120,119,118,118,117,116,116,115,114,114,112,112,112,111,110,110,110,109,109,109,109,109,109,108,108,108,108,107,107,107,107,107,107,105,105,105,105,104,104,104,104,104,104,104,104,105,105,105,106,107,107,108,109,109,110,111,111,112,113,113,113,114,115,115,115,116,116,116,117,117,117,117,117,117,117,117,117,117,117,117,117,117,117,117,116,116,115,115,114,114,114,113,113,112,112,111,111,110,109,109,108,107,107,106,105,105,104,103,103,102,101,101,99,99,99,97,97,97,96,95,95,94,94,93,93,93,92,91,91,91,91,91,90,90,90,90,91,91,91,91,91,91,91,91,91,91,91,91,91,91,92,92,92,93,93,94,94,94,95,96,96,97,97,99,99,101,101,103,104,105,106,107,108,108,109,110,110,111,111,112,112,111,109,106,106,103,98,93,43,40,33,24,1,1,1,1,1,1,1,1,1,1,1,1,1,1,1,1,1,1,1,1,1,1,1,1,1,1,1,1,1,1,1,1,1,1,1,1,1,1,1,1,1,1,1,1,1,1,1,1,1,1,1,1,1,1,1,1,1,1,1,1,1,1,1,1,1,1,1,1,1,1,1,1,1,1,1,1,1
syn_f000379-2-Pre,1,1,1,1,1,1,1,1,1,1,1,1,1,1,1,1,1,1,1,1,1,1,1,1,1,1,1,1,1,1,1,1,1,1,1,1,1,1,1,1,1,1,1,1,1,1,1,1,1,1,1,1,1,1,1,1,1,1,1,1,1,1,1,1,1,1,1,1,1,1,1,1,1,1,1,1,1,1,1,1,1,1,1,1,1,1,1,1,1,1,1,1,1,1,1,1,1,1,1,1,1,1,1,1,1,1,1,1,1,1,1,1,12,22,26,30,34,37,39,40,42,44,46,48,50,50,52,53,54,55,57,57,58,59,59,60,61,61,61,62,62,62,62,62,62,62,62,62,61,61,61,61,64,69,70,70,70,70,70,70,68,68,68,68,67,66,66,64,64,62,62,60,57,53,52,51,50,50,50,49,48,49,49,49,49,48,48,48,47,47,47,47,47,47,46,46,46,46,47,49,55,60,64,68,72,77,271,290,332,464,479,494,551,558,562,570,577,585,592,608,620,612,606,607,608,608,607,605,592,579,579,517,514,510,507,502,496,418,409,400,386,372,362,352,326,307,297,261,250,236,216,191,180,175,171,168,165,164,161,159,158,156,156,155,153,152,151,150,148,146,144,142,139,137,136,134,133,132,130,130,129,128,128,127,126,126,125,124,124,122,122,120,120,119,118,117,117,115,115,114,113,113,112,112,111,111,110,110,109,109,109,109,109,109,108,108,108,108,108,107,107,107,107,107,107,105,105,105,105,105,105,105,105,105,105,105,104,104,104,104,104,106,106,106,108,109,110,111,112,113,114,115,116,117,118,119,121,122,123,124,126,126,127,128,128,130,130,130,131,131,132,132,132,133,133,133,132,132,132,132,132,132,132,131,131,131,131,131,130,130,130,130,130,130,131,131,131,131,131,131,131,131,132,132,133,133,134,134,134,135,136,136,136,137,138,138,138,138,138,139,140,140,140,140,140,140,142,142,142,142,141,141,141,141,141,140,140,139,139,139,139,139,139,139,138,138,137,137,137,137,137,136,135,135,135,135,135,135,133,133,133,133,133,133,132,131,131,131,131,131,130,129,129,127,127,127,125,125,124,123,123,122,121,121,121,119,119,119,118,117,117,117,116,115,115,114,113,113,113,112,111,111,111,111,109,109,109,109,107,107,107,107,107,106,106,105,105,105,105,105,105,105,106,106,106,106,106,106,106,106,106,106,106,106,106,107,107,107,107,107,107,107,108,108,108,108,108,108,109,110,110,110,111,112,112,112,113,114,114,114,116,116,116,116,118,118,118,118,120,120,120,120,120,120,121,121,121,121,122,122,122,121,121,121,121,121,121,121,120,119,119,119,119,119,118,118,117,117,116,116,115,115,114,114,113,113,112,112,111,111,110,110,109,109,108,108,107,107,106,106,105,105,104,104,103,103,103,102,101,101,101,100,99,99,99,98,97,97,97,96,95,95,95,94,94,93,93,93,93,93,93,93,93,93,93,93,93,93,93,93,93,94,94,94,94,94,94,95,95,95,95,95,95,95,95,95,95,96,97,97,98,99,99,100,101,102,103,104,105,106,107,108,110,110,111,112,113,114,114,115,115,115,115,114,114,113,113,112,112,110,108,107,106,103,100,96,42,39,1,1,1,1,1,1,1,1,1,1,1,1,1,1,1,1,1,1,1,1,1,1,1,1,1,1,1,1,1,1,1,1,1,1,1,1,1,1,1,1,1,1,1,1,1,1,1,1,1,1
syn_f000382-2-Pre,1,1,1,1,1,1,1,1,1,1,1,1,1,1,1,1,1,1,1,1,1,1,1,1,1,1,1,1,1,1,1,1,1,1,1,1,1,1,1,1,1,1,1,1,1,1,1,1,1,1,1,1,1,1,1,1,1,1,1,1,1,1,1,1,1,1,1,1,1,1,1,1,1,1,1,1,1,1,1,1,1,1,1,1,1,1,1,1,1,1,1,1,1,1,1,1,1,1,1,1,1,1,1,1,1,1,1,1,1,1,1,1,1,1,1,1,1,1,1,1,1,1,8,21,25,29,33,37,39,41,43,45,47,48,50,50,52,54,54,56,56,58,58,58,60,60,60,61,61,62,62,62,62,62,62,62,62,61,61,60,60,60,63,67,68,68,68,68,68,68,67,66,66,65,65,64,63,62,60,59,58,58,53,51,51,51,51,50,49,49,48,47,46,45,43,42,41,41,41,41,41,41,41,41,41,41,41,40,40,40,41,41,43,46,50,238,254,263,272,323,328,484,493,502,513,516,513,509,512,522,542,557,557,556,555,554,495,489,471,460,460,457,453,449,443,436,369,358,341,321,310,300,286,267,236,225,212,199,189,182,171,154,150,147,145,144,143,142,142,141,140,140,139,137,137,136,134,134,132,131,129,127,126,125,123,122,121,121,120,119,119,118,117,117,116,115,114,113,112,112,111,110,109,108,106,106,105,105,104,104,103,103,103,103,102,102,101,101,101,101,100,99,99,99,98,97,97,96,96,96,95,94,94,93,92,92,91,91,91,91,91,91,91,91,91,91,92,92,92,93,93,93,95,95,95,96,97,97,97,97,99,99,99,100,101,101,102,103,104,105,106,108,109,109,111,111,113,113,114,115,116,116,117,118,118,118,118,119,119,119,119,120,121,121,121,121,121,121,121,122,122,122,123,123,123,124,124,124,125,125,125,126,127,127,127,128,129,129,130,131,131,131,132,133,133,133,133,133,134,135,135,135,135,135,136,136,136,137,137,137,137,137,137,136,136,136,136,136,135,135,135,135,135,134,133,133,133,133,133,132,132,131,131,131,131,130,130,129,129,129,128,128,128,127,127,127,126,126,125,125,125,125,125,125,125,123,123,123,123,121,121,121,120,120,119,119,117,117,116,115,115,113,113,112,111,111,111,109,109,109,108,107,107,107,106,105,105,105,105,104,104,104,104,104,104,104,104,104,103,103,103,103,103,102,102,102,102,101,101,101,101,101,101,101,101,101,101,101,101,101,102,102,103,103,103,104,105,105,105,105,106,107,107,108,108,109,109,109,110,110,111,110,111,111,111,111,111,112,112,112,112,112,112,112,112,111,110,110,110,110,110,110,110,110,109,108,108,108,108,108,107,107,106,106,106,106,105,104,104,104,103,103,102,102,102,101,101,101,100,100,99,99,98,98,97,97,97,96,96,95,95,94,94,93,93,93,93,92,91,91,91,90,89,89,89,89,89,88,87,87,87,87,87,88,89,89,89,90,91,91,90,90,90,90,90,90,90,90,90,90,90,92,92,92,94,94,95,95,97,98,99,100,102,104,104,104,105,106,106,107,108,108,107,106,106,105,105,104,104,102,100,95,93,91,87,84,35,1,1,1,1,1,1,1,1,1,1,1,1,1,1,1,1,1,1,1,1,1,1,1,1,1,1,1,1,1,1,1,1,1,1,1,1,1,1,1,1,1,1,1,1,1,1,1,1,1,1,1,1,1,1,1,1,1,1,1,1,1
syn_f000389-1-Pre,1,1,1,1,1,1,1,1,1,1,1,1,1,1,1,1,1,1,1,1,1,1,1,1,1,1,1,1,1,1,1,1,1,1,1,1,1,1,1,1,1,1,1,1,1,1,1,1,1,1,1,1,1,1,1,1,1,1,1,1,1,1,1,1,1,1,1,1,1,1,1,1,1,1,1,1,1,1,1,1,1,1,1,1,1,1,1,1,1,1,1,1,1,1,1,1,1,1,1,1,1,1,1,1,1,1,1,1,1,1,1,1,1,1,1,1,1,1,1,1,1,1,1,1,1,1,1,1,1,1,1,1,1,8,21,25,29,33,36,38,40,42,45,45,47,49,49,51,52,53,54,55,55,56,57,57,57,58,58,59,59,59,59,59,59,58,57,57,57,58,63,65,65,65,65,65,64,63,63,63,62,61,61,59,59,57,55,55,51,49,48,48,48,47,46,46,45,44,43,41,41,41,40,41,41,41,40,39,39,39,39,39,39,39,40,42,43,46,48,50,53,55,58,63,208,236,252,262,273,343,349,355,359,363,372,434,433,431,431,439,446,454,461,467,471,412,412,413,413,414,414,419,421,427,423,403,391,384,375,369,341,338,335,332,330,233,169,154,146,142,140,137,134,133,131,130,129,127,125,124,123,121,119,118,116,116,115,114,114,114,113,112,112,112,112,110,110,110,110,108,108,108,107,106,106,105,104,103,103,104,104,104,104,104,104,104,104,104,104,104,104,103,103,103,103,103,103,103,102,102,101,101,100,100,100,99,98,98,97,97,97,96,96,95,95,95,95,95,94,94,95,95,95,95,95,96,96,98,98,99,100,101,102,103,103,105,105,107,107,108,109,109,109,111,111,112,112,113,113,114,114,115,116,116,116,118,118,118,118,119,120,120,120,120,120,121,121,121,121,121,122,122,123,123,123,123,123,124,125,125,125,125,126,127,127,127,127,128,129,129,129,130,131,131,131,132,132,133,133,133,133,133,133,133,133,133,133,134,133,133,133,133,133,132,132,132,132,132,132,132,132,132,131,130,130,130,130,129,129,129,128,128,128,127,127,127,127,126,125,125,125,124,124,123,123,122,122,122,121,121,121,120,120,120,119,119,118,118,117,117,116,116,116,114,114,114,114,113,112,112,112,112,111,111,111,110,110,109,109,109,109,109,108,108,107,107,107,107,107,106,106,106,106,106,106,106,106,106,105,105,105,104,104,104,104,104,104,104,104,103,103,103,103,102,102,102,102,102,102,102,102,102,103,103,103,103,103,103,104,104,104,105,105,105,106,106,106,107,107,107,107,107,107,107,107,107,107,107,107,107,107,107,107,107,107,107,107,107,107,106,106,105,105,105,105,103,103,103,103,103,103,101,101,101,101,100,99,99,99,99,97,97,97,97,96,96,95,95,95,94,94,93,93,93,92,92,91,91,91,90,90,90,89,88,88,88,88,87,87,87,87,87,87,87,87,87,87,87,87,88,89,89,89,89,89,89,88,88,88,89,89,90,90,92,92,92,93,94,95,96,97,97,99,100,101,103,103,103,105,105,105,105,105,105,105,104,102,102,102,101,100,97,96,94,92,87,83,35,1,1,1,1,1,1,1,1,1,1,1,1,1,1,1,1,1,1,1,1,1,1,1,1,1,1,1,1,1,1,1,1,1,1,1,1,1,1,1,1,1,1,1,1,1,1,1,1,1,1,1,1,1,1,1,1,1,1,1,1,1,1,1,1,1,1,1,1,1,1
syn_f000389-2-Pre,1,1,1,1,1,1,1,1,1,1,1,1,1,1,1,1,1,1,1,1,1,1,1,1,1,1,1,1,1,1,1,1,1,1,1,1,1,1,1,1,1,1,1,1,1,1,1,1,1,1,1,1,1,1,1,1,1,1,1,1,1,1,1,1,1,1,1,1,1,1,1,1,1,1,1,1,1,1,1,1,1,1,1,1,1,1,1,1,1,1,1,1,1,1,1,1,1,1,1,1,1,1,1,1,1,1,1,1,1,1,1,1,1,1,1,1,1,1,1,1,1,1,1,1,1,1,1,1,1,1,1,1,1,8,21,25,29,33,36,38,40,42,45,45,47,49,49,51,52,53,54,55,55,56,57,57,57,58,58,59,59,59,59,59,59,58,57,57,57,58,63,65,65,65,65,65,64,63,63,63,62,61,61,59,59,57,55,55,51,49,48,48,48,47,46,46,45,44,43,41,41,41,41,41,41,41,41,39,39,40,39,39,41,41,42,44,46,49,51,54,56,59,63,67,72,102,109,115,120,151,162,173,194,208,249,266,283,296,307,343,354,365,375,385,394,402,411,420,427,436,445,454,462,476,485,501,505,509,513,517,520,524,509,516,523,354,351,347,345,343,341,317,135,133,131,130,130,128,127,126,125,124,123,121,121,119,118,117,117,117,116,115,115,115,114,113,113,111,111,111,109,109,107,107,106,105,105,103,103,103,103,104,104,104,104,104,104,103,103,103,103,102,102,102,102,102,102,102,102,101,101,101,100,100,99,98,98,97,97,96,95,94,94,93,93,93,93,91,91,91,91,91,91,91,92,92,94,94,95,96,97,98,99,100,101,102,103,103,104,105,106,107,107,109,109,109,111,111,112,112,113,114,114,114,115,116,116,116,118,118,118,118,118,118,119,119,119,119,119,119,120,120,121,121,121,121,121,123,123,123,123,123,124,125,125,125,126,127,127,128,129,129,129,131,131,131,131,131,133,133,133,133,133,133,134,134,134,134,134,134,134,134,134,134,134,134,134,134,134,134,134,134,134,133,133,133,133,132,132,132,131,131,131,131,131,131,131,130,129,129,129,128,127,127,127,126,126,125,125,125,124,124,123,123,123,123,122,121,121,120,119,119,118,118,117,117,116,116,116,114,114,114,113,112,112,111,111,111,111,110,110,109,109,109,108,108,107,107,107,107,107,106,106,106,106,106,106,106,105,105,105,104,104,104,105,104,104,104,104,103,103,103,103,103,102,102,102,102,103,103,103,103,103,104,104,105,105,105,105,105,107,107,107,107,108,109,109,109,109,109,109,109,110,111,111,111,111,111,111,111,111,111,111,111,110,110,110,110,110,109,109,109,108,107,107,107,107,105,105,105,105,104,103,103,103,102,101,101,101,100,99,99,99,98,97,97,97,96,95,95,95,94,94,93,93,92,92,92,91,91,90,90,90,89,88,88,88,87,88,88,87,87,87,87,87,87,87,87,87,88,89,89,89,89,89,89,89,88,88,89,89,90,90,92,92,92,93,94,95,95,97,97,99,100,101,103,103,103,105,105,105,105,105,105,105,104,102,102,102,102,100,97,96,95,93,88,84,35,1,1,1,1,1,1,1,1,1,1,1,1,1,1,1,1,1,1,1,1,1,1,1,1,1,1,1,1,1,1,1,1,1,1,1,1,1,1,1,1,1,1,1,1,1,1,1,1,1,1,1,1,1,1,1,1,1,1,1,1,1,1,1,1,1,1,1,1,1,1
syn_f000398-0-Pre,1,1,1,1,1,1,1,1,1,1,1,1,1,1,1,1,1,1,1,1,1,1,1,1,1,1,1,1,1,1,1,1,1,1,1,1,1,1,1,1,1,1,1,1,1,1,1,1,1,1,1,1,1,1,1,1,1,1,1,1,1,1,1,1,1,1,1,1,1,1,1,1,1,1,1,1,1,1,1,1,1,1,1,1,1,1,1,1,1,1,1,1,1,1,1,1,1,1,1,1,1,1,1,1,1,1,1,1,1,1,1,1,1,1,1,1,1,1,1,1,1,1,1,1,1,1,16,24,28,32,36,38,40,42,45,47,49,50,51,53,53,55,56,57,58,59,60,60,61,62,62,62,63,63,63,63,64,63,64,63,63,62,62,62,62,65,69,71,71,71,71,70,70,70,70,68,68,68,68,66,66,65,63,62,61,58,57,54,53,52,52,52,51,50,49,48,47,47,47,47,47,46,46,46,45,45,45,45,45,46,48,56,269,276,287,301,345,382,390,396,399,401,402,398,398,441,452,460,465,471,478,487,498,443,444,445,445,447,451,452,454,460,464,472,469,465,461,457,453,447,440,411,407,403,398,393,293,282,266,254,234,200,185,162,156,152,148,145,144,142,141,139,138,137,135,134,134,133,132,132,132,131,131,132,132,132,132,132,132,132,132,132,132,132,132,132,132,131,131,130,130,129,128,127,126,123,121,119,117,116,116,115,116,116,116,117,117,117,118,118,118,118,118,119,119,119,120,120,122,123,124,126,127,128,128,129,130,129,129,129,129,128,128,128,129,130,132,133,135,137,138,140,141,143,145,147,148,148,149,150,150,151,152,152,152,153,153,154,154,154,154,154,155,155,155,156,156,156,156,156,156,156,156,156,156,156,156,156,156,156,156,156,156,157,157,157,158,158,158,158,159,159,159,159,159,159,159,160,160,160,160,160,161,161,162,162,162,161,161,162,162,162,162,162,162,162,162,162,162,161,161,161,160,160,160,160,159,159,159,159,158,158,157,157,157,157,156,155,155,155,154,154,153,153,153,152,152,151,150,150,150,150,149,148,148,148,147,146,146,145,144,143,142,142,141,140,140,138,138,137,136,136,135,134,134,133,133,132,131,131,130,129,129,129,128,128,127,127,126,126,125,124,124,124,123,122,122,122,121,120,120,120,119,119,118,118,118,118,118,116,116,116,116,116,115,114,114,114,114,114,114,113,113,113,113,113,113,113,113,113,113,113,113,113,114,114,115,115,115,116,116,117,117,117,117,117,117,117,118,118,118,119,119,119,119,119,119,119,119,119,119,119,119,118,118,118,117,117,117,117,117,117,116,116,116,115,115,114,114,114,114,113,113,113,112,112,112,111,111,110,110,110,109,109,108,108,108,108,107,106,106,106,106,105,104,104,104,104,104,102,102,102,102,101,100,100,100,100,99,99,98,98,98,98,98,97,96,96,96,96,96,96,96,97,97,97,97,97,98,99,99,99,100,100,100,100,100,100,100,100,100,99,99,99,101,101,101,101,102,103,103,105,105,107,107,109,109,111,113,113,115,116,117,118,120,120,120,120,121,120,120,119,118,115,113,112,110,105,99,44,1,1,1,1,1,1,1,1,1,1,1,1,1,1,1,1,1,1,1,1,1,1,1,1,1,1,1,1,1,1,1,1,1,1,1,1,1,1,1,1,1,1,1,1,1,1,1,1,1,1,1,1,1,1,1,1,1,1,1,1,1,1,1,1,1,1,1,1
syn_f000402-3-Pre,1,1,1,1,1,1,1,1,1,1,1,1,1,1,1,1,1,1,1,1,1,1,1,1,1,1,1,1,1,1,1,1,1,1,1,1,1,1,1,1,1,1,1,1,1,1,1,1,1,1,1,1,1,1,1,1,1,1,1,1,1,1,1,1,1,1,1,1,1,1,1,1,1,1,1,1,1,1,1,1,1,1,1,1,1,1,1,1,1,1,1,1,1,1,1,1,1,1,1,1,1,1,1,1,1,1,1,1,1,1,1,1,1,1,1,1,1,1,1,1,1,1,1,1,1,1,1,1,1,1,12,23,27,31,35,38,40,42,44,46,48,50,50,52,54,54,56,56,58,58,59,60,61,61,62,62,63,63,63,63,63,63,63,63,63,63,63,63,63,62,63,67,70,70,71,71,71,70,70,70,69,68,68,67,67,66,65,64,63,61,60,56,55,52,51,50,50,49,48,48,46,46,45,45,45,46,46,46,46,46,46,46,46,45,45,45,46,47,48,50,52,56,59,63,68,74,276,384,396,406,418,430,441,453,464,476,493,506,542,550,570,587,587,586,585,582,568,558,554,541,539,541,541,540,477,472,402,393,381,368,354,338,320,304,256,237,222,201,177,168,162,158,154,151,150,149,147,146,146,144,144,144,144,143,142,141,140,139,139,137,137,135,135,135,134,133,132,132,131,130,129,128,128,126,126,124,124,122,122,121,121,120,119,117,116,115,114,112,111,110,109,108,108,108,107,106,106,105,105,105,105,105,105,104,103,103,103,103,103,103,102,101,101,101,100,100,99,98,98,98,97,97,97,97,97,97,97,98,99,100,101,102,104,104,106,107,108,109,110,111,112,113,115,115,117,118,119,120,121,122,123,124,124,125,126,127,127,128,129,129,129,129,130,130,130,130,131,131,131,132,132,132,133,133,133,135,135,135,136,136,137,138,138,139,140,140,141,141,142,143,143,144,145,146,146,146,147,147,147,147,147,149,149,149,149,150,150,150,150,150,150,150,150,150,150,150,150,150,150,150,150,150,150,150,150,150,150,150,149,148,148,148,148,148,148,148,147,146,146,145,144,144,144,143,142,142,142,140,140,140,140,138,138,138,136,136,136,134,134,132,132,131,130,129,128,127,126,125,124,123,122,121,120,119,119,117,117,116,115,115,113,113,113,111,111,111,110,109,109,109,109,109,109,108,107,107,107,107,107,107,107,107,106,106,105,105,105,105,105,105,105,105,106,107,107,107,107,109,109,109,110,111,111,111,113,113,113,114,115,115,115,117,117,117,117,119,119,119,119,119,119,119,119,119,119,119,121,121,119,119,119,119,119,119,119,119,118,118,117,117,117,116,115,115,115,115,113,113,113,113,111,111,111,109,109,109,107,107,107,105,105,105,103,103,103,102,101,101,100,100,99,98,98,98,97,96,96,95,94,94,94,93,92,92,92,92,91,91,90,91,91,90,90,90,90,90,90,90,90,91,92,92,92,92,92,93,93,93,93,93,93,93,93,94,94,95,96,96,96,97,98,98,100,100,102,103,104,104,105,106,107,107,108,109,109,109,109,109,108,108,107,107,106,104,103,100,98,94,93,85,40,36,1,1,1,1,1,1,1,1,1,1,1,1,1,1,1,1,1,1,1,1,1,1,1,1,1,1,1,1,1,1,1,1,1,1,1,1,1,1,1,1,1,1,1,1,1,1,1,1,1,1,1,1,1,1,1,1,1,1,1,1,1,1,1,1,1,1
syn_f000407-1-Pre,1,1,1,1,1,1,1,1,1,1,1,1,1,1,1,1,1,1,1,1,1,1,1,1,1,1,1,1,1,1,1,1,1,1,1,1,1,1,1,1,1,1,1,1,1,1,1,1,1,1,1,1,1,1,1,1,1,1,1,1,1,1,1,1,1,1,1,1,1,1,1,1,1,1,1,1,1,1,1,1,1,1,1,1,1,1,1,1,1,1,1,1,1,1,1,1,1,1,1,1,1,1,1,1,1,1,1,1,1,1,1,1,1,1,1,1,1,1,1,1,1,1,1,1,1,1,1,1,1,14,23,27,31,34,37,39,41,43,45,46,47,48,50,51,52,53,54,54,55,56,56,58,58,58,58,58,58,58,58,58,58,58,58,58,58,58,62,65,65,65,65,65,65,65,64,63,63,63,61,61,59,59,57,57,54,49,48,47,47,46,45,45,43,43,43,43,43,43,43,42,43,43,42,42,42,42,42,42,42,42,44,44,46,46,48,50,52,54,55,57,60,64,69,73,256,409,458,479,518,526,564,564,564,563,560,550,540,532,524,518,520,521,521,520,451,446,374,363,353,342,328,311,297,260,224,210,198,185,169,158,151,146,142,138,135,134,133,132,132,130,129,128,127,127,125,124,122,121,119,118,116,115,114,112,111,110,109,107,106,106,104,104,102,101,101,100,99,99,97,97,97,97,95,95,95,95,95,94,94,92,91,89,88,87,87,87,87,87,88,88,88,88,88,88,88,88,88,88,88,87,87,87,87,87,87,87,87,86,86,85,85,85,85,85,85,85,85,85,85,86,86,86,86,87,87,87,87,87,87,88,89,89,90,91,91,92,94,96,96,98,99,100,101,101,103,103,104,105,105,106,107,107,108,108,108,109,109,110,110,110,110,110,111,112,112,112,112,112,113,114,114,114,114,114,114,115,116,116,116,117,117,118,119,119,119,119,121,121,121,121,123,123,123,123,123,123,123,123,123,124,124,125,125,124,124,124,124,124,124,124,124,124,124,124,124,122,122,122,122,122,122,122,122,122,122,122,122,122,122,122,122,122,120,120,120,120,120,120,119,118,118,118,118,116,116,116,115,114,114,114,113,112,112,112,111,110,110,110,109,109,108,107,107,107,106,105,105,105,103,103,103,103,101,101,101,100,99,99,98,98,97,96,96,96,95,95,94,94,94,94,93,93,93,93,93,93,93,93,93,93,93,93,92,92,92,92,92,92,92,92,92,92,92,92,92,92,93,93,93,93,94,94,95,95,95,97,97,97,97,98,99,99,99,99,100,100,101,101,101,101,101,101,101,101,101,101,101,102,101,101,101,101,100,100,100,100,100,100,100,99,98,98,98,98,97,96,96,96,96,95,95,94,94,94,94,93,93,92,92,92,91,91,90,90,90,89,89,89,88,88,88,87,87,87,86,86,86,84,84,84,84,84,82,82,82,82,82,81,80,80,80,80,80,80,80,80,80,80,80,80,80,80,81,81,81,81,82,82,82,82,83,84,84,84,85,86,87,87,88,88,89,91,91,93,95,95,96,98,98,98,98,99,100,100,100,99,99,98,98,98,98,97,97,94,92,90,87,85,40,38,36,1,1,1,1,1,1,1,1,1,1,1,1,1,1,1,1,1,1,1,1,1,1,1,1,1,1,1,1,1,1,1,1,1,1,1,1,1,1,1,1,1,1,1,1,1,1,1,1,1,1,1,1,1,1,1,1,1,1,1,1,1,1,1,1,1,1,1
syn_f000409-3-Pre,1,1,1,1,1,1,1,1,1,1,1,1,1,1,1,1,1,1,1,1,1,1,1,1,1,1,1,1,1,1,1,1,1,1,1,1,1,1,1,1,1,1,1,1,1,1,1,1,1,1,1,1,1,1,1,1,1,1,1,1,1,1,1,1,1,1,1,1,1,1,1,1,1,1,1,1,1,1,1,1,1,1,1,1,1,1,1,1,1,1,1,1,1,1,1,1,1,1,1,1,1,1,1,1,1,1,1,1,1,1,1,1,1,1,1,1,1,1,1,1,1,1,1,1,1,1,1,1,1,1,1,18,25,28,32,36,38,40,43,45,47,49,49,51,52,53,54,55,56,57,58,58,59,60,60,60,61,61,61,61,61,61,61,61,61,60,60,60,62,67,68,69,69,68,68,67,67,66,66,65,65,64,63,62,61,59,59,58,53,52,51,51,51,51,49,49,49,47,46,44,43,43,43,42,42,43,43,42,42,44,44,44,45,46,48,52,56,60,64,68,72,77,238,278,295,310,322,336,356,372,390,414,476,484,488,492,495,498,502,500,492,498,505,509,512,515,518,462,463,463,463,469,470,477,471,462,451,422,413,403,374,370,361,356,352,159,154,150,148,145,142,142,140,139,138,137,137,135,135,134,132,131,130,128,127,126,126,124,124,124,123,122,122,121,120,119,119,117,117,115,115,113,113,111,111,109,108,108,106,105,103,103,101,100,98,98,98,98,98,98,99,98,98,98,98,98,98,98,98,98,98,98,98,97,97,96,96,96,96,96,94,94,94,94,93,92,92,91,91,91,91,91,91,92,93,94,95,97,99,101,102,104,106,108,109,111,112,113,115,116,117,119,119,121,121,122,123,123,124,125,125,125,125,127,127,127,128,128,128,128,130,130,130,131,131,133,133,133,134,135,136,136,136,137,138,138,139,140,140,141,141,143,143,143,145,145,145,145,145,146,147,147,147,147,148,149,149,149,149,149,149,149,149,149,150,150,149,149,150,149,150,150,150,150,150,149,150,149,148,148,148,148,148,147,147,147,146,146,146,146,145,145,144,144,143,143,142,142,142,141,141,140,139,138,137,137,136,136,135,134,134,133,132,132,131,130,130,129,128,128,127,126,126,124,124,123,122,122,120,120,119,119,118,117,117,117,116,115,115,115,115,114,114,114,113,113,113,113,113,113,113,111,111,111,111,111,111,110,110,110,110,110,109,110,110,110,110,110,112,112,112,113,114,114,115,116,116,116,117,118,118,118,119,120,120,120,121,121,122,122,122,122,123,123,123,123,123,123,123,123,124,124,124,124,123,123,123,123,123,123,123,123,123,123,121,121,121,121,121,120,119,119,119,118,117,117,117,116,115,115,115,114,113,113,111,111,111,110,109,109,108,107,107,106,105,105,105,103,103,103,101,101,101,101,99,99,99,97,97,97,96,95,95,95,93,93,93,92,91,91,91,91,90,90,90,90,90,90,90,91,91,92,92,93,93,93,93,93,93,93,93,93,94,94,95,96,96,97,98,98,99,100,101,102,104,105,106,108,109,109,110,111,112,113,114,114,115,114,114,114,114,113,113,113,112,110,107,106,103,97,40,1,1,1,1,1,1,1,1,1,1,1,1,1,1,1,1,1,1,1,1,1,1,1,1,1,1,1,1,1,1,1,1,1,1,1,1,1,1,1,1,1,1,1,1,1,1,1,1,1,1,1,1,1,1,1,1,1,1,1,1,1,1,1,1,1,1,1
syn_f000427-0-Pre,1,1,1,1,1,1,1,1,1,1,1,1,1,1,1,1,1,1,1,1,1,1,1,1,1,1,1,1,1,1,1,1,1,1,1,1,1,1,1,1,1,1,1,1,1,1,1,1,1,1,1,1,1,1,1,1,1,1,1,1,1,1,1,1,1,1,1,1,1,1,1,1,1,1,1,1,1,1,1,1,1,1,1,1,1,1,1,1,1,1,1,1,1,1,1,1,1,1,1,1,1,1,1,1,1,1,1,1,1,1,1,1,1,1,1,1,1,1,1,1,1,1,1,1,1,1,1,1,1,1,1,1,1,1,1,1,1,1,1,1,1,1,8,20,24,28,32,36,38,40,42,44,46,47,48,49,50,51,53,53,55,55,56,57,57,57,58,58,58,58,58,58,58,58,58,58,58,58,57,57,60,64,65,65,65,64,64,64,63,62,62,61,60,60,58,58,56,55,53,50,46,46,46,46,45,44,44,42,42,40,40,40,40,39,39,39,39,39,39,38,38,38,38,37,37,37,38,40,43,48,52,56,70,89,111,226,274,287,300,329,347,350,353,356,359,362,406,403,405,413,418,424,432,438,371,376,375,374,372,370,371,372,372,370,354,349,350,351,348,344,341,339,336,314,138,135,134,132,130,129,127,125,124,122,120,118,115,113,111,110,109,108,107,106,106,105,105,103,103,103,103,102,102,101,101,100,100,100,99,98,97,97,95,95,93,93,91,91,89,89,88,88,88,87,87,87,87,87,87,87,87,87,87,87,86,86,86,86,85,85,85,85,85,85,85,85,86,86,87,87,88,89,89,90,90,91,92,92,92,94,94,94,96,96,96,98,98,98,99,100,101,101,103,103,104,105,106,107,107,109,109,110,111,112,112,113,114,114,115,116,116,116,118,118,118,118,119,119,120,120,120,121,121,121,121,121,121,121,122,123,123,123,123,123,123,123,124,125,125,125,125,125,127,127,127,127,127,127,127,127,127,127,127,127,127,127,127,126,126,126,125,125,125,125,125,124,124,124,124,123,123,122,122,122,122,121,120,120,120,120,120,119,118,118,118,118,118,116,116,116,116,116,115,114,114,114,112,112,112,112,111,110,110,110,110,109,108,108,108,108,108,108,106,106,106,106,106,106,105,105,105,105,105,104,103,103,103,103,102,102,102,101,102,101,100,100,100,100,100,100,100,100,100,100,100,100,100,100,100,100,100,100,100,100,100,100,100,100,100,100,100,100,101,101,101,101,101,102,102,103,103,103,103,104,104,104,104,104,105,105,105,105,105,105,105,105,105,105,105,105,106,106,106,106,106,106,105,105,105,105,105,105,104,104,104,103,103,103,103,103,103,103,101,101,101,101,101,99,99,99,99,98,98,97,97,97,96,95,95,95,94,94,93,92,92,92,91,90,90,90,89,88,88,88,87,86,86,86,85,84,84,84,84,84,84,83,83,84,84,84,84,84,85,86,86,86,85,85,85,85,85,86,86,87,88,88,88,89,90,91,92,94,94,96,96,98,99,100,100,101,102,102,103,103,103,102,102,102,101,99,98,97,94,46,45,45,43,1,1,1,1,1,1,1,1,1,1,1,1,1,1,1,1,1,1,1,1,1,1,1,1,1,1,1,1,1,1,1,1,1,1,1,1,1,1,1,1,1,1,1,1,1,1,1,1,1,1,1,1,1,1,1,1,1,1,1,1,1,1,1,1,1,1,1,1,1,1,1,1,1,1,1,1,1,1,1,1,1
syn_f000432-3-Pre,1,1,1,1,1,1,1,1,1,1,1,1,1,1,1,1,1,1,1,1,1,1,1,1,1,1,1,1,1,1,1,1,1,1,1,1,1,1,1,1,1,1,1,1,1,1,1,1,1,1,1,1,1,1,1,1,1,1,1,1,1,1,1,1,1,1,1,1,1,1,1,1,1,1,1,1,1,1,1,1,1,1,1,1,1,1,1,1,1,1,1,1,1,1,1,1,1,1,1,1,1,1,1,1,1,1,1,1,1,1,1,1,1,1,1,1,1,1,1,1,10,22,27,31,34,38,40,42,44,46,48,50,51,53,54,55,57,57,59,59,61,61,62,63,63,64,64,64,65,65,65,65,65,65,65,64,64,64,64,64,65,71,72,74,74,74,74,73,72,72,72,71,71,70,70,69,68,66,66,64,64,61,56,55,55,54,53,53,52,51,51,51,50,50,50,50,50,50,50,50,50,50,50,50,50,50,50,50,52,57,62,67,252,268,272,277,286,298,343,348,377,381,385,393,397,394,394,394,403,447,454,459,462,465,467,422,423,425,426,427,428,428,426,426,426,424,423,423,422,419,417,415,414,417,419,419,424,422,418,414,408,400,370,346,345,345,344,214,203,147,147,146,146,145,145,144,143,142,141,140,139,138,137,137,136,136,136,135,134,134,134,134,134,134,132,132,132,132,130,130,130,128,128,128,126,126,124,122,122,121,119,118,116,116,115,114,113,111,110,110,110,111,111,111,111,111,112,112,112,112,112,112,113,113,113,113,113,113,113,113,113,114,115,115,115,115,114,114,113,113,113,111,111,110,109,110,111,111,112,113,115,117,119,120,122,124,126,128,130,132,133,134,135,137,138,139,140,140,141,142,142,142,144,144,144,144,145,145,145,145,146,147,147,147,147,147,147,147,147,147,148,149,149,149,150,150,151,151,152,152,153,154,154,155,156,157,158,158,159,160,160,160,162,162,162,162,163,164,164,164,164,166,166,166,166,167,167,166,166,166,167,167,167,167,167,167,167,167,167,167,167,167,167,167,167,166,166,165,165,164,164,164,164,163,162,162,162,162,160,160,160,159,158,158,157,156,156,155,154,154,154,153,152,152,151,150,150,150,149,148,147,146,144,144,142,141,140,139,138,138,136,136,135,134,134,132,132,131,131,130,130,130,129,128,128,128,127,126,126,126,126,125,125,125,125,124,124,123,123,123,123,123,123,123,121,121,121,121,121,119,119,119,119,119,119,119,119,120,120,120,121,121,121,122,123,123,124,124,125,126,126,126,127,128,128,128,128,128,129,130,130,130,130,130,130,131,131,131,131,131,131,131,131,131,131,130,130,130,130,130,129,129,129,129,129,128,127,127,127,126,125,125,125,125,123,123,123,123,121,121,121,119,119,119,118,117,117,117,115,115,115,113,113,113,112,111,111,111,110,109,109,109,108,107,107,107,105,105,105,105,104,103,103,103,101,101,101,101,101,101,100,100,100,100,100,100,100,100,101,101,102,102,102,102,103,103,104,104,104,105,105,105,105,107,107,108,109,110,110,112,113,114,116,116,117,118,119,121,121,122,123,123,124,124,124,124,124,124,124,124,123,120,118,114,113,107,53,51,50,1,1,1,1,1,1,1,1,1,1,1,1,1,1,1,1,1,1,1,1,1,1,1,1,1,1,1,1,1,1,1,1,1,1,1,1,1,1,1,1,1,1,1,1,1,1,1,1,1,1,1,1,1,1,1,1,1,1,1
syn_f000438-0-Pre,1,1,1,1,1,1,1,1,1,1,1,1,1,1,1,1,1,1,1,1,1,1,1,1,1,1,1,1,1,1,1,1,1,1,1,1,1,1,1,1,1,1,1,1,1,1,1,1,1,1,1,1,1,1,1,1,1,1,1,1,1,1,1,1,1,1,1,1,1,1,1,1,1,1,1,1,1,1,1,1,1,1,1,1,1,1,1,1,1,1,1,1,1,1,1,1,1,1,1,1,1,1,1,1,1,1,1,1,1,1,1,8,20,25,28,32,36,38,40,42,44,46,48,48,50,51,52,53,55,55,57,57,57,59,59,59,60,61,61,61,61,61,61,61,61,61,61,61,61,60,60,61,65,68,68,68,68,68,68,68,67,66,66,65,64,64,63,61,61,59,57,54,52,49,48,48,48,47,46,46,44,44,44,44,44,44,43,43,43,43,43,43,43,43,43,43,43,43,43,43,43,43,44,45,47,49,53,55,58,62,67,78,96,115,307,325,369,373,377,381,384,388,393,401,453,449,454,462,467,472,480,487,439,439,438,437,437,437,435,433,443,447,449,423,419,414,407,401,378,371,368,364,361,250,172,164,158,154,150,147,146,144,143,141,140,139,137,135,135,133,130,127,125,121,119,117,116,115,114,113,112,111,110,110,109,109,108,108,108,107,106,106,106,106,105,104,104,104,104,103,102,101,101,101,100,99,99,99,99,99,99,99,99,99,98,98,98,98,98,98,98,98,98,98,98,98,98,98,100,100,100,101,101,101,102,102,103,103,105,105,105,105,105,105,105,105,104,104,104,103,102,102,101,100,100,101,102,103,105,107,109,111,113,115,116,118,119,120,121,122,122,124,124,125,126,126,126,126,128,128,128,128,128,128,128,129,130,130,130,130,130,130,130,131,132,132,132,132,132,133,134,134,134,134,134,135,136,136,136,137,137,137,137,137,138,139,139,139,139,139,139,139,139,139,139,139,139,139,139,139,139,139,139,139,137,137,137,137,137,137,135,135,135,135,135,135,134,133,133,133,133,132,132,131,131,131,131,130,130,129,129,129,129,128,128,128,127,127,127,126,126,125,125,124,124,123,123,122,122,121,120,120,120,118,118,118,118,117,116,116,116,116,116,115,115,114,114,114,114,113,113,113,113,112,111,111,111,111,111,111,109,109,109,109,109,109,107,107,107,107,107,107,107,107,107,107,107,107,107,107,107,107,106,107,106,106,106,106,106,105,105,105,105,104,104,104,104,104,104,104,104,104,104,104,104,104,104,105,105,105,105,105,105,106,106,106,106,107,107,107,107,107,108,108,108,108,108,108,108,107,108,107,107,107,107,107,107,107,107,105,105,105,105,105,105,104,103,103,103,103,103,102,101,101,101,101,101,101,100,99,99,99,99,99,98,97,97,97,97,97,96,96,95,95,95,95,95,94,94,93,93,93,93,93,92,92,91,91,91,91,91,91,91,89,89,89,89,89,89,89,88,88,88,88,88,89,89,89,89,89,90,90,90,90,90,92,92,92,92,92,92,92,92,92,92,92,92,93,93,93,94,95,95,96,96,96,98,98,100,100,102,102,104,104,105,106,107,108,108,109,109,110,110,110,110,109,109,108,107,105,102,100,99,96,94,40,38,1,1,1,1,1,1,1,1,1,1,1,1,1,1,1,1,1,1,1,1,1,1,1,1,1,1,1,1,1,1,1,1,1,1,1,1,1,1,1,1,1,1,1,1,1,1,1,1,1,1,1
syn_f000439-3-Pre,1,1,1,1,1,1,1,1,1,1,1,1,1,1,1,1,1,1,1,1,1,1,1,1,1,1,1,1,1,1,1,1,1,1,1,1,1,1,1,1,1,1,1,1,1,1,1,1,1,1,1,1,1,1,1,1,1,1,1,1,1,1,1,1,1,1,1,1,1,1,1,1,1,1,1,1,1,1,1,1,1,1,1,1,1,1,1,1,1,1,1,1,1,1,1,1,1,1,1,1,1,1,1,1,1,1,1,1,1,1,1,1,1,1,1,1,1,1,1,1,1,1,1,1,1,1,1,1,1,1,1,1,1,1,1,1,1,1,19,24,28,32,35,37,39,41,43,45,47,48,49,50,51,52,54,54,55,56,56,57,58,58,58,59,59,59,59,59,59,59,59,59,58,58,58,59,64,67,67,67,67,67,67,66,65,65,65,64,63,63,62,61,60,59,58,55,52,51,50,50,50,49,48,48,46,46,45,44,44,43,43,43,43,43,44,43,44,45,47,52,58,62,66,71,76,80,84,272,370,383,398,411,420,430,440,447,453,460,468,477,491,508,522,526,530,535,541,555,568,554,546,548,549,548,547,531,523,465,460,456,451,444,366,354,329,307,284,262,246,233,206,192,150,147,144,143,142,142,141,141,141,141,141,142,141,141,141,141,141,141,141,141,140,140,140,139,139,139,137,137,137,135,135,134,133,133,131,131,131,129,128,128,126,125,123,121,118,117,115,114,113,112,112,113,113,113,113,112,112,112,112,112,112,111,111,111,111,111,110,110,110,109,109,109,109,109,108,107,107,107,107,106,107,107,107,109,109,110,111,112,114,114,116,116,117,117,119,119,119,121,121,121,123,123,123,125,125,125,126,127,127,128,129,129,130,130,131,131,132,132,132,132,132,132,132,132,132,131,131,131,131,131,131,131,131,131,131,131,133,133,133,133,134,135,135,135,136,137,138,138,139,140,140,141,142,142,143,143,143,143,144,145,145,145,145,146,147,147,147,147,147,147,147,147,147,147,147,147,147,147,147,147,147,147,147,147,147,147,146,146,145,145,145,145,144,144,144,144,143,143,143,142,142,141,141,141,141,141,140,139,139,138,137,137,136,136,135,134,134,132,132,131,130,129,129,127,126,125,124,123,123,121,121,119,119,117,117,117,115,115,114,113,113,113,111,111,111,109,109,109,109,109,109,109,109,109,109,109,109,109,109,108,107,107,107,107,107,107,107,107,107,108,108,108,108,109,109,109,110,111,111,112,113,113,113,115,115,115,117,117,117,118,119,119,119,119,120,121,121,121,121,121,121,121,121,121,121,121,121,121,121,120,120,119,119,119,119,118,117,117,116,116,115,115,114,113,113,112,111,111,110,109,109,108,108,107,106,106,105,104,104,103,103,102,101,101,100,99,99,99,98,97,97,97,96,95,95,95,95,94,93,93,93,93,93,93,93,92,93,92,92,92,92,93,94,94,94,94,94,95,95,95,95,95,95,94,94,95,95,95,95,96,96,97,98,98,100,100,101,102,104,105,106,108,109,110,111,111,112,111,111,111,110,108,106,106,104,100,97,92,42,39,37,34,1,1,1,1,1,1,1,1,1,1,1,1,1,1,1,1,1,1,1,1,1,1,1,1,1,1,1,1,1,1,1,1,1,1,1,1,1,1,1,1,1,1,1,1,1,1,1,1,1,1,1,1,1,1,1,1,1,1,1,1,1,1,1,1,1,1,1,1,1,1,1,1,1,1
syn_f000449-0-Pre,1,1,1,1,1,1,1,1,1,1,1,1,1,1,1,1,1,1,1,1,1,1,1,1,1,1,1,1,1,1,1,1,1,1,1,1,1,1,1,1,1,1,1,1,1,1,1,1,1,1,1,1,1,1,1,1,1,1,1,1,1,1,1,1,1,1,1,1,1,1,1,1,1,1,1,1,1,1,1,1,1,1,1,1,1,1,1,1,1,1,1,1,1,1,1,1,1,1,1,1,1,1,1,1,1,1,1,1,1,1,1,1,1,1,1,1,1,1,14,23,27,30,34,37,39,41,43,45,46,47,49,49,51,52,53,55,55,55,57,57,57,59,59,59,59,59,59,59,59,59,59,59,59,59,59,59,59,62,66,67,67,67,67,66,66,66,65,64,64,63,62,62,61,59,58,57,54,50,50,49,48,48,47,46,45,44,44,44,44,44,44,44,44,44,44,44,44,43,43,43,43,42,42,42,42,43,44,48,51,55,57,61,66,269,279,292,531,539,552,586,586,583,579,570,564,558,555,545,539,542,542,542,540,476,470,402,393,384,375,366,357,348,336,325,315,303,285,261,249,239,227,215,203,190,178,167,160,155,151,149,146,144,143,142,140,139,137,136,135,133,131,129,126,124,122,120,117,115,114,113,112,111,110,109,109,108,108,107,107,107,106,106,105,104,104,104,103,102,102,101,100,99,98,97,97,97,96,96,96,96,96,96,96,97,97,97,97,97,97,97,97,97,97,97,97,97,98,98,98,98,98,98,98,98,99,99,99,100,100,100,100,100,100,100,100,100,99,99,99,100,100,101,101,101,102,102,102,104,104,106,106,108,108,108,110,110,110,112,112,112,113,114,114,114,115,116,116,116,116,117,117,117,117,118,118,119,119,119,119,120,121,121,121,122,122,123,123,124,125,125,125,125,126,127,127,127,127,128,129,129,129,129,129,131,131,131,131,132,132,132,132,132,132,132,132,132,132,133,133,132,132,132,132,132,132,132,132,132,132,132,132,132,131,131,130,130,130,130,130,129,129,129,128,128,128,128,127,127,126,126,126,126,125,125,124,124,123,123,123,122,122,121,121,121,120,120,120,119,119,119,118,118,117,117,117,117,117,115,115,115,115,115,115,114,113,113,113,113,113,113,111,111,111,111,111,111,111,110,110,109,109,109,109,109,109,109,109,109,109,109,109,109,109,109,109,109,109,109,110,110,110,110,109,109,109,109,108,108,108,108,108,108,108,108,108,108,108,108,108,108,108,108,108,108,110,110,110,110,110,110,110,111,111,111,112,112,112,112,112,112,112,112,112,112,112,112,112,112,112,111,111,111,111,111,111,111,111,111,110,109,109,109,109,109,109,108,107,107,107,107,107,107,106,105,105,105,105,104,103,103,103,103,102,101,101,101,101,101,99,99,99,99,99,97,97,97,97,97,96,95,95,95,95,94,94,93,93,93,93,92,92,91,91,91,90,90,90,90,90,90,90,90,90,90,91,92,92,92,92,92,92,92,92,92,92,92,92,92,92,92,92,92,92,93,94,94,95,96,97,97,98,99,101,101,103,105,105,107,107,108,109,110,110,110,110,111,110,110,109,109,109,109,109,107,104,101,99,99,93,87,39,1,1,1,1,1,1,1,1,1,1,1,1,1,1,1,1,1,1,1,1,1,1,1,1,1,1,1,1,1,1,1,1,1,1,1,1,1,1,1,1,1,1,1,1,1,1,1,1,1,1,1,1,1,1,1,1,1
syn_f000464-3-Pre,1,1,1,1,1,1,1,1,1,1,1,1,1,1,1,1,1,1,1,1,1,1,1,1,1,1,1,1,1,1,1,1,1,1,1,1,1,1,1,1,1,1,1,1,1,1,1,1,1,1,1,1,1,1,1,1,1,1,1,1,1,1,1,1,1,1,1,1,1,1,1,1,1,1,1,1,1,1,1,1,1,1,1,1,1,1,1,1,1,1,1,1,1,1,1,1,1,1,1,1,1,1,1,1,1,1,1,1,1,1,1,1,1,1,1,1,1,1,1,1,1,1,1,1,1,1,1,1,1,1,1,1,1,1,18,24,28,32,36,38,40,42,44,46,47,49,51,51,53,53,55,56,57,57,59,59,59,61,61,61,61,61,61,61,61,61,61,61,61,61,61,63,68,69,70,70,70,70,69,69,69,68,68,67,67,66,65,64,63,63,60,57,55,53,53,53,51,51,51,51,50,50,50,50,50,49,48,48,48,49,49,49,50,51,53,55,61,67,251,263,271,321,426,439,457,499,508,512,516,519,522,526,526,522,533,558,559,559,558,558,556,554,495,477,467,467,465,462,458,452,446,375,360,350,339,323,310,292,275,265,256,247,237,219,207,197,165,161,160,159,158,158,158,158,157,157,157,156,156,155,155,155,153,153,152,152,152,151,150,150,149,149,149,147,147,147,146,145,145,144,143,142,141,140,139,139,138,138,137,136,135,133,131,129,128,127,126,126,125,125,125,125,125,125,125,124,124,123,122,122,122,121,121,121,120,120,120,119,119,120,121,121,121,121,121,122,122,123,123,123,123,124,124,124,126,126,126,127,127,127,129,129,129,130,131,131,132,133,134,134,135,136,136,137,137,138,139,139,139,139,139,140,141,141,141,141,141,141,141,141,141,140,140,140,139,139,138,138,137,137,136,135,135,135,135,135,135,135,135,134,134,135,135,136,136,136,136,137,138,138,138,139,140,140,140,141,142,142,142,142,143,143,143,143,144,144,144,145,145,145,145,145,145,145,144,143,143,143,143,143,143,143,143,143,143,143,143,143,143,143,142,142,142,142,141,141,141,141,141,141,141,141,140,140,140,140,139,138,138,138,138,138,137,136,136,136,136,135,135,134,133,132,131,131,129,129,127,127,125,125,123,122,121,119,119,117,117,116,115,114,113,112,111,111,111,111,110,110,110,110,110,110,110,110,110,110,110,109,109,109,109,109,108,108,108,108,108,108,108,108,109,109,109,109,110,110,110,112,112,113,114,114,115,116,116,117,118,118,120,120,120,120,121,122,122,122,123,123,123,124,124,123,123,123,123,123,123,123,123,123,123,123,122,121,121,121,121,119,119,119,118,117,117,117,116,115,115,114,113,113,112,111,111,111,109,109,109,107,107,107,105,105,105,105,103,103,103,101,101,101,99,99,99,98,97,97,97,96,95,95,95,94,93,93,93,92,92,93,93,92,93,93,93,93,94,94,94,94,94,95,95,95,95,95,94,94,94,93,93,93,93,95,95,95,96,97,97,98,99,100,101,102,103,104,106,106,108,108,110,111,111,113,113,113,112,112,110,108,107,107,103,101,52,50,49,45,44,1,1,1,1,1,1,1,1,1,1,1,1,1,1,1,1,1,1,1,1,1,1,1,1,1,1,1,1,1,1,1,1,1,1,1,1,1,1,1,1,1,1,1,1,1,1,1,1,1,1,1,1,1,1,1,1,1,1,1,1,1,1,1,1,1,1,1,1,1,1,1
syn_f000468-1-Pre,1,1,1,1,1,1,1,1,1,1,1,1,1,1,1,1,1,1,1,1,1,1,1,1,1,1,1,1,1,1,1,1,1,1,1,1,1,1,1,1,1,1,1,1,1,1,1,1,1,1,1,1,1,1,1,1,1,1,1,1,1,1,1,1,1,1,1,1,1,1,1,1,1,1,1,1,1,1,1,1,1,1,1,1,1,1,1,1,1,1,1,1,1,1,1,1,1,1,1,1,1,1,1,1,1,1,1,1,1,1,1,1,1,1,1,1,1,1,1,12,22,26,30,34,38,40,42,44,45,47,49,50,51,53,53,55,56,57,57,59,59,59,61,61,61,61,61,61,62,62,62,62,61,61,61,61,61,61,61,66,68,69,69,69,69,69,69,67,67,67,66,65,65,64,63,61,60,59,57,51,50,49,49,48,48,47,47,45,45,45,45,45,45,45,45,45,45,45,44,44,43,44,44,44,44,44,44,45,47,51,55,57,61,66,75,80,145,158,170,257,269,278,290,305,340,352,365,380,424,437,454,480,485,489,493,497,501,506,509,500,508,513,518,522,525,529,459,458,460,458,455,456,405,398,389,381,374,349,347,346,141,139,137,136,134,134,132,131,130,129,127,126,124,122,121,119,119,117,117,115,115,113,113,113,113,112,112,112,111,111,111,110,109,109,109,108,107,107,105,105,105,105,103,103,103,102,101,101,101,99,99,100,100,100,100,100,100,100,100,100,100,101,101,101,101,103,103,103,104,104,104,105,105,105,106,105,106,106,104,105,103,103,101,101,99,99,99,99,99,99,99,101,101,102,104,106,108,110,111,112,114,115,116,117,119,119,121,121,122,123,124,124,124,125,125,126,126,126,126,126,127,127,127,127,127,127,127,128,129,129,129,129,130,130,130,131,132,132,132,134,134,134,136,136,138,138,138,139,140,140,141,141,142,143,143,144,145,145,145,146,147,147,147,147,147,148,148,148,149,149,149,149,148,148,148,148,148,148,148,148,148,148,148,148,147,147,147,147,147,147,146,146,146,145,145,145,145,145,145,145,143,143,143,143,143,143,141,141,141,141,141,139,139,139,138,137,137,135,135,134,134,133,132,131,131,129,129,129,127,127,126,125,125,124,123,123,122,122,121,120,120,119,119,119,117,117,117,117,116,115,115,115,114,114,114,114,113,112,112,112,112,112,112,112,112,112,112,110,110,110,110,111,110,110,110,110,110,110,110,110,110,110,110,110,110,110,110,110,111,111,111,112,112,112,112,113,113,113,114,114,114,114,115,115,116,116,116,116,116,116,117,117,117,117,117,118,118,118,118,118,118,118,117,117,117,117,117,117,116,116,116,116,115,115,115,115,113,113,113,113,112,111,111,111,110,109,109,109,109,107,107,107,107,105,105,105,105,104,103,103,103,103,101,101,101,101,100,99,99,99,98,97,97,97,97,95,95,95,95,93,93,93,93,91,91,91,91,90,90,90,90,90,90,90,90,90,90,90,90,91,91,92,92,92,92,92,92,92,92,92,93,93,95,95,96,97,97,98,99,99,100,101,103,103,105,107,107,108,109,109,110,110,110,110,110,110,111,111,111,111,111,110,109,107,106,104,101,99,95,42,41,1,1,1,1,1,1,1,1,1,1,1,1,1,1,1,1,1,1,1,1,1,1,1,1,1,1,1,1,1,1,1,1,1,1,1,1,1,1,1,1,1,1,1,1,1,1,1,1,1,1,1,1,1,1,1,1,1
syn_f000470-0-Pre,1,1,1,1,1,1,1,1,1,1,1,1,1,1,1,1,1,1,1,1,1,1,1,1,1,1,1,1,1,1,1,1,1,1,1,1,1,1,1,1,1,1,1,1,1,1,1,1,1,1,1,1,1,1,1,1,1,1,1,1,1,1,1,1,1,1,1,1,1,1,1,1,1,1,1,1,1,1,1,1,1,1,1,1,1,1,1,1,1,1,1,1,1,1,1,1,1,1,1,1,1,1,1,1,1,1,1,1,1,1,1,1,1,1,1,1,1,1,1,1,1,16,24,27,31,35,38,40,42,44,46,48,50,52,52,54,55,56,57,58,59,60,61,61,62,63,63,64,64,64,64,64,64,64,64,64,64,64,64,64,63,64,68,72,72,73,73,73,72,72,72,72,71,70,70,70,69,68,67,66,64,64,64,59,56,56,54,54,54,54,52,52,52,50,50,49,48,48,48,48,47,46,46,46,46,45,45,45,45,46,46,49,53,56,60,63,66,70,75,231,242,275,293,329,361,384,465,473,480,486,491,497,500,495,496,504,509,515,519,523,528,532,487,497,494,489,484,480,475,468,445,437,430,426,421,413,321,310,300,288,274,263,247,210,189,152,147,144,142,142,140,139,138,136,135,134,132,131,129,127,125,125,123,122,121,120,120,120,118,118,118,118,118,117,117,117,117,117,116,116,116,116,115,115,115,115,113,112,111,110,110,109,108,108,108,108,107,107,107,107,107,107,107,106,106,106,106,106,106,106,106,107,107,108,108,108,109,110,110,110,112,112,112,113,113,113,113,113,113,113,114,114,114,114,115,115,116,116,117,118,118,119,120,120,121,122,122,124,124,126,126,127,128,128,129,129,131,131,131,131,131,131,132,132,132,132,132,132,132,133,133,133,133,133,133,133,133,133,133,134,135,135,135,136,137,137,137,138,138,139,139,140,140,140,141,142,142,142,143,143,144,145,145,145,145,145,145,145,146,147,147,147,147,147,147,147,147,146,146,146,145,145,145,145,145,144,144,144,144,143,143,142,142,142,142,142,141,140,140,140,140,139,139,139,138,138,138,137,137,137,137,136,135,135,135,135,134,134,133,133,132,131,131,131,130,129,129,129,128,128,127,127,127,126,126,125,125,124,124,124,122,122,122,122,122,120,120,120,120,119,119,119,118,118,117,117,117,117,116,116,116,115,114,114,114,114,114,114,114,114,114,114,113,113,113,113,113,112,112,112,112,112,112,112,112,112,112,112,112,112,112,112,112,112,113,114,114,115,115,115,116,116,117,117,117,117,117,117,118,118,119,119,119,118,119,118,118,119,119,119,118,118,118,118,118,117,117,117,117,117,117,116,116,116,115,115,115,114,114,113,113,113,113,112,112,111,111,111,110,110,109,109,109,108,108,108,107,107,107,106,105,105,105,105,104,103,103,103,103,101,101,101,101,101,99,99,99,99,97,97,97,96,96,95,95,94,94,94,94,94,94,94,94,94,94,94,94,94,94,94,94,95,96,95,95,95,95,95,95,96,97,97,98,99,99,100,101,102,103,104,106,107,108,110,112,112,114,114,115,116,117,117,117,117,117,117,117,116,116,114,112,111,110,104,102,45,42,1,1,1,1,1,1,1,1,1,1,1,1,1,1,1,1,1,1,1,1,1,1,1,1,1,1,1,1,1,1,1,1,1,1,1,1,1,1,1,1,1,1,1,1,1,1,1,1,1,1,1,1,1,1,1,1,1,1,1,1,1
syn_f000495-1-Pre,1,1,1,1,1,1,1,1,1,1,1,1,1,1,1,1,1,1,1,1,1,1,1,1,1,1,1,1,1,1,1,1,1,1,1,1,1,1,1,1,1,1,1,1,1,1,1,1,1,1,1,1,1,1,1,1,1,1,1,1,1,1,1,1,1,1,1,1,1,1,1,1,1,1,1,1,1,1,1,1,1,1,1,1,1,1,1,1,1,1,1,1,1,1,1,1,1,1,1,1,1,1,1,1,1,1,1,1,1,1,1,1,1,1,1,1,1,1,1,1,1,1,1,1,8,21,25,29,33,37,39,41,43,45,47,49,50,51,53,54,55,56,57,58,58,59,60,60,61,61,62,62,62,62,62,62,62,62,62,61,61,61,61,65,69,69,69,69,69,69,68,68,67,67,66,66,65,64,63,62,60,60,59,53,53,53,53,53,51,51,51,49,49,47,46,45,44,44,43,43,43,43,42,42,42,43,44,47,51,56,61,65,69,73,78,94,109,135,148,157,269,278,288,299,398,426,435,444,454,465,477,499,508,527,547,551,555,560,564,569,574,576,568,580,582,582,581,580,579,494,482,455,451,443,403,391,282,258,183,164,157,152,149,146,144,142,140,139,137,136,135,133,131,130,128,127,125,125,123,123,122,121,120,120,119,119,119,118,117,117,117,116,116,116,116,116,115,115,114,114,112,111,110,109,109,108,108,108,106,106,106,106,106,106,105,105,105,105,103,103,103,103,103,103,104,103,104,104,104,105,105,105,105,105,105,105,105,105,105,106,105,105,105,105,106,106,106,108,108,109,109,110,111,112,112,114,115,116,117,119,119,119,121,121,122,123,123,123,124,124,125,125,125,126,126,126,126,126,126,127,127,126,126,126,126,126,126,126,126,126,127,127,127,127,128,128,128,128,128,128,128,128,129,129,130,130,130,130,130,131,132,132,132,132,132,132,132,132,132,132,132,132,134,134,134,134,134,134,134,134,134,133,132,132,132,132,132,132,132,132,132,132,132,132,131,131,131,131,131,131,130,129,129,129,129,129,129,129,129,128,128,128,128,128,128,127,127,126,126,126,124,124,124,124,122,122,122,122,122,120,120,120,120,119,119,118,118,117,117,117,117,115,115,115,115,114,113,113,113,113,111,111,111,111,109,109,109,109,109,109,108,108,107,107,107,107,107,107,107,107,107,107,107,107,107,107,107,107,107,106,106,105,105,105,105,104,104,104,104,104,104,104,105,106,106,106,106,106,106,107,107,108,108,108,108,109,109,110,110,110,110,111,112,112,112,112,113,113,114,114,114,114,114,114,114,115,115,115,115,115,114,114,114,114,114,114,114,114,114,114,114,114,112,112,112,112,112,112,111,111,110,110,110,110,108,108,108,108,107,106,106,106,105,104,104,104,103,102,102,102,100,100,100,99,98,98,98,97,96,96,95,94,94,93,93,92,92,91,91,91,90,89,89,89,89,89,89,89,89,89,89,89,91,91,91,91,92,93,93,92,92,92,92,92,92,92,92,91,92,92,93,93,94,95,95,96,97,98,99,100,101,103,104,105,106,107,108,109,110,111,111,111,110,110,110,109,108,107,106,104,101,98,95,92,44,1,1,1,1,1,1,1,1,1,1,1,1,1,1,1,1,1,1,1,1,1,1,1,1,1,1,1,1,1,1,1,1,1,1,1,1,1,1,1,1,1,1,1,1,1,1,1,1,1,1,1,1,1,1,1,1,1,1,1,1,1,1,1
syn_f000503-1-Pre,1,1,1,1,1,1,1,1,1,1,1,1,1,1,1,1,1,1,1,1,1,1,1,1,1,1,1,1,1,1,1,1,1,1,1,1,1,1,1,1,1,1,1,1,1,1,1,1,1,1,1,1,1,1,1,1,1,1,1,1,1,1,1,1,1,1,1,1,1,1,1,1,1,1,1,1,1,1,1,1,1,1,1,1,1,1,1,1,1,1,1,1,1,1,1,1,1,1,1,1,1,1,1,1,1,1,1,1,1,1,1,1,1,1,1,1,1,1,1,1,1,1,1,1,1,1,1,1,1,12,22,26,30,33,36,38,40,42,44,46,47,48,49,51,52,53,55,55,55,55,57,57,58,59,59,59,59,59,59,59,59,59,59,58,57,57,57,61,64,65,65,65,65,65,65,63,63,63,61,61,61,59,58,57,55,54,51,48,48,48,48,46,46,46,46,45,44,42,41,40,39,39,39,39,39,38,37,37,37,37,37,37,37,37,37,38,42,44,48,77,86,92,265,302,315,333,470,478,487,516,522,527,532,534,542,551,551,553,553,552,551,547,532,463,461,456,451,446,440,365,352,337,296,284,271,219,207,193,178,168,160,153,147,142,139,136,133,131,129,129,127,125,124,123,121,119,116,114,112,110,108,107,105,104,103,102,101,100,99,99,97,97,97,96,95,94,94,94,92,92,91,91,91,90,89,89,89,89,89,89,87,87,87,87,86,85,85,85,84,84,84,84,84,84,84,82,82,82,82,82,82,82,83,83,83,83,83,83,83,83,83,83,82,82,81,82,82,84,84,85,85,87,89,90,92,95,96,98,100,101,102,104,104,106,106,108,108,110,110,110,111,112,112,112,113,113,113,113,113,114,115,115,115,115,115,116,117,117,117,117,117,118,118,119,119,119,120,120,121,121,122,122,122,123,123,124,124,124,125,126,126,126,127,128,128,128,128,128,129,129,129,129,129,129,129,131,131,131,131,131,131,129,129,129,129,129,129,129,129,129,129,129,128,127,127,127,127,127,127,126,125,125,125,125,125,125,124,123,123,123,122,122,121,121,120,120,120,119,118,118,117,116,116,115,114,114,114,113,112,112,112,112,111,111,111,110,110,110,109,109,108,108,107,107,106,106,105,105,104,104,103,103,102,102,101,101,100,100,99,99,98,98,97,97,96,96,96,96,96,96,96,95,95,95,95,95,95,95,95,95,95,95,95,95,95,94,94,94,94,95,95,95,96,96,96,96,97,97,97,97,98,99,99,99,99,99,101,101,101,101,103,103,103,103,104,104,105,105,105,105,105,105,105,105,105,105,105,105,105,105,105,105,105,105,105,104,104,104,103,103,103,102,102,102,102,101,101,101,100,100,100,99,99,98,98,98,97,96,96,96,96,95,94,94,94,94,93,92,92,92,91,90,90,90,90,88,88,88,87,86,86,86,86,84,84,84,84,83,82,82,82,82,82,81,81,81,81,81,82,83,83,83,83,83,83,83,83,83,83,83,84,84,84,85,86,86,88,88,89,89,91,91,92,94,95,96,98,98,100,100,100,100,101,102,101,101,101,100,99,99,99,98,96,93,90,88,86,83,37,36,1,1,1,1,1,1,1,1,1,1,1,1,1,1,1,1,1,1,1,1,1,1,1,1,1,1,1,1,1,1,1,1,1,1,1,1,1,1,1,1,1,1,1,1,1,1,1,1,1,1,1,1,1,1,1,1,1,1,1,1,1,1,1,1,1,1,1,1
syn_f000504-2-Pre,1,1,1,1,1,1,1,1,1,1,1,1,1,1,1,1,1,1,1,1,1,1,1,1,1,1,1,1,1,1,1,1,1,1,1,1,1,1,1,1,1,1,1,1,1,1,1,1,1,1,1,1,1,1,1,1,1,1,1,1,1,1,1,1,1,1,1,1,1,1,1,1,1,1,1,1,1,1,1,1,1,1,1,1,1,1,1,1,1,1,1,1,1,1,1,1,1,1,1,1,1,1,1,1,1,1,1,1,1,1,1,1,1,16,23,27,31,35,38,40,42,44,46,47,49,51,51,53,54,55,56,57,58,58,59,60,60,61,62,62,62,62,62,62,62,62,62,62,62,62,60,60,61,66,69,69,69,69,69,68,68,67,67,66,66,65,64,64,62,60,60,58,56,54,52,51,50,50,50,49,48,48,46,46,44,44,43,43,43,41,41,41,41,41,40,40,40,40,40,40,41,43,46,49,53,241,262,279,294,345,352,360,369,376,381,384,383,383,467,472,479,485,489,492,497,501,450,453,456,456,455,455,454,454,456,457,457,463,463,473,469,464,436,430,422,413,387,379,375,371,368,177,167,161,158,154,153,150,149,149,147,146,146,144,144,143,142,141,140,139,137,136,134,132,132,130,130,129,127,127,126,125,124,123,122,121,120,119,118,117,116,115,114,113,112,111,110,109,109,109,109,108,108,108,108,108,108,108,108,108,108,108,108,107,107,107,106,106,105,105,105,104,104,103,103,103,103,103,103,103,102,102,102,102,102,102,103,102,102,102,102,102,101,100,100,100,100,100,100,100,100,100,101,101,101,102,103,104,105,106,108,109,111,113,114,115,116,118,118,120,120,122,122,123,124,124,125,126,126,126,126,127,127,127,127,127,127,127,127,127,127,127,127,127,127,128,128,128,128,128,128,129,129,129,130,130,130,130,131,132,132,133,133,134,135,135,136,137,137,137,137,138,139,139,139,139,139,140,141,141,141,141,141,141,141,141,141,141,141,141,141,141,141,141,140,140,140,140,140,140,140,139,139,139,139,139,139,139,139,138,138,138,138,138,138,137,137,137,137,136,136,136,135,135,134,133,133,132,132,131,130,130,130,129,128,128,127,127,126,125,125,125,124,123,123,122,122,121,120,120,119,119,118,117,117,117,116,115,115,115,113,113,113,113,112,111,111,111,111,110,110,110,110,110,110,110,110,110,110,110,110,110,110,110,110,109,109,109,109,109,109,109,109,109,109,109,109,109,109,109,109,109,109,109,110,110,110,110,110,111,112,112,112,112,114,114,114,114,114,115,116,116,116,116,117,117,118,118,118,118,118,118,118,119,119,119,119,119,119,119,119,119,118,118,118,118,118,117,117,117,117,116,115,115,115,115,115,114,113,113,113,111,111,111,111,109,109,109,108,107,107,107,105,105,105,105,103,103,103,103,101,101,101,100,99,99,99,97,97,97,97,95,95,95,95,93,93,93,93,92,91,91,91,91,91,91,91,91,91,92,92,92,92,93,93,93,93,93,93,93,93,93,93,93,93,94,95,95,96,96,97,97,98,98,100,100,102,102,104,104,106,106,107,108,109,109,110,110,112,112,111,111,111,111,112,112,112,111,110,105,104,102,98,93,88,1,1,1,1,1,1,1,1,1,1,1,1,1,1,1,1,1,1,1,1,1,1,1,1,1,1,1,1,1,1,1,1,1,1,1,1,1,1,1,1,1,1,1,1,1,1,1,1,1,1,1,1,1
syn_f000505-2-Pre,1,1,1,1,1,1,1,1,1,1,1,1,1,1,1,1,1,1,1,1,1,1,1,1,1,1,1,1,1,1,1,1,1,1,1,1,1,1,1,1,1,1,1,1,1,1,1,1,1,1,1,1,1,1,1,1,1,1,1,1,1,1,1,1,1,1,1,1,1,1,1,1,1,1,1,1,1,1,1,1,1,1,1,1,1,1,1,1,1,1,1,1,1,1,1,1,1,1,1,1,1,1,1,1,1,1,1,1,1,1,1,1,1,1,1,1,13,24,28,31,35,38,40,42,44,46,48,50,52,52,54,55,57,57,59,59,60,61,61,63,63,63,64,64,64,65,65,65,65,65,65,65,64,64,64,64,64,66,71,72,72,72,72,72,72,72,71,70,70,70,68,68,68,66,64,63,63,61,55,55,55,54,54,53,52,52,50,49,48,47,47,47,47,47,47,47,46,47,46,47,46,46,47,49,52,55,61,66,71,74,267,283,289,444,458,482,526,535,539,544,546,551,555,559,570,580,578,580,580,580,579,576,567,501,494,493,490,487,483,478,474,403,395,387,377,366,357,348,334,308,296,270,257,246,235,226,206,188,173,166,162,160,159,158,158,157,157,155,155,155,155,154,154,153,152,152,150,150,150,148,148,146,146,145,144,143,143,141,141,141,140,139,138,138,138,136,136,135,135,133,133,131,130,129,128,126,126,124,124,122,121,121,120,119,119,119,119,120,120,120,119,118,118,118,118,117,117,117,117,117,117,118,118,118,118,118,119,120,120,120,122,122,123,123,124,125,125,125,125,126,126,126,127,127,127,128,128,130,130,131,132,133,135,135,137,137,139,139,141,141,142,143,143,143,144,144,145,145,145,145,144,144,144,144,144,143,143,143,143,141,141,141,141,139,139,139,138,138,138,138,138,138,138,138,138,138,138,138,139,139,139,139,139,140,140,141,141,142,142,142,142,144,144,144,144,144,144,144,144,145,146,146,146,146,146,146,146,146,146,146,145,144,144,144,144,144,144,144,144,143,143,143,143,142,142,142,142,141,141,141,140,140,140,140,139,139,139,138,138,138,137,137,137,137,136,136,135,135,133,133,133,132,132,131,130,130,130,129,128,128,128,126,126,126,125,124,124,122,122,120,120,119,118,117,117,116,116,115,115,114,114,113,113,112,112,112,111,111,111,111,111,111,111,111,111,111,111,111,111,111,111,111,111,111,110,110,110,109,109,109,109,109,109,109,109,109,109,109,109,109,109,110,111,111,111,112,113,113,113,114,115,115,116,116,117,117,117,118,118,118,119,119,120,120,120,120,120,120,120,120,120,120,120,120,120,120,120,119,119,118,118,118,118,118,117,116,116,116,115,114,114,114,113,113,112,112,111,111,110,109,109,108,108,107,106,106,106,104,104,104,104,102,102,102,100,100,100,100,98,98,98,98,97,96,96,95,94,94,94,93,93,93,92,92,92,91,91,91,91,91,91,91,91,91,91,92,92,93,93,93,94,95,95,95,95,95,95,96,96,96,96,95,96,96,97,97,98,99,99,100,101,102,103,105,105,107,108,109,111,111,113,115,115,117,117,119,119,119,119,119,119,119,119,117,115,113,111,108,106,102,48,44,1,1,1,1,1,1,1,1,1,1,1,1,1,1,1,1,1,1,1,1,1,1,1,1,1,1,1,1,1,1,1,1,1,1,1,1,1,1,1,1,1,1,1,1,1,1,1,1,1,1,1,1,1,1,1,1
syn_f000512-0-Pre,1,1,1,1,1,1,1,1,1,1,1,1,1,1,1,1,1,1,1,1,1,1,1,1,1,1,1,1,1,1,1,1,1,1,1,1,1,1,1,1,1,1,1,1,1,1,1,1,1,1,1,1,1,1,1,1,1,1,1,1,1,1,1,1,1,1,1,1,1,1,1,1,1,1,1,1,1,1,1,1,1,1,1,1,1,1,1,1,1,1,1,1,1,1,1,1,1,1,1,1,1,1,1,1,1,1,1,1,1,1,1,1,1,1,1,1,1,1,1,1,1,1,1,1,1,1,1,1,1,1,1,1,1,1,1,1,1,1,1,1,1,1,1,8,19,25,29,33,36,39,41,42,45,46,48,48,50,52,52,54,55,56,56,57,58,58,59,59,60,60,60,60,60,60,60,60,59,59,59,59,63,66,67,67,66,66,66,66,66,64,64,64,62,62,61,59,58,57,55,51,51,50,50,49,49,48,47,47,45,45,44,44,44,44,44,44,44,44,44,44,44,44,45,46,47,50,55,59,65,71,77,88,94,105,347,362,379,425,445,457,472,498,518,546,546,546,545,543,540,523,503,500,503,504,504,504,437,362,351,340,329,313,298,285,219,189,175,151,145,141,139,138,136,135,133,133,131,130,129,127,126,123,122,120,119,117,115,113,112,111,112,112,112,112,112,112,113,113,113,113,112,112,111,111,110,110,108,108,107,107,105,105,105,103,103,101,101,101,99,99,99,99,100,100,101,100,100,100,100,100,100,100,100,100,100,99,99,99,99,99,99,99,99,98,98,98,98,98,96,96,96,96,96,96,97,97,98,99,99,100,101,101,101,103,103,104,105,106,106,108,109,110,111,112,113,113,114,115,115,116,116,117,117,117,118,119,119,119,119,120,121,121,121,121,121,122,122,122,122,123,124,124,124,124,124,124,125,126,126,126,126,126,126,127,128,128,128,128,128,130,130,130,130,130,130,130,130,130,130,130,130,130,130,130,129,129,129,128,128,128,128,128,128,127,127,126,126,126,126,126,125,124,124,124,124,124,123,122,122,122,122,120,120,120,120,118,118,118,116,116,116,116,116,115,114,114,114,113,113,113,113,112,112,111,111,111,110,109,109,109,108,108,107,107,106,106,105,105,105,105,103,103,103,103,103,101,101,101,101,101,100,99,99,99,99,99,99,99,99,99,99,98,97,97,97,97,97,97,97,96,95,95,95,95,95,95,95,95,95,96,96,97,97,97,97,97,98,98,99,99,100,100,100,100,102,102,102,102,102,102,104,104,104,104,104,104,104,104,104,104,104,104,104,104,103,103,103,102,102,102,102,102,102,101,101,100,100,100,100,99,99,99,98,98,98,98,97,97,96,96,96,96,95,95,94,94,94,93,93,92,92,92,91,90,90,90,89,89,88,87,87,87,87,86,85,85,85,85,84,83,83,83,83,83,83,83,83,82,82,82,83,84,84,84,84,84,84,85,85,85,86,86,87,87,89,89,89,91,91,92,93,94,94,96,98,99,100,101,102,102,102,103,103,103,103,103,103,103,103,102,101,99,96,95,92,88,37,36,1,1,1,1,1,1,1,1,1,1,1,1,1,1,1,1,1,1,1,1,1,1,1,1,1,1,1,1,1,1,1,1,1,1,1,1,1,1,1,1,1,1,1,1,1,1,1,1,1,1,1,1,1,1,1,1,1,1,1,1,1,1,1,1,1,1,1,1,1,1,1,1,1,1,1,1,1,1,1,1
syn_f000520-2-Pre,1,1,1,1,1,1,1,1,1,1,1,1,1,1,1,1,1,1,1,1,1,1,1,1,1,1,1,1,1,1,1,1,1,1,1,1,1,1,1,1,1,1,1,1,1,1,1,1,1,1,1,1,1,1,1,1,1,1,1,1,1,1,1,1,1,1,1,1,1,1,1,1,1,1,1,1,1,1,1,1,1,1,1,1,1,1,1,1,1,1,1,1,1,1,1,1,1,1,1,1,1,1,1,1,1,1,1,1,1,1,1,1,1,1,1,1,1,1,1,1,1,1,1,1,1,10,22,27,30,34,38,40,42,44,46,48,49,51,52,53,55,55,57,58,59,59,60,61,61,62,63,63,63,63,63,63,63,63,63,63,63,63,62,62,62,67,69,70,70,70,70,70,69,68,68,68,67,66,66,65,64,62,61,60,59,53,52,52,52,51,50,50,48,48,46,46,45,45,45,44,44,44,44,44,44,44,44,44,44,44,44,44,44,45,48,53,58,62,66,70,77,82,136,239,279,329,337,348,360,375,388,429,437,467,476,483,489,494,497,493,500,509,514,518,521,524,528,531,471,472,473,479,481,490,486,478,446,436,430,424,415,383,364,359,357,355,154,151,150,149,148,146,146,144,143,142,141,140,139,137,135,133,131,131,129,128,127,126,125,124,123,122,121,121,119,119,117,117,115,115,115,113,113,111,111,111,109,109,108,107,107,106,105,105,104,102,102,101,100,100,100,100,100,98,98,98,98,98,98,98,98,98,98,98,98,98,98,98,99,99,100,100,100,100,100,100,100,100,100,100,100,100,101,101,101,102,103,104,104,106,106,108,108,110,110,112,113,114,115,116,117,118,119,119,120,121,121,122,123,123,123,124,124,124,124,124,124,124,126,126,126,126,126,126,126,126,126,126,126,127,127,128,128,128,128,128,129,129,129,129,129,130,131,131,131,131,131,132,133,133,133,134,134,134,135,135,135,136,136,136,136,136,136,137,138,138,138,138,138,139,139,139,139,139,139,139,139,139,139,139,140,140,140,140,141,140,140,140,140,140,140,140,140,140,140,140,140,140,139,139,139,139,138,138,137,137,137,137,136,135,135,135,133,133,133,132,131,131,131,131,129,129,129,129,128,127,127,127,126,125,125,124,124,122,122,122,121,120,120,119,119,118,117,117,117,115,115,115,114,114,114,112,112,112,112,112,111,111,111,111,111,110,110,110,109,109,109,109,109,109,108,108,108,108,107,108,108,108,108,108,109,109,109,109,111,111,111,111,111,112,113,113,113,113,115,115,115,115,115,116,117,117,117,117,117,117,117,117,117,117,118,118,118,117,117,117,117,117,117,117,116,116,116,116,115,115,114,114,113,113,113,113,111,111,111,111,109,109,109,107,107,107,105,105,105,105,103,103,103,103,102,101,101,100,100,99,99,98,98,98,98,97,96,96,96,96,96,94,94,94,94,94,93,92,92,92,92,92,92,92,93,93,93,93,94,94,94,94,95,95,95,95,95,95,95,95,95,95,95,96,96,97,98,98,99,100,101,102,104,104,106,106,108,108,110,111,112,113,114,115,115,115,115,116,115,115,114,113,112,109,107,105,102,99,46,44,1,1,1,1,1,1,1,1,1,1,1,1,1,1,1,1,1,1,1,1,1,1,1,1,1,1,1,1,1,1,1,1,1,1,1,1,1,1,1,1,1,1,1,1,1,1,1,1,1,1,1,1,1,1,1,1,1,1,1,1,1,1
syn_f000523-1-Pre,1,1,1,1,1,1,1,1,1,1,1,1,1,1,1,1,1,1,1,1,1,1,1,1,1,1,1,1,1,1,1,1,1,1,1,1,1,1,1,1,1,1,1,1,1,1,1,1,1,1,1,1,1,1,1,1,1,1,1,1,1,1,1,1,1,1,1,1,1,1,1,1,1,1,1,1,1,1,1,1,1,1,1,1,1,1,1,1,1,1,1,1,1,1,1,1,1,1,1,1,1,1,1,1,1,1,1,1,1,1,1,1,1,1,1,1,1,1,1,1,1,1,1,1,1,1,1,1,12,22,26,30,34,36,38,40,43,45,47,47,49,51,51,53,53,55,55,56,57,57,58,59,59,59,59,59,59,59,59,59,59,59,59,59,58,59,65,66,67,67,67,66,66,65,65,64,63,63,62,61,60,59,58,57,55,52,50,50,50,49,49,48,48,47,46,45,44,43,42,42,41,41,41,40,40,40,40,40,40,42,44,48,52,57,68,88,97,107,114,119,129,139,153,164,261,280,298,325,334,342,353,364,376,388,458,468,475,481,485,490,494,492,484,490,499,507,510,511,513,431,429,425,423,422,422,393,393,389,392,386,380,376,372,370,153,150,146,144,141,140,139,137,135,133,132,130,128,126,124,122,120,118,116,116,114,113,113,112,111,111,111,110,110,110,110,110,109,109,108,108,107,106,105,105,103,103,101,101,100,100,99,99,98,98,97,97,97,97,99,99,99,99,99,99,99,99,99,99,99,99,98,98,98,99,99,99,99,99,99,99,99,99,99,99,99,99,99,99,99,101,101,101,101,101,102,102,103,104,104,106,106,108,108,110,110,112,113,114,116,117,118,119,120,121,122,122,123,124,124,125,126,126,126,126,126,126,127,127,127,127,127,128,128,128,128,129,129,129,129,129,129,129,130,130,130,130,130,131,131,131,132,132,133,133,133,133,133,133,133,133,133,133,134,133,134,134,134,134,134,134,134,133,133,133,133,133,133,133,133,133,132,132,132,131,131,131,131,131,130,130,130,130,130,130,130,129,129,128,128,128,128,128,127,126,126,126,126,125,125,125,124,123,123,123,122,122,121,121,120,120,119,119,119,117,117,117,117,116,115,115,114,114,113,113,112,111,111,110,110,110,109,108,108,108,108,106,106,106,106,105,105,105,104,104,104,104,104,104,104,104,104,104,104,104,104,104,104,104,104,104,104,105,105,105,105,105,105,105,105,105,105,105,105,106,106,106,106,106,106,106,107,107,107,107,108,108,108,109,109,109,109,109,110,111,111,111,111,111,111,111,111,111,111,112,112,112,112,112,112,112,111,111,111,111,111,110,110,110,110,110,109,109,109,108,108,108,107,107,107,107,107,106,105,105,105,104,104,104,103,103,102,102,102,102,102,100,100,100,100,99,99,99,98,98,98,97,97,97,97,97,95,95,95,95,95,95,94,94,93,93,93,93,93,92,91,91,91,90,90,91,91,91,92,92,93,94,94,93,93,93,93,93,93,94,94,94,94,94,96,96,96,97,97,98,100,100,102,104,104,106,106,107,108,109,109,110,111,113,113,113,113,113,113,113,112,110,107,106,103,98,94,88,1,1,1,1,1,1,1,1,1,1,1,1,1,1,1,1,1,1,1,1,1,1,1,1,1,1,1,1,1,1,1,1,1,1,1,1,1,1,1,1,1,1,1,1,1,1,1,1,1,1,1,1,1,1,1,1,1,1,1,1,1,1,1,1,1,1
syn_f000535-2-Pre,1,1,1,1,1,1,1,1,1,1,1,1,1,1,1,1,1,1,1,1,1,1,1,1,1,1,1,1,1,1,1,1,1,1,1,1,1,1,1,1,1,1,1,1,1,1,1,1,1,1,1,1,1,1,1,1,1,1,1,1,1,1,1,1,1,1,1,1,1,1,1,1,1,1,1,1,1,1,1,1,1,1,1,1,1,1,1,1,1,1,1,1,1,1,1,1,1,1,1,1,1,1,1,1,1,1,1,19,24,28,33,35,39,41,42,44,46,48,49,50,52,52,54,55,56,57,58,58,59,60,60,60,61,62,62,62,62,62,62,62,62,62,62,61,60,60,60,66,68,69,70,70,69,68,68,68,67,66,66,66,64,64,63,62,60,60,58,54,50,50,49,49,49,48,47,47,45,44,44,44,44,44,44,44,44,44,44,44,43,43,43,43,44,46,49,53,57,61,64,70,77,82,101,113,137,146,154,163,170,177,184,195,220,301,320,340,372,381,392,403,416,429,441,449,458,466,476,496,509,517,526,539,549,562,566,570,574,579,588,592,574,585,586,586,586,488,474,442,435,414,164,159,155,151,149,147,145,143,141,140,138,136,135,134,132,130,128,127,125,124,123,122,121,121,121,120,119,119,118,118,116,116,116,114,114,112,112,111,110,109,107,107,105,103,103,104,105,105,105,106,106,106,106,106,105,105,105,105,105,105,105,104,104,104,103,103,103,103,103,103,103,101,101,101,101,101,100,100,100,100,100,101,101,101,101,101,101,101,101,102,102,102,102,102,102,102,103,104,105,106,107,107,109,109,111,112,113,114,115,116,117,118,120,120,121,122,122,124,124,125,125,125,126,127,127,127,127,127,127,127,127,127,127,127,127,127,127,127,127,127,127,127,127,128,128,129,129,129,130,131,131,131,132,133,133,134,135,135,135,137,137,137,139,139,139,141,141,141,141,141,142,143,143,143,143,143,144,145,145,145,145,145,145,145,145,144,144,143,143,143,143,143,143,143,143,142,141,141,141,141,141,141,139,139,139,139,139,139,139,137,137,137,137,136,135,135,135,134,134,133,133,132,132,132,131,130,130,130,130,129,128,128,128,127,126,126,126,126,125,124,124,124,124,124,122,122,122,122,121,121,120,120,119,119,119,119,118,118,117,117,116,116,116,116,116,114,114,114,114,114,114,114,114,114,114,114,114,114,114,114,114,113,113,112,113,113,113,113,112,112,112,112,112,112,112,112,112,112,112,112,112,112,112,112,112,112,112,113,114,114,114,114,114,114,115,116,116,116,116,117,117,118,118,118,118,118,118,119,119,119,119,119,119,119,119,119,119,119,119,119,118,118,118,118,118,118,118,117,117,116,116,116,116,115,114,114,114,114,113,113,112,112,112,111,111,110,110,110,109,108,108,108,107,106,106,106,105,105,104,104,104,103,102,102,102,101,100,100,100,100,99,98,98,98,98,96,96,96,96,95,94,94,94,94,92,92,92,92,92,92,92,92,92,92,92,93,93,93,93,95,95,95,95,95,95,95,95,95,95,95,95,97,97,97,98,99,99,100,101,102,103,104,106,106,108,109,110,111,112,113,113,114,115,116,117,117,117,117,115,115,113,113,111,108,107,105,104,101,99,96,92,38,1,1,1,1,1,1,1,1,1,1,1,1,1,1,1,1,1,1,1,1,1,1,1,1,1,1,1,1,1,1,1,1,1,1,1,1,1,1,1,1,1,1,1,1,1,1
syn_f000549-3-Pre,1,1,1,1,1,1,1,1,1,1,1,1,1,1,1,1,1,1,1,1,1,1,1,1,1,1,1,1,1,1,1,1,1,1,1,1,1,1,1,1,1,1,1,1,1,1,1,1,1,1,1,1,1,1,1,1,1,1,1,1,1,1,1,1,1,1,1,1,1,1,1,1,1,1,1,1,1,1,1,1,1,1,1,1,1,1,1,1,1,1,1,1,1,1,1,1,1,1,1,1,1,1,1,1,1,1,1,1,1,1,1,1,1,1,1,1,1,1,1,1,13,23,27,30,34,37,39,41,43,45,47,47,49,50,51,53,54,55,56,56,57,58,58,59,60,60,60,61,61,61,61,61,61,61,61,60,60,60,60,62,66,67,69,69,68,68,68,67,67,66,66,65,64,64,62,61,60,59,56,56,53,52,51,50,50,49,48,47,47,45,45,44,44,44,44,44,44,44,44,44,44,45,45,45,45,46,46,48,49,53,58,62,66,71,77,88,120,164,177,188,288,300,317,333,348,366,412,421,429,437,445,454,463,473,482,498,511,528,533,537,540,543,545,548,548,531,535,542,546,550,559,567,501,506,501,495,485,468,461,431,393,386,373,368,366,167,162,160,156,154,154,152,151,150,148,148,146,145,145,143,143,141,140,138,137,135,135,134,133,133,132,131,130,130,129,128,128,126,126,125,125,123,123,123,121,121,120,119,118,118,117,116,116,115,114,114,114,113,113,113,113,113,112,112,112,111,111,110,110,109,109,109,108,107,107,106,106,105,105,105,104,104,103,104,104,105,105,106,107,107,107,109,109,110,110,111,112,112,113,113,115,115,117,118,119,120,122,123,124,126,127,128,130,130,131,132,133,134,134,134,134,136,136,136,136,136,136,136,135,135,135,135,135,135,135,135,135,134,134,134,134,135,135,135,135,135,135,135,135,136,136,136,136,138,138,138,140,140,140,141,142,142,143,143,144,144,145,145,146,146,146,146,147,148,148,148,148,148,148,148,148,148,148,148,148,148,147,147,147,146,146,146,146,146,146,146,146,146,146,146,146,146,146,145,144,144,144,144,144,144,144,144,144,144,142,142,142,142,142,141,140,140,138,138,138,136,136,136,134,134,134,134,132,132,132,132,130,130,130,128,128,127,126,125,124,123,123,122,121,121,120,120,119,118,118,117,117,117,117,117,116,116,116,116,116,116,116,116,116,116,115,115,115,114,114,114,114,114,114,114,114,114,114,115,116,116,116,117,117,117,118,119,119,120,121,121,121,122,123,123,123,125,125,125,125,126,127,127,127,127,127,127,128,128,128,128,128,128,128,128,128,128,128,127,127,126,126,126,126,126,126,124,124,124,123,123,122,122,121,120,120,119,119,118,117,117,117,115,115,114,113,113,112,111,111,109,109,109,107,107,107,106,105,105,104,103,103,103,101,101,101,100,99,99,99,98,97,97,97,97,97,95,95,95,95,95,95,95,95,96,95,96,96,96,96,96,97,98,98,98,99,99,99,99,99,99,99,99,98,98,98,100,100,100,100,101,102,103,103,105,105,107,108,110,111,112,114,116,116,118,118,120,120,121,120,120,120,119,119,117,117,115,113,111,108,106,102,49,46,45,1,1,1,1,1,1,1,1,1,1,1,1,1,1,1,1,1,1,1,1,1,1,1,1,1,1,1,1,1,1,1,1,1,1,1,1,1,1,1,1,1,1,1,1,1,1,1,1,1,1,1,1,1,1,1,1,1,1
syn_f000559-2-Pre,1,1,1,1,1,1,1,1,1,1,1,1,1,1,1,1,1,1,1,1,1,1,1,1,1,1,1,1,1,1,1,1,1,1,1,1,1,1,1,1,1,1,1,1,1,1,1,1,1,1,1,1,1,1,1,1,1,1,1,1,1,1,1,1,1,1,1,1,1,1,1,1,1,1,1,1,1,1,1,1,1,1,1,1,1,1,1,1,1,1,1,1,1,1,1,1,1,1,1,1,1,1,1,1,1,1,1,1,1,1,1,1,1,8,21,26,30,34,38,40,42,44,46,48,50,51,53,53,55,56,57,59,59,61,61,61,63,63,63,64,64,64,65,65,65,65,65,64,65,64,64,64,64,65,69,72,72,73,73,72,72,72,72,71,70,70,70,69,68,67,66,64,64,63,57,57,56,56,56,55,54,54,52,52,50,49,49,48,48,48,47,47,47,48,48,47,47,48,48,47,49,53,57,63,67,70,74,77,81,84,141,239,251,292,307,326,350,369,417,427,438,448,459,469,491,513,520,529,537,541,542,543,539,530,533,540,545,549,556,562,506,511,507,502,497,491,485,466,436,428,419,414,409,329,317,301,214,204,198,156,155,154,153,152,152,152,150,150,150,149,148,147,146,145,144,143,142,142,141,140,140,140,139,138,138,138,138,137,137,136,136,136,136,134,134,134,134,133,133,133,133,133,132,131,131,131,129,128,126,125,124,125,125,126,127,127,127,127,127,127,128,128,129,129,130,130,130,130,130,130,129,129,129,129,128,127,127,127,127,127,126,127,127,127,128,128,129,130,131,133,133,135,135,137,138,139,139,140,141,142,143,143,143,143,145,145,145,145,145,145,145,145,146,146,146,146,145,145,145,145,145,145,145,145,144,144,143,143,143,144,144,145,145,145,145,145,145,146,146,146,146,147,147,148,148,149,150,150,151,152,152,152,154,154,154,154,154,155,156,156,156,156,156,157,157,158,158,157,156,156,156,156,156,156,156,156,156,155,155,155,154,154,154,154,154,154,153,153,153,152,152,152,151,151,151,150,150,150,149,149,149,148,148,147,147,147,147,145,145,144,144,143,142,141,141,140,139,139,138,137,137,136,136,135,135,134,134,134,133,133,132,132,131,131,131,131,129,129,129,128,128,127,127,127,126,126,125,125,124,124,124,124,124,124,123,123,122,122,122,122,122,122,122,121,121,121,121,121,121,121,119,119,119,119,119,118,118,118,118,118,119,119,119,119,119,119,120,120,120,121,122,122,122,123,124,124,124,125,125,126,126,127,127,127,127,127,128,129,129,129,129,129,129,129,129,129,129,129,129,129,127,127,127,127,127,127,127,125,125,125,125,125,124,123,123,123,122,121,121,121,120,119,119,118,118,117,117,116,115,115,115,114,113,113,113,111,111,111,111,109,109,109,109,107,107,107,106,105,105,105,105,103,103,103,103,101,101,101,101,101,100,100,99,99,99,99,99,99,99,99,99,99,99,99,99,100,100,101,101,101,101,101,101,101,103,103,103,103,103,103,103,103,104,104,105,105,106,106,108,108,109,110,111,112,113,114,115,117,117,119,120,121,123,124,125,126,126,127,127,127,126,126,124,123,120,119,117,115,113,108,104,52,52,51,47,1,1,1,1,1,1,1,1,1,1,1,1,1,1,1,1,1,1,1,1,1,1,1,1,1,1,1,1,1,1,1,1,1,1,1,1,1,1,1,1,1,1,1,1,1,1,1,1,1,1,1,1,1
syn_f000559-3-Pre,1,1,1,1,1,1,1,1,1,1,1,1,1,1,1,1,1,1,1,1,1,1,1,1,1,1,1,1,1,1,1,1,1,1,1,1,1,1,1,1,1,1,1,1,1,1,1,1,1,1,1,1,1,1,1,1,1,1,1,1,1,1,1,1,1,1,1,1,1,1,1,1,1,1,1,1,1,1,1,1,1,1,1,1,1,1,1,1,1,1,1,1,1,1,1,1,1,1,1,1,1,1,1,1,1,1,1,1,1,1,1,1,1,8,21,26,30,34,38,40,42,44,46,48,50,51,53,53,55,57,57,59,59,61,61,61,63,63,63,64,64,64,65,65,65,65,65,64,65,64,64,64,64,65,69,72,72,74,73,72,72,72,72,71,70,70,70,69,68,68,66,64,64,63,58,57,56,56,56,55,54,54,52,52,50,49,49,48,48,48,48,48,48,48,48,47,48,48,48,49,51,56,60,64,68,239,251,276,282,444,458,476,524,537,542,544,547,551,554,558,554,579,579,580,580,581,579,577,570,504,497,498,496,494,491,487,482,419,412,405,397,387,372,358,348,332,308,294,281,269,260,254,246,237,209,169,164,162,159,159,158,158,158,158,158,157,157,156,156,156,154,154,154,152,152,152,150,150,149,148,148,148,147,146,146,146,144,144,144,142,142,142,140,140,140,138,138,137,137,137,136,136,135,134,133,132,131,130,129,127,127,127,127,127,128,128,128,128,128,128,129,129,129,129,129,129,129,129,129,129,127,127,127,126,125,125,125,124,124,123,123,124,124,124,124,125,126,127,128,129,131,131,133,134,135,136,137,137,139,139,141,141,141,141,143,143,143,143,143,143,144,145,145,145,145,145,144,144,144,143,143,143,143,143,143,142,141,141,142,143,143,143,143,142,142,142,143,144,144,144,145,145,146,146,147,148,148,150,150,150,152,152,152,154,154,154,154,156,156,156,156,156,157,158,158,158,158,158,158,158,158,158,158,158,158,158,158,158,158,158,158,158,158,158,158,157,157,157,156,156,156,156,155,155,155,154,154,154,154,153,153,153,152,151,151,151,151,150,149,149,148,148,147,146,145,144,144,143,142,142,141,140,140,139,139,138,138,137,136,136,136,135,135,134,133,133,133,131,131,131,131,129,129,129,127,127,127,127,126,125,125,125,124,124,124,124,123,123,122,122,122,122,122,122,121,121,121,121,121,121,121,119,119,119,119,118,118,118,118,119,119,119,119,119,120,120,120,121,121,122,122,123,124,124,125,125,126,126,127,127,128,128,129,129,129,130,130,131,131,131,131,131,131,131,131,131,131,131,131,131,131,131,131,131,130,129,129,129,129,129,128,128,127,127,126,125,125,125,124,123,123,122,122,121,121,120,119,119,118,117,117,116,115,115,114,113,113,113,112,111,111,110,109,109,109,107,107,107,106,105,105,105,104,103,103,103,103,101,101,101,101,101,100,99,99,99,99,99,99,99,99,99,99,99,99,100,100,101,101,101,101,101,101,102,103,103,103,103,103,103,103,103,104,104,104,105,106,106,107,108,109,109,111,111,112,114,115,116,117,119,120,121,122,123,125,125,126,127,127,127,127,126,126,124,122,119,118,117,115,109,108,53,52,51,50,1,1,1,1,1,1,1,1,1,1,1,1,1,1,1,1,1,1,1,1,1,1,1,1,1,1,1,1,1,1,1,1,1,1,1,1,1,1,1,1,1,1,1,1,1,1,1,1,1,1,1,1,1
syn_f000564-0-Pre,1,1,1,1,1,1,1,1,1,1,1,1,1,1,1,1,1,1,1,1,1,1,1,1,1,1,1,1,1,1,1,1,1,1,1,1,1,1,1,1,1,1,1,1,1,1,1,1,1,1,1,1,1,1,1,1,1,1,1,1,1,1,1,1,1,1,1,1,1,1,1,1,1,1,1,1,1,1,1,1,1,1,1,1,1,1,1,1,1,1,1,1,1,1,1,1,1,1,1,1,1,1,1,1,1,1,1,1,1,1,1,1,1,8,20,25,28,32,36,38,40,42,44,46,48,50,50,52,53,54,55,56,57,58,59,59,60,60,61,61,62,62,62,62,62,62,62,62,62,62,61,61,60,61,66,69,69,70,70,69,69,69,69,67,67,67,65,65,65,63,61,61,59,59,53,50,49,49,48,47,47,47,46,46,46,45,45,44,44,44,44,44,44,44,44,44,44,43,43,43,43,43,44,44,45,46,49,52,56,59,63,67,74,81,89,287,425,438,454,482,495,509,547,555,566,583,602,601,599,592,582,576,577,575,559,556,557,557,494,490,485,480,411,402,393,384,372,358,345,332,315,286,272,261,250,238,224,199,169,162,156,154,153,151,150,149,148,146,146,144,144,142,141,140,138,138,137,136,135,135,133,133,132,131,131,130,129,129,128,128,128,128,128,127,127,126,126,125,125,125,125,123,123,122,121,120,119,118,116,114,114,115,114,114,114,113,113,113,113,114,114,114,114,113,113,113,113,113,112,112,112,112,112,112,112,112,114,114,114,114,116,116,117,118,119,119,120,121,121,122,123,123,123,123,125,125,125,125,125,125,126,126,127,127,127,128,128,129,130,131,131,133,133,135,135,136,137,138,139,140,141,141,142,143,143,144,145,145,145,145,147,147,147,147,147,147,147,148,148,149,149,149,149,149,149,149,150,150,150,150,151,151,152,152,152,152,152,152,152,152,153,153,153,153,153,154,154,155,154,154,155,155,155,155,155,155,155,155,155,155,155,154,153,153,153,153,153,152,152,151,151,151,150,150,149,149,148,148,147,147,146,145,145,145,144,143,143,143,142,141,141,141,140,139,139,139,138,137,137,137,136,135,135,135,134,133,133,132,132,132,131,130,130,130,130,129,128,128,128,128,126,126,126,125,124,124,124,124,123,122,122,122,122,121,121,121,120,120,119,119,119,119,119,118,118,118,117,117,117,117,117,117,117,116,116,116,115,115,115,115,115,115,115,115,113,113,113,113,113,113,114,114,114,114,114,114,114,114,114,114,116,116,116,116,117,118,118,118,118,118,120,120,120,120,120,120,120,120,120,120,120,120,120,120,120,120,120,120,120,120,120,120,120,120,120,118,118,118,118,118,118,116,116,116,116,116,115,114,114,114,113,113,112,112,112,111,111,110,110,110,109,108,108,108,108,107,106,106,106,106,105,104,104,104,103,103,102,102,102,101,101,100,100,99,99,99,99,99,98,98,97,97,97,97,97,97,97,97,97,97,97,98,98,98,98,98,99,99,100,100,100,100,100,100,100,101,101,102,102,103,103,104,105,105,105,107,108,109,109,111,111,113,113,115,115,115,117,117,117,117,117,117,116,115,115,115,113,113,112,110,108,106,103,99,45,1,1,1,1,1,1,1,1,1,1,1,1,1,1,1,1,1,1,1,1,1,1,1,1,1,1,1,1,1,1,1,1,1,1,1,1,1,1,1,1,1,1,1,1,1,1,1,1,1,1,1,1,1
syn_f000564-2-Pre,1,1,1,1,1,1,1,1,1,1,1,1,1,1,1,1,1,1,1,1,1,1,1,1,1,1,1,1,1,1,1,1,1,1,1,1,1,1,1,1,1,1,1,1,1,1,1,1,1,1,1,1,1,1,1,1,1,1,1,1,1,1,1,1,1,1,1,1,1,1,1,1,1,1,1,1,1,1,1,1,1,1,1,1,1,1,1,1,1,1,1,1,1,1,1,1,1,1,1,1,1,1,1,1,1,1,1,1,1,1,1,1,1,8,20,25,29,32,36,38,40,42,44,46,48,50,51,52,53,54,55,57,57,58,59,59,60,61,61,62,62,62,62,62,62,62,62,62,62,62,61,61,60,62,66,69,70,70,70,69,69,69,69,67,67,67,66,65,65,63,61,61,59,59,53,50,49,49,48,47,47,47,46,46,46,45,45,44,44,44,44,44,44,44,44,44,44,45,45,45,44,44,45,47,49,53,56,59,62,65,70,74,81,87,106,151,167,180,279,291,303,316,330,345,360,398,414,428,438,447,457,471,483,503,525,529,534,538,542,543,544,544,526,531,537,541,545,549,557,495,496,500,493,485,468,436,428,417,386,366,362,360,155,153,151,150,150,148,148,148,147,146,146,145,145,144,143,143,142,141,140,140,139,139,138,137,137,135,135,134,133,132,132,131,130,129,129,128,127,127,126,124,124,123,122,121,119,117,116,115,115,114,114,114,113,113,113,113,113,114,114,114,114,114,114,113,113,112,112,112,112,112,112,112,111,112,112,112,112,112,112,112,112,113,113,114,114,115,115,115,115,116,117,117,117,117,117,117,117,119,119,119,119,120,121,121,123,123,124,125,127,127,129,130,131,132,134,134,136,137,138,138,139,139,141,141,141,143,143,143,143,143,143,143,143,144,144,144,144,144,144,144,145,145,145,145,146,146,146,146,146,147,147,148,148,148,148,150,150,150,150,151,151,152,152,152,153,153,153,153,154,155,155,155,155,155,156,157,157,157,157,157,157,157,156,156,156,155,155,155,155,155,155,155,155,154,154,154,153,153,153,153,152,151,151,151,151,150,149,149,149,149,149,147,147,147,146,146,145,145,144,144,143,143,143,141,141,141,140,140,139,138,138,138,136,136,136,136,134,134,134,133,132,132,130,130,130,128,128,126,126,125,125,124,124,123,123,122,121,121,121,120,119,119,119,119,119,118,117,117,117,117,117,117,117,116,116,116,115,115,115,115,115,115,115,115,114,115,115,115,115,115,115,115,115,116,116,116,116,116,118,118,118,119,120,120,120,121,122,122,122,123,124,124,124,125,125,126,126,126,126,126,126,126,126,126,126,126,127,126,126,126,126,126,126,126,125,125,124,124,124,123,123,122,122,122,121,120,120,120,118,118,118,117,116,116,116,114,114,114,113,112,112,111,110,110,110,109,108,108,108,106,106,106,106,104,104,104,104,102,102,102,101,101,100,100,100,99,99,99,99,98,98,98,98,98,98,98,98,97,98,98,98,98,99,98,99,100,100,100,100,100,100,100,100,101,101,102,102,103,103,104,105,105,105,107,107,108,109,110,111,113,113,113,115,115,115,117,117,117,117,117,117,116,115,115,115,113,113,112,110,108,107,103,99,45,1,1,1,1,1,1,1,1,1,1,1,1,1,1,1,1,1,1,1,1,1,1,1,1,1,1,1,1,1,1,1,1,1,1,1,1,1,1,1,1,1,1,1,1,1,1,1,1,1,1,1,1
syn_f000567-1-Pre,1,1,1,1,1,1,1,1,1,1,1,1,1,1,1,1,1,1,1,1,1,1,1,1,1,1,1,1,1,1,1,1,1,1,1,1,1,1,1,1,1,1,1,1,1,1,1,1,1,1,1,1,1,1,1,1,1,1,1,1,1,1,1,1,1,1,1,1,1,1,1,1,1,1,1,1,1,1,1,1,1,1,1,1,1,1,1,1,1,1,1,1,1,1,1,1,1,1,1,1,1,1,1,1,1,1,1,1,1,1,1,1,1,1,1,1,1,1,1,1,1,1,1,1,20,25,29,34,36,40,42,43,45,47,49,50,52,53,54,55,57,57,58,59,60,60,61,62,62,62,62,63,63,64,64,64,63,63,63,63,62,62,62,65,70,71,72,72,72,72,71,70,70,70,69,69,68,68,66,66,64,63,62,61,58,54,54,53,53,53,52,51,51,50,49,48,48,48,48,48,48,48,48,48,48,47,47,47,47,47,48,49,52,55,59,63,66,70,72,76,79,85,146,195,204,214,222,277,293,350,358,369,379,391,406,420,430,440,452,463,470,478,488,497,508,524,538,552,565,573,585,584,584,582,563,556,557,539,534,536,537,467,461,455,375,362,346,332,310,297,258,246,235,198,152,151,148,148,147,145,145,144,144,142,142,141,141,140,139,139,138,137,137,136,136,134,134,134,134,134,134,134,133,133,132,132,132,132,132,131,131,130,130,128,128,127,125,125,124,122,122,122,121,121,121,119,119,119,119,119,119,119,119,119,119,119,119,119,119,119,119,119,119,121,121,121,123,123,124,124,125,126,126,127,128,129,129,129,129,129,129,130,129,129,129,129,130,130,133,133,135,137,138,140,142,144,145,146,148,149,150,151,151,153,153,155,155,155,156,157,157,158,158,159,159,158,159,158,159,158,158,158,158,158,158,158,159,159,159,159,160,160,161,161,161,163,163,163,163,164,165,165,165,166,167,167,167,168,168,169,169,170,170,171,171,171,171,171,171,171,171,172,172,172,172,171,171,170,170,169,168,168,168,167,166,166,166,165,165,164,163,163,162,161,161,160,159,159,158,157,157,156,155,155,155,153,153,153,151,151,150,149,149,147,147,147,145,145,143,143,142,141,140,139,138,138,136,136,135,134,134,133,132,132,131,131,130,129,129,128,128,127,127,126,125,125,125,123,123,123,122,122,121,121,121,120,120,120,119,119,119,118,118,118,118,118,117,117,117,117,117,117,116,116,115,115,115,115,115,115,115,115,115,115,115,115,115,116,117,117,117,118,118,119,119,119,119,121,121,121,121,121,122,122,122,122,122,122,123,123,123,123,123,123,122,122,122,122,122,122,122,122,122,121,121,121,120,120,119,119,119,119,118,117,117,117,117,117,115,115,115,115,114,113,113,113,113,112,111,111,111,111,110,109,109,109,109,108,107,107,107,106,106,105,105,104,104,104,104,104,103,103,102,102,102,102,102,102,102,102,102,102,102,102,103,103,103,103,104,104,104,104,104,104,104,104,104,104,104,105,105,106,106,107,108,109,109,111,111,113,113,115,115,117,117,119,119,121,121,121,121,121,120,120,120,119,118,116,115,112,110,105,101,94,38,1,1,1,1,1,1,1,1,1,1,1,1,1,1,1,1,1,1,1,1,1,1,1,1,1,1,1,1,1,1,1,1,1,1,1,1,1,1,1,1,1,1,1,1,1,1,1,1,1,1,1,1,1,1,1,1,1,1,1,1,1,1,1
syn_f000578-2-Pre,1,1,1,1,1,1,1,1,1,1,1,1,1,1,1,1,1,1,1,1,1,1,1,1,1,1,1,1,1,1,1,1,1,1,1,1,1,1,1,1,1,1,1,1,1,1,1,1,1,1,1,1,1,1,1,1,1,1,1,1,1,1,1,1,1,1,1,1,1,1,1,1,1,1,1,1,1,1,1,1,1,1,1,1,1,1,1,1,1,1,1,1,1,1,1,1,1,1,1,1,1,1,1,1,1,1,1,1,1,1,1,1,1,1,1,1,13,23,26,30,34,38,40,42,44,46,48,49,51,52,53,55,55,57,57,59,59,60,61,61,63,63,63,63,63,64,64,64,64,64,64,64,64,63,63,63,65,69,72,73,73,73,73,73,72,71,71,71,71,69,69,69,68,66,66,65,64,61,60,57,56,55,54,54,54,53,52,52,51,50,50,50,50,50,50,49,50,50,50,51,52,60,245,266,274,279,285,290,296,342,356,370,410,414,418,422,428,478,483,486,482,477,477,484,489,494,499,505,509,512,463,463,463,463,462,461,462,462,461,461,461,461,461,467,469,470,474,471,467,464,461,456,450,423,421,417,412,407,400,316,288,278,255,242,226,217,155,155,154,154,153,153,153,152,152,151,151,151,151,151,150,150,150,150,150,150,150,150,150,150,149,149,149,149,149,149,148,148,147,147,146,146,144,144,143,142,140,138,136,135,134,134,133,133,133,134,135,136,137,137,137,137,137,137,137,137,137,137,137,139,139,139,140,140,140,140,140,140,140,139,138,138,138,136,136,136,136,137,138,139,141,143,145,148,150,152,154,155,157,157,159,159,161,161,163,163,164,164,165,166,166,166,167,168,168,168,168,168,168,168,168,168,168,167,167,167,167,167,167,165,165,165,165,165,165,165,165,165,165,165,165,165,165,165,165,166,166,166,166,166,166,167,167,167,168,169,169,169,169,169,170,170,170,170,170,170,170,171,171,171,171,171,171,171,171,171,171,171,170,170,170,170,169,169,169,169,169,169,169,169,169,168,168,167,167,167,166,165,165,165,165,165,164,163,163,162,162,162,161,160,160,160,158,158,158,158,157,156,156,155,155,154,154,153,153,152,151,150,150,150,148,148,147,146,146,145,144,143,142,142,140,140,139,138,138,137,136,136,135,134,134,133,132,132,132,130,130,130,129,129,128,128,127,127,127,127,127,127,127,126,126,126,126,126,126,126,125,124,124,124,124,124,124,124,124,124,124,124,124,124,124,125,126,126,127,127,127,128,128,129,129,129,130,130,131,131,131,131,132,132,133,133,133,133,133,133,133,133,133,133,133,133,133,133,133,133,132,132,132,131,131,131,131,130,130,129,129,128,128,127,126,126,126,125,124,124,124,122,122,122,120,120,120,118,118,118,117,116,116,116,114,114,114,114,112,112,112,110,110,110,110,109,108,108,108,107,106,106,106,106,106,106,106,106,106,106,106,106,106,106,106,106,107,108,108,109,109,109,110,110,110,110,110,110,110,110,109,109,109,110,111,111,111,111,112,113,113,115,115,117,117,119,119,120,122,123,124,126,127,128,130,130,131,132,132,133,133,132,130,127,126,124,124,121,116,114,108,52,48,1,1,1,1,1,1,1,1,1,1,1,1,1,1,1,1,1,1,1,1,1,1,1,1,1,1,1,1,1,1,1,1,1,1,1,1,1,1,1,1,1,1,1,1,1,1,1,1,1,1,1,1,1,1,1,1,1,1,1
syn_f000579-2-Pre,1,1,1,1,1,1,1,1,1,1,1,1,1,1,1,1,1,1,1,1,1,1,1,1,1,1,1,1,1,1,1,1,1,1,1,1,1,1,1,1,1,1,1,1,1,1,1,1,1,1,1,1,1,1,1,1,1,1,1,1,1,1,1,1,1,1,1,1,1,1,1,1,1,1,1,1,1,1,1,1,1,1,1,1,1,1,1,1,1,1,1,1,1,1,1,1,1,1,1,1,1,1,1,1,1,1,1,1,1,1,1,1,1,1,1,1,1,1,1,1,1,1,1,1,1,1,1,1,1,1,1,1,1,1,1,1,1,1,1,1,1,1,1,1,1,12,22,26,29,33,37,39,40,42,44,46,47,48,50,50,52,53,54,54,56,56,56,58,58,58,58,58,59,59,59,59,58,59,58,58,58,58,58,62,65,66,66,66,66,66,65,64,64,64,62,62,62,60,60,58,57,56,52,49,49,49,49,49,47,47,47,45,45,43,42,42,41,41,41,41,41,41,41,41,41,40,40,40,42,44,48,52,55,58,62,72,134,143,151,160,170,268,286,306,324,377,392,402,411,423,437,451,480,497,500,501,503,506,508,510,498,498,508,518,529,532,454,446,435,386,374,341,334,332,147,143,141,139,138,136,136,135,133,133,131,131,130,129,128,126,123,121,120,119,117,116,115,115,114,113,113,111,111,110,109,109,108,107,107,106,106,106,106,106,105,104,104,104,103,102,100,99,98,96,95,95,94,94,94,93,93,93,93,93,93,93,91,91,91,90,89,88,88,88,86,86,85,85,84,83,83,83,83,82,82,82,83,83,82,82,82,82,84,84,84,84,85,85,86,87,87,88,89,89,91,91,93,93,95,95,96,97,97,98,99,99,99,100,101,101,102,102,102,102,102,102,102,102,102,102,102,102,102,102,104,104,104,104,104,104,104,104,105,105,105,106,107,107,108,108,108,110,110,110,110,110,110,111,111,111,112,112,112,112,112,112,112,112,112,112,112,112,112,112,112,112,112,112,112,112,112,112,112,112,112,112,112,112,112,112,111,111,111,111,111,111,111,110,110,109,109,109,109,109,109,109,108,108,108,108,108,108,107,106,106,106,105,104,104,103,102,102,101,100,99,98,98,98,96,96,96,94,94,94,93,92,92,92,92,91,91,91,91,90,90,90,90,90,90,90,89,90,89,89,89,89,89,89,89,89,90,91,91,92,92,93,93,94,94,95,96,96,96,97,98,98,98,99,100,100,100,100,100,101,102,102,102,102,102,102,102,102,102,102,103,103,103,102,102,102,102,102,102,102,102,100,100,100,100,99,98,98,98,98,96,96,96,96,94,94,94,93,92,92,92,90,90,90,90,88,88,88,87,86,86,86,85,84,84,84,83,83,82,82,81,81,81,81,80,79,79,79,79,79,78,78,78,77,77,77,78,78,78,78,78,78,78,78,78,78,79,79,79,79,79,80,80,80,81,81,83,83,84,84,86,86,87,88,89,90,91,93,93,95,95,95,95,96,97,97,97,97,97,97,97,97,98,98,96,95,93,92,92,41,38,1,1,1,1,1,1,1,1,1,1,1,1,1,1,1,1,1,1,1,1,1,1,1,1,1,1,1,1,1,1,1,1,1,1,1,1,1,1,1,1,1,1,1,1,1,1,1,1,1,1,1,1,1,1,1,1,1,1,1,1,1,1,1,1,1,1,1,1,1,1,1,1,1,1,1,1,1,1,1,1,1,1,1
syn_f000581-2-Pre,1,1,1,1,1,1,1,1,1,1,1,1,1,1,1,1,1,1,1,1,1,1,1,1,1,1,1,1,1,1,1,1,1,1,1,1,1,1,1,1,1,1,1,1,1,1,1,1,1,1,1,1,1,1,1,1,1,1,1,1,1,1,1,1,1,1,1,1,1,1,1,1,1,1,1,1,1,1,1,1,1,1,1,1,1,1,1,1,1,1,1,1,1,1,1,1,1,1,1,1,1,1,1,1,1,1,1,1,1,1,1,1,1,1,1,1,1,1,1,1,8,21,25,29,33,36,38,40,42,44,46,47,49,50,51,53,53,55,55,57,57,57,59,59,59,59,61,61,61,61,61,61,61,61,61,59,59,59,59,63,67,68,68,68,68,67,67,66,66,65,65,64,63,63,61,59,59,57,54,50,49,49,49,49,47,47,47,47,45,45,44,44,44,44,44,44,44,44,44,43,43,44,44,45,46,47,49,51,56,61,65,69,87,101,111,119,148,158,167,178,192,363,383,395,405,418,434,453,467,483,491,502,513,524,542,559,584,592,602,602,602,600,597,576,571,553,556,557,557,468,459,364,347,297,225,191,169,162,157,154,153,150,149,148,148,146,145,145,144,144,143,142,141,140,138,137,135,133,131,130,128,128,126,125,124,123,123,121,120,119,118,117,117,115,115,113,113,111,110,109,107,107,106,106,105,105,105,105,105,105,105,105,105,105,105,105,104,104,104,103,103,103,102,102,102,102,101,101,101,101,101,101,101,100,100,100,99,99,99,99,99,99,99,101,101,102,102,103,104,104,104,106,106,108,109,110,112,114,114,116,117,119,119,121,121,123,123,124,125,125,125,126,127,127,127,127,127,127,127,128,128,129,129,129,129,129,129,129,130,131,131,131,131,131,132,133,133,133,133,134,134,135,136,136,136,138,138,138,138,140,140,140,141,141,141,142,142,142,142,142,142,142,144,144,144,144,143,142,142,142,142,142,142,142,141,141,141,141,141,140,139,139,139,139,139,138,138,137,137,137,136,136,136,136,135,134,134,134,132,132,132,132,130,130,130,130,128,128,128,126,126,126,126,124,124,124,123,122,122,121,121,120,119,119,118,117,117,116,115,115,115,113,113,113,113,113,111,111,111,111,111,111,111,110,109,109,109,109,109,109,109,109,109,108,108,107,107,107,107,107,107,107,107,107,107,108,108,107,107,107,107,107,107,107,107,107,107,106,106,106,107,107,107,107,107,107,107,107,108,108,108,109,109,109,109,109,109,110,111,111,111,111,111,112,113,113,113,113,113,113,113,113,113,113,113,113,113,113,113,113,113,113,113,113,113,112,112,111,111,111,111,109,109,109,109,109,108,107,107,107,107,105,105,105,105,104,103,103,103,102,101,101,101,100,99,99,99,99,97,97,97,97,95,95,95,95,94,93,93,92,92,92,92,91,90,90,90,90,90,89,89,89,89,89,89,89,89,89,89,89,89,89,90,90,91,91,91,91,91,91,91,91,92,92,93,93,92,92,93,94,94,94,95,96,96,96,97,98,99,99,101,101,103,103,103,105,106,107,107,108,109,109,109,110,110,110,110,110,111,110,109,107,107,106,103,100,48,47,45,44,1,1,1,1,1,1,1,1,1,1,1,1,1,1,1,1,1,1,1,1,1,1,1,1,1,1,1,1,1,1,1,1,1,1,1,1,1,1,1,1,1,1,1,1,1,1,1,1,1,1,1,1,1,1,1,1,1,1
syn_f000584-2-Pre,1,1,1,1,1,1,1,1,1,1,1,1,1,1,1,1,1,1,1,1,1,1,1,1,1,1,1,1,1,1,1,1,1,1,1,1,1,1,1,1,1,1,1,1,1,1,1,1,1,1,1,1,1,1,1,1,1,1,1,1,1,1,1,1,1,1,1,1,1,1,1,1,1,1,1,1,1,1,1,1,1,1,1,1,1,1,1,1,1,1,1,1,1,1,1,1,1,1,1,1,1,1,1,1,1,1,1,1,1,1,1,1,1,1,1,1,1,1,1,1,1,1,1,1,1,1,1,1,9,21,25,29,33,36,38,40,42,44,46,48,48,50,51,52,54,54,55,56,57,57,58,58,58,59,59,59,59,59,59,59,59,58,58,58,59,64,66,66,66,66,65,65,64,64,63,62,62,61,60,59,57,57,54,50,50,50,48,48,48,46,46,44,44,43,43,42,42,42,42,42,42,42,42,42,41,42,42,43,46,47,51,55,59,62,71,262,283,313,325,333,343,358,385,411,475,481,486,490,493,497,491,488,495,502,511,513,514,517,462,460,461,460,459,463,463,469,462,453,416,405,398,390,364,360,356,353,155,152,150,149,147,147,146,144,144,143,142,141,140,139,138,136,134,132,130,128,126,125,123,123,121,120,120,118,118,118,116,116,116,114,114,114,112,112,112,111,110,110,108,108,106,104,103,102,101,99,99,99,99,99,99,99,99,98,98,98,98,98,98,98,97,97,97,97,97,95,95,95,95,94,94,93,93,92,91,91,91,91,91,90,90,90,90,90,90,90,90,90,91,92,93,95,97,97,99,100,101,102,103,103,105,105,106,107,107,108,108,108,108,108,109,109,109,109,110,110,110,110,110,110,110,111,111,112,112,112,112,113,114,114,114,114,114,115,116,116,116,116,117,118,118,118,119,119,120,121,121,121,122,123,123,123,123,123,123,125,125,125,125,125,126,126,126,126,126,126,126,127,126,127,127,127,127,127,127,127,127,127,128,128,128,128,128,128,127,127,127,127,127,127,127,127,127,127,127,127,125,125,125,125,125,124,123,123,122,121,121,120,120,119,118,118,118,117,117,116,116,115,115,115,114,113,112,112,111,110,110,109,108,108,107,106,106,105,104,103,103,103,101,101,101,100,99,99,98,98,98,98,98,98,98,98,98,98,98,98,97,97,97,97,97,96,96,96,96,96,96,96,96,96,96,96,97,98,98,98,98,98,98,99,100,100,101,102,102,103,104,104,105,106,106,107,108,108,108,108,110,110,110,110,110,110,110,112,112,112,112,112,112,112,112,112,112,111,111,110,110,110,110,110,110,109,109,108,108,108,107,106,106,106,106,104,104,104,104,102,102,102,101,100,100,100,98,98,98,98,97,96,96,96,95,94,94,94,93,92,92,92,91,90,90,90,90,89,89,88,88,88,88,87,86,86,86,85,84,84,84,83,83,83,83,83,83,83,83,83,83,83,84,85,85,85,85,85,85,85,85,84,85,86,86,86,88,88,88,90,90,91,92,92,93,94,96,96,98,100,100,100,101,102,102,102,102,102,102,102,101,101,101,101,102,102,101,99,95,94,93,88,81,38,1,1,1,1,1,1,1,1,1,1,1,1,1,1,1,1,1,1,1,1,1,1,1,1,1,1,1,1,1,1,1,1,1,1,1,1,1,1,1,1,1,1,1,1,1,1,1,1,1,1,1,1,1,1,1,1,1,1,1,1,1,1,1,1,1,1,1,1
syn_f000608-0-Pre,1,1,1,1,1,1,1,1,1,1,1,1,1,1,1,1,1,1,1,1,1,1,1,1,1,1,1,1,1,1,1,1,1,1,1,1,1,1,1,1,1,1,1,1,1,1,1,1,1,1,1,1,1,1,1,1,1,1,1,1,1,1,1,1,1,1,1,1,1,1,1,1,1,1,1,1,1,1,1,1,1,1,1,1,1,1,1,1,1,1,1,1,1,1,1,1,1,1,1,1,1,1,1,1,1,1,1,1,1,1,1,1,1,1,1,1,1,1,1,1,1,1,1,1,1,1,1,1,1,16,23,27,31,34,38,40,42,44,46,47,49,51,51,53,54,55,56,57,58,59,59,60,61,61,62,62,63,63,63,63,63,63,63,63,63,62,62,62,62,63,66,69,71,71,71,71,71,70,69,69,69,68,67,67,66,65,64,62,62,60,58,53,52,52,51,51,50,50,49,48,47,46,46,46,46,46,46,46,46,46,45,45,45,45,45,45,45,45,46,47,50,54,58,61,65,71,79,85,91,315,337,471,478,514,521,527,533,553,558,550,549,550,551,549,546,533,471,469,467,463,459,455,450,376,367,358,346,333,321,281,272,236,227,218,211,204,176,161,157,154,151,149,148,146,145,144,143,142,140,139,137,136,134,132,131,129,128,127,125,125,123,123,123,122,122,122,122,121,121,121,121,121,121,121,121,121,120,119,119,119,118,117,117,117,115,115,113,112,112,111,110,110,111,111,111,112,112,112,114,114,114,114,114,114,114,114,114,114,113,113,113,113,114,115,115,115,116,116,117,118,119,119,121,121,121,121,121,121,121,121,121,120,120,120,120,120,119,121,121,122,123,124,124,126,126,127,128,129,129,130,130,131,131,132,132,132,132,133,133,133,133,134,134,134,134,134,134,134,133,133,133,133,133,133,133,133,132,132,132,133,133,133,133,133,133,133,133,133,133,133,133,134,134,134,135,135,135,135,135,135,135,135,135,135,135,135,135,135,135,135,134,133,133,133,133,133,133,132,132,131,131,131,131,130,129,129,129,129,127,127,127,127,126,126,125,125,124,124,124,123,122,122,122,122,120,120,120,120,120,119,119,118,118,118,117,117,117,117,115,115,115,115,114,113,113,112,111,111,110,109,109,109,109,108,107,107,107,107,107,106,105,105,105,105,105,105,105,105,105,105,105,104,103,104,103,103,103,103,103,103,103,103,103,103,103,103,103,103,103,103,103,103,103,103,103,104,104,104,104,104,105,106,106,106,106,106,106,107,108,108,108,108,108,109,110,110,110,110,110,110,110,110,110,110,110,110,110,110,110,110,110,109,109,109,109,108,108,108,108,107,107,107,106,106,105,105,105,105,104,103,103,103,103,102,102,101,101,101,100,100,99,99,99,99,98,98,97,97,97,96,96,96,95,95,94,94,94,93,93,92,92,92,92,91,91,91,90,90,90,90,90,90,90,90,90,90,91,91,92,93,93,93,94,94,94,94,94,94,93,93,93,93,94,95,95,96,96,97,98,99,100,101,102,103,104,105,106,108,108,110,110,112,112,114,114,114,114,115,115,115,113,112,107,106,102,101,96,95,46,43,42,1,1,1,1,1,1,1,1,1,1,1,1,1,1,1,1,1,1,1,1,1,1,1,1,1,1,1,1,1,1,1,1,1,1,1,1,1,1,1,1,1,1,1,1,1,1,1,1,1,1,1,1,1,1,1,1,1,1,1,1,1,1,1,1,1,1,1
syn_f000615-0-Pre,1,1,1,1,1,1,1,1,1,1,1,1,1,1,1,1,1,1,1,1,1,1,1,1,1,1,1,1,1,1,1,1,1,1,1,1,1,1,1,1,1,1,1,1,1,1,1,1,1,1,1,1,1,1,1,1,1,1,1,1,1,1,1,1,1,1,1,1,1,1,1,1,1,1,1,1,1,1,1,1,1,1,1,1,1,1,1,1,1,1,1,1,1,1,1,1,1,1,1,1,1,1,1,1,1,1,1,1,1,1,1,1,1,19,25,29,32,36,38,40,42,44,46,47,49,50,51,52,54,55,56,56,57,58,58,60,60,60,60,61,61,61,61,61,61,61,60,60,60,60,60,62,66,68,69,69,69,68,68,67,67,66,66,65,65,64,63,62,60,60,58,55,51,50,50,49,48,47,47,47,47,47,45,46,46,46,46,46,46,46,46,46,45,46,46,46,46,46,46,49,55,59,62,67,73,80,83,90,98,107,122,135,149,161,172,184,283,297,311,330,392,432,441,451,461,474,489,502,526,548,551,554,557,561,564,567,570,555,563,573,580,588,588,588,490,480,470,461,400,370,365,362,153,149,147,145,143,141,140,138,137,136,134,132,130,127,124,122,120,119,118,117,116,116,114,114,114,113,113,113,113,113,112,112,112,111,110,110,109,109,107,107,107,106,105,104,103,102,103,102,102,102,102,102,101,101,101,101,101,101,100,100,99,99,99,99,99,99,99,99,99,97,97,97,97,97,97,97,98,98,98,99,99,100,100,101,101,102,103,105,105,107,107,107,107,108,108,109,109,109,110,111,111,111,113,113,113,114,114,115,115,115,116,116,116,117,117,118,118,118,118,118,118,118,119,120,120,120,120,121,121,121,122,123,123,123,123,125,125,125,125,126,127,127,128,128,128,129,129,130,130,131,131,131,132,133,133,133,135,135,135,135,135,135,135,136,136,136,136,136,137,137,137,138,136,136,136,136,136,136,136,136,136,136,136,136,136,134,134,134,134,134,134,132,132,132,132,132,132,131,130,130,130,130,129,128,128,128,128,127,127,126,126,126,125,125,124,124,124,123,123,123,123,121,121,121,121,120,119,119,119,118,118,118,117,117,116,116,116,116,115,115,114,114,114,114,114,112,112,112,112,112,112,111,110,110,110,110,110,110,109,109,109,109,109,109,108,108,108,109,109,108,109,109,109,109,109,109,108,108,107,107,107,107,107,107,107,107,107,107,107,107,107,107,107,107,107,107,107,107,107,107,108,109,109,109,109,109,110,110,110,111,111,111,111,111,112,112,112,112,112,112,112,112,112,112,112,112,112,112,112,111,111,111,111,111,111,110,110,110,110,109,109,109,109,109,108,108,108,107,107,107,107,107,107,106,106,105,105,105,105,105,104,104,103,103,103,103,103,103,102,101,101,101,101,101,99,99,99,99,99,99,98,97,97,97,97,97,96,95,95,95,95,95,95,94,93,93,93,93,93,92,92,92,92,92,91,92,92,92,92,92,92,92,93,93,93,93,93,93,93,93,94,94,94,94,95,96,96,96,96,98,98,98,100,101,102,103,105,106,107,108,108,108,108,109,110,110,110,109,109,107,107,105,105,105,104,103,101,100,98,98,96,93,89,40,38,1,1,1,1,1,1,1,1,1,1,1,1,1,1,1,1,1,1,1,1,1,1,1,1,1,1,1,1,1,1,1,1,1,1,1,1,1,1,1,1,1,1,1,1,1,1,1,1,1,1,1
syn_f000625-3-Pre,1,1,1,1,1,1,1,1,1,1,1,1,1,1,1,1,1,1,1,1,1,1,1,1,1,1,1,1,1,1,1,1,1,1,1,1,1,1,1,1,1,1,1,1,1,1,1,1,1,1,1,1,1,1,1,1,1,1,1,1,1,1,1,1,1,1,1,1,1,1,1,1,1,1,1,1,1,1,1,1,1,1,1,1,1,1,1,1,1,1,1,1,1,1,1,1,1,1,1,1,1,1,1,1,1,1,1,1,1,1,1,1,1,1,1,1,1,1,1,1,1,1,1,1,1,12,22,27,31,35,37,39,41,43,45,47,49,50,51,53,54,55,56,57,57,58,59,60,60,61,61,61,61,61,61,61,61,61,61,61,61,61,63,67,68,69,69,69,68,68,68,66,66,66,66,64,64,62,61,60,60,54,52,51,50,49,49,49,47,47,46,46,46,46,46,46,46,45,45,45,44,44,44,45,45,46,47,48,50,53,56,58,61,64,420,457,469,480,494,517,590,591,590,589,588,586,581,568,551,541,543,546,546,547,545,544,481,414,407,399,390,382,372,364,354,343,332,319,279,229,212,198,186,174,167,162,158,154,152,151,150,149,148,148,148,147,146,146,146,146,145,144,143,141,140,138,137,135,133,131,131,129,128,128,126,126,124,122,122,120,120,119,118,118,116,116,114,113,112,111,109,107,107,105,105,104,103,103,102,102,102,102,102,102,101,101,101,101,101,101,100,100,98,98,98,98,96,96,94,94,92,91,91,89,88,88,88,88,89,89,90,91,91,93,94,96,96,98,98,99,101,101,101,103,103,104,105,106,107,107,108,109,109,110,111,111,112,113,113,114,115,115,116,116,116,116,117,117,118,118,118,118,118,118,119,119,119,119,119,119,119,120,120,120,120,120,120,120,120,121,121,122,122,123,123,124,124,125,126,126,127,127,128,128,128,128,128,129,130,130,130,130,130,131,132,132,132,132,132,132,132,132,132,132,132,132,131,132,131,131,132,132,131,131,131,131,131,131,131,131,131,131,130,130,130,130,129,129,129,129,129,128,128,127,127,127,127,126,126,125,125,125,124,124,124,124,123,123,122,122,122,121,120,120,120,120,119,118,118,117,116,116,116,114,114,114,113,112,112,111,110,110,109,109,108,108,107,107,106,106,105,105,105,105,105,105,105,105,104,104,104,104,104,104,104,104,104,103,103,103,103,103,103,103,104,104,104,104,104,104,105,105,105,106,106,107,107,107,109,109,109,109,110,111,111,112,113,113,113,114,114,115,115,116,116,116,116,117,117,117,117,117,118,118,118,118,118,117,117,117,117,117,117,116,116,116,115,115,115,114,113,113,113,112,111,111,111,110,109,109,108,107,107,106,105,105,104,103,103,102,101,101,101,100,99,99,99,97,97,97,97,95,95,95,95,95,93,93,93,92,91,91,91,91,90,89,89,89,89,88,88,88,88,88,88,88,88,88,88,88,89,89,89,90,91,91,91,91,91,92,92,92,92,92,92,92,92,93,93,94,94,95,96,96,98,98,99,100,102,102,104,104,104,106,106,106,107,108,108,109,108,108,108,108,108,108,108,106,104,100,99,97,92,1,1,1,1,1,1,1,1,1,1,1,1,1,1,1,1,1,1,1,1,1,1,1,1,1,1,1,1,1,1,1,1,1,1,1,1,1,1,1,1,1,1,1,1,1,1,1,1,1,1,1,1,1,1,1,1,1,1,1,1,1,1,1,1,1
syn_f000642-1-Pre,1,1,1,1,1,1,1,1,1,1,1,1,1,1,1,1,1,1,1,1,1,1,1,1,1,1,1,1,1,1,1,1,1,1,1,1,1,1,1,1,1,1,1,1,1,1,1,1,1,1,1,1,1,1,1,1,1,1,1,1,1,1,1,1,1,1,1,1,1,1,1,1,1,1,1,1,1,1,1,1,1,1,1,1,1,1,1,1,12,21,25,29,33,35,37,39,41,43,45,47,47,49,50,51,52,53,54,54,56,56,56,58,58,58,59,59,59,60,60,60,60,60,60,60,58,58,58,58,58,63,66,66,67,67,67,66,66,65,65,64,63,63,62,61,60,58,57,56,54,47,46,46,46,44,44,43,42,41,41,40,40,39,39,39,39,39,39,39,39,39,38,38,38,38,38,38,39,39,39,40,41,43,44,46,48,50,52,55,57,60,63,92,103,110,134,142,151,160,265,278,296,313,341,371,392,410,426,466,487,492,497,501,505,508,507,498,502,508,514,521,538,540,466,463,461,460,459,455,453,455,421,389,393,390,387,386,384,382,147,144,142,141,139,139,137,135,135,133,132,130,129,127,124,122,120,116,114,111,109,108,106,105,103,102,100,100,98,98,97,97,95,95,94,93,92,92,92,92,91,91,91,91,91,92,93,93,93,93,93,92,93,93,93,93,92,92,92,92,91,91,90,90,90,90,90,89,89,89,89,88,88,88,88,88,88,88,88,89,89,89,89,90,90,90,90,90,90,90,89,89,89,89,89,89,90,90,91,91,92,94,94,96,97,99,101,102,104,105,106,108,109,111,112,113,114,115,117,118,119,120,121,122,122,123,124,125,125,125,126,127,127,127,128,128,128,128,129,129,129,130,131,131,131,131,133,133,133,133,134,135,135,135,136,136,137,138,138,138,140,140,140,141,142,142,142,143,144,144,144,144,144,144,144,144,144,144,144,146,146,146,146,146,146,146,146,146,146,145,145,145,145,145,145,145,145,145,145,145,145,145,145,144,144,144,144,144,143,143,143,143,143,142,142,142,141,140,140,140,139,139,138,138,138,137,136,136,136,135,135,134,134,133,133,133,133,132,131,131,131,131,131,131,129,129,129,129,129,128,128,128,128,128,127,126,126,126,126,126,125,125,125,125,125,124,124,124,123,123,123,122,122,122,122,121,121,121,121,121,120,119,119,119,119,119,119,119,118,118,118,118,118,118,118,117,117,117,117,117,116,115,115,115,115,115,115,116,116,116,116,116,116,116,116,116,117,118,118,118,118,118,118,119,119,119,120,120,120,120,120,120,120,120,120,120,121,121,122,122,122,122,122,122,122,122,122,122,122,122,122,122,123,123,123,122,122,122,122,122,122,121,121,121,121,121,121,121,120,120,120,120,119,119,118,118,118,118,118,118,117,116,116,116,116,116,114,114,114,114,114,113,112,112,112,112,112,110,110,110,110,109,109,108,108,108,107,107,106,106,106,105,105,104,104,104,103,103,102,102,102,101,101,100,100,99,99,98,98,98,98,98,97,97,96,96,96,96,96,96,96,96,96,96,96,97,97,97,97,98,97,98,98,99,99,100,101,101,101,102,102,103,104,105,106,106,108,108,110,111,112,114,114,116,116,117,118,119,120,120,120,120,121,120,120,119,117,116,113,113,111,108,106,54,53,49,48,47,46,1,1,1,1,1,1,1,1,1,1,1,1,1,1,1,1,1,1,1,1,1,1,1,1,1,1,1,1,1,1,1
syn_f000647-2-Pre,1,1,1,1,1,1,1,1,1,1,1,1,1,1,1,1,1,1,1,1,1,1,1,1,1,1,1,1,1,1,1,1,1,1,1,1,1,1,1,1,1,1,1,1,1,1,1,1,1,1,1,1,1,1,1,1,1,1,1,1,1,1,1,1,1,1,1,1,1,1,1,1,1,1,1,1,1,1,1,1,1,1,1,1,1,1,1,1,1,1,1,1,1,1,1,1,1,1,1,1,1,1,1,1,1,1,1,1,1,1,1,1,1,1,1,1,9,21,26,30,34,37,39,41,43,45,47,49,49,51,53,53,55,56,57,57,58,59,59,60,61,61,61,62,62,62,62,62,62,62,62,62,62,62,61,62,65,68,69,70,70,70,69,69,69,68,68,67,67,66,65,64,63,62,62,58,57,55,53,51,51,51,51,50,49,49,48,48,47,47,46,46,45,45,46,46,45,45,45,45,45,46,47,48,48,50,54,57,60,62,67,71,269,274,279,289,301,344,349,356,364,370,373,378,377,386,430,439,448,455,458,463,468,418,422,423,421,420,419,418,419,419,419,421,427,429,417,410,395,376,372,369,366,343,344,344,343,251,152,150,149,148,147,146,145,145,144,144,143,142,142,141,140,139,138,137,136,135,134,133,131,130,128,128,127,125,125,123,122,122,121,120,119,118,118,117,116,116,116,114,114,112,112,111,109,109,109,108,107,107,107,107,107,107,107,107,106,106,106,106,106,106,106,105,105,105,105,105,105,105,105,104,103,103,103,103,103,103,103,102,101,101,101,101,101,102,102,102,104,104,106,106,108,108,110,110,112,112,113,114,114,115,115,116,117,117,117,117,119,119,119,120,121,121,122,122,123,123,124,124,124,125,126,126,126,126,126,126,126,126,125,126,127,127,127,127,127,127,127,127,127,129,129,129,129,129,129,129,130,130,130,130,131,132,132,133,133,134,134,135,135,136,136,136,136,136,137,137,138,138,138,138,138,138,138,138,138,138,138,138,138,137,137,137,137,137,137,136,136,136,136,136,136,136,136,136,136,135,135,135,135,135,134,134,134,134,134,133,132,132,132,132,131,131,131,130,129,129,129,128,128,127,127,126,126,126,125,125,124,124,124,123,122,122,122,122,121,120,120,118,118,118,116,116,115,114,114,113,112,112,111,111,110,109,109,109,109,108,107,107,107,107,106,106,106,105,105,105,105,105,105,105,105,105,105,105,105,105,105,105,105,104,104,104,104,104,104,104,104,104,104,104,105,105,105,105,105,105,106,106,106,107,107,107,107,108,109,109,109,109,109,109,110,110,111,111,111,111,111,111,111,111,111,112,112,112,111,111,111,111,111,111,111,111,111,111,110,110,110,109,109,108,108,108,108,107,107,106,106,106,105,105,104,104,103,103,102,102,101,101,101,101,100,99,99,99,99,97,97,97,97,96,96,95,95,95,95,94,94,93,93,93,92,92,92,91,91,91,91,91,91,90,90,90,90,90,89,90,89,90,90,90,90,91,91,91,91,91,91,91,91,92,92,92,92,93,93,94,95,95,95,97,97,98,98,99,100,101,102,102,103,104,104,106,106,106,108,108,108,109,110,110,110,109,109,108,107,105,102,99,95,91,42,41,36,1,1,1,1,1,1,1,1,1,1,1,1,1,1,1,1,1,1,1,1,1,1,1,1,1,1,1,1,1,1,1,1,1,1,1,1,1,1,1,1,1,1,1,1,1,1,1,1,1,1,1,1,1
syn_f000653-3-Pre,1,1,1,1,1,1,1,1,1,1,1,1,1,1,1,1,1,1,1,1,1,1,1,1,1,1,1,1,1,1,1,1,1,1,1,1,1,1,1,1,1,1,1,1,1,1,1,1,1,1,1,1,1,1,1,1,1,1,1,1,1,1,1,1,1,1,1,1,1,1,1,1,1,1,1,1,1,1,1,1,1,1,1,1,1,1,1,1,1,1,1,1,1,1,1,1,1,1,1,1,1,1,1,1,1,1,1,1,1,1,1,1,1,1,1,1,1,1,1,1,1,1,1,1,1,1,1,1,1,1,1,1,1,1,1,1,1,1,1,1,1,1,1,1,1,1,1,1,1,1,1,1,1,1,1,1,1,1,8,19,24,27,31,34,36,38,40,42,43,44,46,46,48,50,50,50,52,52,52,54,54,54,54,54,54,54,54,54,54,54,54,54,54,57,60,61,61,61,61,60,60,59,59,58,58,56,56,54,52,52,50,44,43,42,42,42,41,40,40,40,40,40,40,40,40,40,40,40,40,40,40,42,43,45,48,52,54,58,63,68,73,81,89,101,124,142,149,157,232,241,266,325,336,344,352,360,369,378,387,398,410,415,420,427,433,440,448,456,467,482,495,514,521,529,529,527,526,509,503,482,485,347,321,152,143,137,134,131,130,128,127,127,126,125,125,124,123,122,121,120,119,119,119,119,118,118,118,117,117,116,114,114,114,112,111,110,109,108,107,107,105,103,103,101,99,96,94,90,88,88,89,89,89,89,89,89,89,89,89,89,88,87,87,87,86,85,85,84,83,83,81,81,80,80,79,79,79,78,77,77,77,78,79,79,80,81,83,85,87,89,91,93,95,97,99,100,102,103,104,105,106,108,108,108,109,110,110,110,111,111,111,112,112,113,113,113,113,113,113,113,113,113,114,114,114,114,114,114,114,114,114,115,116,116,116,116,118,118,119,120,122,122,123,124,125,126,127,128,128,129,129,130,131,131,132,133,133,133,135,135,135,135,135,135,135,136,136,136,136,136,136,136,136,136,136,136,136,136,136,136,136,136,136,136,136,135,134,134,134,134,134,134,133,133,133,132,132,131,131,130,129,129,128,127,126,126,124,124,124,122,122,120,120,120,118,117,115,113,111,111,109,108,107,105,105,104,103,103,102,101,101,100,100,100,99,99,99,99,98,98,98,97,97,97,97,97,96,96,95,95,95,94,94,94,94,95,95,96,96,96,96,98,98,98,100,100,100,101,102,102,102,104,104,104,104,106,106,106,106,106,108,108,108,108,108,108,108,108,108,108,108,108,108,107,107,106,106,106,105,105,104,104,104,103,103,102,102,101,101,100,100,99,99,98,97,97,96,96,95,95,94,94,93,92,92,92,91,90,90,89,89,88,88,88,87,86,85,85,85,83,83,83,83,82,82,82,82,83,83,83,83,84,84,83,83,83,83,83,83,82,82,83,83,84,85,85,87,87,88,90,90,92,94,95,95,97,97,98,99,99,99,98,98,98,97,97,94,93,90,85,39,36,36,34,1,1,1,1,1,1,1,1,1,1,1,1,1,1,1,1,1,1,1,1,1,1,1,1,1,1,1,1,1,1,1,1,1,1,1,1,1,1,1,1,1,1,1,1,1,1,1,1,1,1,1,1,1,1,1,1,1,1,1,1,1,1,1,1,1,1,1,1,1,1,1,1,1,1,1,1,1,1,1,1,1,1,1,1,1,1,1,1,1,1,1,1,1,1
syn_f000658-0-Pre,1,1,1,1,1,1,1,1,1,1,1,1,1,1,1,1,1,1,1,1,1,1,1,1,1,1,1,1,1,1,1,1,1,1,1,1,1,1,1,1,1,1,1,1,1,1,1,1,1,1,1,1,1,1,1,1,1,1,1,1,1,1,1,1,1,1,1,1,1,1,1,1,1,1,1,1,1,1,1,1,1,1,1,1,1,1,1,1,1,1,1,1,1,1,1,1,1,1,1,1,1,1,1,1,1,1,1,1,1,1,1,1,1,1,1,1,1,1,1,1,1,1,1,1,8,21,26,30,34,38,40,42,44,46,48,49,50,52,53,54,55,57,57,58,59,59,60,61,61,61,62,62,62,62,62,62,62,62,62,61,61,61,61,65,68,70,70,70,68,68,68,68,66,66,66,65,64,64,62,61,60,59,56,53,52,52,51,51,50,50,49,49,47,46,45,43,42,42,42,42,42,41,41,41,41,40,40,41,43,46,49,286,337,340,343,348,350,384,388,388,384,384,387,464,475,482,490,499,509,528,463,462,462,463,466,467,469,478,489,487,482,477,473,465,443,434,409,407,404,400,394,385,265,251,210,201,188,160,153,151,148,146,144,143,141,140,138,136,134,132,129,127,126,124,123,121,121,119,119,117,117,116,115,115,115,114,114,114,113,113,113,113,113,111,111,111,111,110,110,108,108,108,107,107,108,108,108,109,109,109,109,109,109,109,107,107,107,106,106,106,106,104,104,104,104,104,104,104,104,104,104,104,104,104,104,104,104,102,102,102,101,101,102,102,103,103,105,106,108,108,110,112,113,114,115,117,117,119,119,121,121,122,123,123,124,125,126,126,127,128,128,128,130,130,131,131,133,133,133,134,135,135,136,136,137,137,138,138,139,140,140,140,140,142,142,142,142,144,144,144,144,145,146,146,146,147,148,148,148,148,148,148,148,148,148,148,148,148,149,149,149,149,149,148,148,148,147,147,147,147,146,145,145,145,145,145,144,143,143,143,143,142,141,141,141,141,140,139,139,139,139,137,137,137,136,135,135,134,134,133,133,132,132,131,130,129,129,128,127,127,126,126,125,125,124,124,123,123,123,122,122,121,121,120,120,120,119,119,119,118,117,117,117,117,117,116,115,115,115,114,114,114,114,113,112,112,112,112,112,111,111,111,110,110,110,109,109,109,109,109,109,109,109,109,109,109,109,109,108,108,108,108,108,108,108,108,108,108,108,108,108,108,108,108,108,108,110,110,110,110,111,111,112,112,112,113,113,113,113,113,114,114,114,115,115,115,115,115,115,115,115,115,115,115,115,114,113,113,113,113,113,113,113,113,113,112,111,111,111,111,111,111,111,110,109,109,109,109,109,109,108,107,107,107,107,106,106,105,105,105,105,104,104,103,103,103,102,102,101,101,101,100,100,99,99,99,99,98,97,97,97,96,95,95,95,94,94,94,93,93,92,92,92,92,92,92,92,92,92,92,92,93,93,94,94,94,96,95,95,95,95,95,95,95,95,94,94,95,95,95,97,97,97,98,99,100,101,102,104,104,106,107,108,109,110,111,112,113,113,114,114,114,114,112,112,110,109,108,107,104,102,101,97,94,40,39,1,1,1,1,1,1,1,1,1,1,1,1,1,1,1,1,1,1,1,1,1,1,1,1,1,1,1,1,1,1,1,1,1,1,1,1,1,1,1,1,1,1,1,1,1,1,1,1,1,1,1,1,1,1,1,1,1,1,1,1,1,1
syn_f000658-2-Pre,1,1,1,1,1,1,1,1,1,1,1,1,1,1,1,1,1,1,1,1,1,1,1,1,1,1,1,1,1,1,1,1,1,1,1,1,1,1,1,1,1,1,1,1,1,1,1,1,1,1,1,1,1,1,1,1,1,1,1,1,1,1,1,1,1,1,1,1,1,1,1,1,1,1,1,1,1,1,1,1,1,1,1,1,1,1,1,1,1,1,1,1,1,1,1,1,1,1,1,1,1,1,1,1,1,1,1,1,1,1,1,1,1,1,1,1,1,1,1,1,1,1,1,1,9,21,26,30,34,38,40,42,44,46,48,49,50,52,53,54,55,57,57,58,59,59,60,61,61,61,62,62,62,62,62,62,62,62,62,61,61,61,61,65,68,70,70,70,69,68,68,68,66,66,66,66,64,64,62,61,60,59,56,53,52,52,51,51,50,50,49,49,47,46,45,43,42,42,42,42,42,42,42,41,42,42,43,45,48,53,59,65,279,287,298,310,384,391,396,400,403,407,412,414,411,412,416,462,470,477,482,487,492,430,430,431,433,436,440,440,439,438,437,436,432,431,407,405,407,409,410,414,404,394,389,386,384,382,358,359,153,150,149,148,147,145,145,143,143,141,140,138,136,136,134,132,130,129,128,127,127,125,125,124,123,122,121,120,119,119,118,117,117,116,116,114,114,113,112,111,110,109,109,109,109,108,109,109,109,109,109,109,109,109,107,107,107,106,106,106,104,104,104,103,103,102,102,102,102,100,100,100,99,98,98,97,96,95,94,93,93,93,94,95,97,97,98,100,102,104,105,107,108,109,111,113,113,115,116,117,118,119,120,120,121,122,122,124,124,124,126,126,126,127,128,129,129,129,130,131,131,131,132,132,133,134,134,134,135,136,136,136,138,138,138,139,140,140,140,142,142,142,144,144,144,146,146,147,148,148,148,148,148,148,149,149,150,150,150,150,151,151,151,152,152,152,152,152,151,150,150,150,150,150,150,150,150,150,150,150,149,149,148,148,148,147,147,147,147,147,146,145,145,145,145,144,143,143,142,142,141,140,140,140,139,138,137,137,136,135,135,133,133,133,131,131,131,131,130,129,129,129,128,127,127,127,126,125,125,125,123,123,123,122,121,121,120,120,119,118,118,118,116,116,116,116,115,114,114,113,113,113,112,111,111,111,111,110,109,109,109,109,109,109,109,109,109,109,108,108,108,108,108,108,108,108,108,108,108,108,110,110,110,110,110,110,111,112,112,113,114,114,114,116,116,116,116,117,118,118,118,119,119,119,119,119,119,120,120,120,121,121,121,121,121,121,120,120,120,119,119,119,119,119,119,118,118,118,117,117,117,116,116,115,115,115,115,114,113,113,113,112,111,111,111,110,109,109,109,107,107,107,107,105,105,105,105,103,103,103,103,102,101,101,101,100,99,99,99,98,97,97,97,96,95,95,95,94,94,94,93,92,92,92,92,92,92,92,92,92,92,93,93,94,94,94,96,96,96,96,95,96,95,95,95,95,94,95,95,95,97,97,97,98,99,100,100,102,103,104,105,107,108,109,110,111,111,113,113,114,114,114,114,112,112,111,109,109,108,106,102,101,98,95,41,40,1,1,1,1,1,1,1,1,1,1,1,1,1,1,1,1,1,1,1,1,1,1,1,1,1,1,1,1,1,1,1,1,1,1,1,1,1,1,1,1,1,1,1,1,1,1,1,1,1,1,1,1,1,1,1,1,1,1,1,1,1,1
syn_f000672-1-Pre,1,1,1,1,1,1,1,1,1,1,1,1,1,1,1,1,1,1,1,1,1,1,1,1,1,1,1,1,1,1,1,1,1,1,1,1,1,1,1,1,1,1,1,1,1,1,1,1,1,1,1,1,1,1,1,1,1,1,1,1,1,1,1,1,1,1,1,1,1,1,1,1,1,1,1,1,1,1,1,1,1,1,1,1,1,1,1,1,1,1,1,1,1,1,1,1,1,1,1,1,1,1,1,1,1,1,1,1,1,18,25,28,32,36,38,40,42,44,46,48,49,51,52,53,55,55,57,57,58,59,59,60,61,61,62,62,62,62,62,62,62,62,62,62,62,62,62,62,62,67,70,70,70,70,70,69,69,69,68,67,67,67,65,65,64,62,61,60,59,53,52,52,51,50,50,48,48,46,46,44,44,45,45,44,44,44,45,45,44,44,44,44,44,44,44,44,45,47,261,276,290,337,339,341,346,348,354,374,376,374,375,379,387,395,450,458,465,471,474,425,426,428,432,437,441,442,442,441,441,442,442,442,441,445,448,452,458,447,439,430,422,414,407,382,358,357,355,354,354,237,147,145,143,143,142,141,140,140,139,139,137,137,137,137,135,135,135,135,134,133,133,133,133,133,131,131,131,131,130,130,130,130,129,128,128,127,127,127,127,125,125,124,124,122,122,120,120,118,117,117,116,117,116,116,116,116,116,116,117,117,117,116,115,115,115,115,114,114,114,113,113,113,113,114,115,115,115,115,115,115,115,115,115,115,116,116,117,118,119,119,121,122,124,124,126,128,129,130,131,132,133,134,135,136,137,138,138,138,140,140,140,141,142,142,142,142,142,143,144,144,144,144,144,144,145,145,145,146,146,146,146,146,146,146,146,146,147,148,148,148,148,148,148,149,149,150,150,150,150,150,151,151,152,152,152,152,152,153,153,154,154,154,154,155,155,155,155,155,155,155,155,155,155,155,155,155,155,155,155,155,155,155,155,155,154,154,154,154,154,154,153,153,153,153,152,152,152,152,152,152,151,150,150,150,150,150,150,150,149,148,147,147,147,145,145,145,144,143,143,143,142,141,141,141,141,141,140,139,139,139,139,139,138,138,137,137,136,136,136,136,134,134,134,134,132,132,132,130,130,129,128,128,128,128,126,126,126,126,125,124,124,124,124,124,124,124,124,124,123,123,122,122,122,122,122,122,122,122,122,121,122,121,121,121,121,120,120,120,119,119,119,119,119,119,119,119,119,119,119,119,119,120,120,121,121,121,122,123,123,123,123,123,124,125,125,125,125,126,126,127,127,127,127,127,127,127,127,127,127,127,127,128,127,127,127,127,127,127,127,127,126,126,125,125,125,125,125,124,124,123,123,123,123,122,121,121,121,121,120,120,119,118,118,118,117,116,116,115,115,114,114,114,113,112,112,112,111,110,110,109,109,108,108,108,107,106,106,106,105,104,104,104,103,102,102,102,102,102,101,101,100,100,100,100,100,100,100,100,100,100,100,101,101,101,102,102,102,102,103,103,103,103,104,104,104,104,104,104,105,105,105,106,106,108,108,108,110,110,110,112,112,114,114,116,117,118,119,120,122,122,124,124,125,125,125,124,124,124,123,123,121,119,116,114,113,110,106,103,98,43,1,1,1,1,1,1,1,1,1,1,1,1,1,1,1,1,1,1,1,1,1,1,1,1,1,1,1,1,1,1,1,1,1,1,1,1,1,1,1,1,1,1,1,1,1,1,1,1
syn_f000698-1-Pre,1,1,1,1,1,1,1,1,1,1,1,1,1,1,1,1,1,1,1,1,1,1,1,1,1,1,1,1,1,1,1,1,1,1,1,1,1,1,1,1,1,1,1,1,1,1,1,1,1,1,1,1,1,1,1,1,1,1,1,1,1,1,1,1,1,1,1,1,1,1,1,1,1,1,1,1,1,1,1,1,1,1,1,1,1,1,1,1,1,1,1,1,1,1,1,1,1,1,1,1,1,1,1,1,1,1,1,1,1,1,1,1,1,1,1,1,1,1,1,1,1,1,1,1,1,1,1,1,1,1,1,1,1,1,1,1,1,1,1,12,22,26,29,33,36,38,40,42,44,46,47,48,49,50,51,53,53,55,55,55,57,57,57,57,58,58,59,59,59,57,58,57,57,57,57,57,59,64,65,65,65,65,65,63,63,63,61,61,61,60,58,58,56,55,53,51,48,48,48,47,46,46,45,44,44,42,41,41,40,40,40,40,40,40,40,40,40,41,41,42,44,45,49,53,247,257,269,320,323,326,352,467,475,488,502,499,501,509,520,549,551,550,549,548,486,481,473,454,443,442,438,434,428,421,416,345,335,319,303,290,274,261,250,236,218,205,194,182,172,164,159,156,153,150,149,147,144,143,142,141,139,138,136,135,134,132,130,128,127,126,125,124,123,123,122,121,121,121,120,120,119,119,119,119,117,117,117,115,115,115,113,112,111,109,107,105,103,101,100,100,99,99,100,100,100,100,100,100,100,99,99,99,99,99,99,98,98,98,98,98,98,98,98,98,98,98,98,98,98,98,98,98,98,99,99,101,102,104,106,109,111,113,115,118,120,121,123,124,125,125,127,127,129,129,129,129,130,130,131,131,130,130,130,130,130,130,130,129,129,129,129,129,129,129,129,129,128,128,128,128,128,128,128,128,128,128,128,129,129,129,129,129,129,129,130,130,131,131,131,132,132,133,133,133,133,134,134,134,134,134,134,134,134,135,135,135,135,134,134,134,134,134,134,134,134,134,133,133,132,132,132,132,132,132,132,132,131,130,130,130,130,130,130,130,129,128,128,128,128,127,126,126,126,125,124,123,123,121,121,119,119,118,117,117,117,116,115,115,114,114,113,112,112,110,110,109,108,108,107,106,106,106,105,104,104,104,104,103,102,102,102,102,102,102,101,100,100,100,100,100,100,100,100,100,100,99,99,99,99,99,98,98,98,98,98,98,98,98,98,98,98,98,98,98,98,99,99,99,99,101,101,101,101,102,103,103,103,104,104,105,105,105,106,106,106,106,106,106,106,106,106,106,106,106,106,105,104,104,104,104,104,104,103,103,102,102,101,101,101,100,100,99,99,99,98,98,97,97,96,96,96,95,94,94,94,93,93,92,92,92,91,90,90,90,90,88,88,88,88,86,86,86,86,85,85,84,84,83,83,83,83,82,82,82,82,82,82,83,83,83,84,85,85,85,87,87,87,87,87,87,87,87,88,88,89,89,89,90,91,91,92,93,94,94,96,97,98,100,100,102,103,104,104,106,107,107,108,108,108,108,108,107,107,106,103,102,100,98,47,43,1,1,1,1,1,1,1,1,1,1,1,1,1,1,1,1,1,1,1,1,1,1,1,1,1,1,1,1,1,1,1,1,1,1,1,1,1,1,1,1,1,1,1,1,1,1,1,1,1,1,1,1,1,1,1,1,1,1,1,1,1,1,1,1,1,1,1,1,1,1,1,1,1,1,1,1,1,1
syn_f000701-2-Pre,1,1,1,1,1,1,1,1,1,1,1,1,1,1,1,1,1,1,1,1,1,1,1,1,1,1,1,1,1,1,1,1,1,1,1,1,1,1,1,1,1,1,1,1,1,1,1,1,1,1,1,1,1,1,1,1,1,1,1,1,1,1,1,1,1,1,1,1,1,1,1,1,1,1,1,1,1,1,1,1,1,1,1,1,1,1,1,1,1,1,1,1,1,1,1,1,1,1,1,1,1,1,1,1,1,1,1,1,1,1,1,1,1,1,1,1,1,1,1,1,1,1,1,1,1,1,1,1,1,1,14,23,27,31,35,37,39,41,43,45,46,48,50,50,52,52,54,55,56,56,57,58,58,59,59,60,60,60,60,60,60,60,60,60,60,59,59,59,61,65,66,68,68,67,66,66,66,65,64,64,64,62,62,60,59,58,56,52,49,48,48,48,46,46,46,44,44,43,42,42,42,42,41,41,41,41,41,41,40,41,41,40,41,41,42,42,44,48,52,55,59,61,64,69,76,138,152,257,268,282,306,326,389,401,412,420,430,442,453,476,497,503,506,510,513,517,519,509,507,515,529,537,547,547,471,464,457,450,424,410,357,345,340,235,149,143,139,137,136,135,134,133,132,131,131,129,129,127,125,124,123,121,120,120,119,118,117,117,116,115,114,114,112,112,110,110,109,108,108,106,106,104,102,102,100,98,98,96,96,95,95,95,95,94,95,95,95,95,95,95,95,95,95,94,94,93,93,93,93,92,92,91,91,91,90,90,89,89,88,88,88,89,89,89,89,89,91,91,93,93,93,93,94,94,94,94,94,94,94,94,95,96,96,97,97,98,99,100,101,103,104,105,106,108,109,110,111,112,113,114,114,116,116,116,118,118,118,119,120,120,121,122,122,123,124,124,126,126,127,128,129,130,131,132,133,133,134,135,136,137,137,138,139,139,140,140,141,142,143,143,144,144,144,145,146,146,146,146,146,148,148,148,148,148,148,148,148,148,148,148,147,147,147,147,147,147,147,147,146,146,145,145,145,144,143,143,143,143,143,141,141,141,141,140,139,139,138,137,137,137,136,135,135,134,133,133,133,131,131,131,130,129,129,128,127,127,126,125,125,124,123,123,122,122,121,120,120,120,118,118,118,118,117,116,116,115,115,115,115,113,113,113,113,112,112,112,112,112,111,111,111,110,110,110,110,110,110,110,109,109,109,109,109,108,108,107,107,107,107,107,107,107,107,107,107,107,107,107,107,107,107,107,107,107,108,108,108,109,109,109,109,110,110,111,111,111,111,111,111,111,111,111,111,111,111,111,111,111,111,111,111,111,111,111,111,110,110,110,110,109,109,109,108,108,108,107,107,107,106,106,106,105,105,104,104,103,103,102,102,102,101,101,100,100,100,99,98,98,98,97,97,96,96,96,95,95,94,94,93,93,93,92,92,91,91,91,90,89,89,89,89,89,89,89,89,89,89,89,89,89,90,90,91,91,91,91,91,91,91,91,90,91,91,92,92,94,94,94,95,95,95,97,97,99,99,101,101,102,103,104,104,105,106,106,106,106,106,106,106,106,105,105,103,102,101,97,96,93,41,40,1,1,1,1,1,1,1,1,1,1,1,1,1,1,1,1,1,1,1,1,1,1,1,1,1,1,1,1,1,1,1,1,1,1,1,1,1,1,1,1,1,1,1,1,1,1,1,1,1,1,1,1,1,1,1,1,1,1,1,1,1,1,1,1,1,1,1,1
syn_f000708-3-Pre,1,1,1,1,1,1,1,1,1,1,1,1,1,1,1,1,1,1,1,1,1,1,1,1,1,1,1,1,1,1,1,1,1,1,1,1,1,1,1,1,1,1,1,1,1,1,1,1,1,1,1,1,1,1,1,1,1,1,1,1,1,1,1,1,1,1,1,1,1,1,1,1,1,1,1,1,1,1,1,1,1,1,1,1,1,1,1,1,1,1,1,1,1,1,1,1,1,1,1,1,1,1,1,1,1,1,1,1,1,1,1,12,22,27,31,35,37,40,42,44,46,48,50,51,52,54,54,56,57,58,59,60,60,61,62,62,63,64,64,64,64,64,64,64,64,64,64,64,64,63,63,63,64,69,72,72,72,72,72,72,72,71,71,70,70,70,69,68,67,66,65,63,63,60,58,54,53,53,52,51,51,50,49,49,49,49,49,49,48,48,48,48,48,48,48,48,48,47,47,47,48,49,51,54,59,63,66,71,74,77,187,214,310,328,399,408,416,423,434,450,466,479,488,494,500,507,515,525,535,550,566,597,607,619,618,618,618,616,612,590,579,568,568,570,571,570,506,503,498,422,415,406,394,383,358,296,246,210,159,157,155,154,154,153,152,152,152,152,152,150,150,150,149,148,148,147,146,146,145,145,145,144,143,142,142,141,140,139,138,137,136,135,134,133,132,130,130,128,127,126,125,123,123,121,121,121,119,119,119,118,118,118,118,117,117,117,117,117,116,116,116,116,115,115,114,114,113,113,113,113,113,112,112,112,111,111,111,111,110,110,110,110,110,110,110,110,110,109,109,109,109,110,112,112,114,115,117,118,120,121,123,124,125,126,128,129,130,130,131,132,133,133,134,134,135,135,135,136,136,136,136,136,136,136,136,136,136,136,136,137,137,137,137,137,138,139,139,139,140,141,141,142,143,143,145,145,146,146,148,148,149,150,150,152,152,153,154,155,156,157,157,157,158,159,159,159,160,161,161,161,163,163,163,163,163,163,163,163,164,164,163,164,163,164,164,164,164,164,163,164,164,163,163,163,163,163,162,161,161,161,161,161,161,159,159,159,159,159,158,157,157,157,156,156,156,155,154,154,153,153,152,151,151,150,149,149,148,147,147,146,145,145,144,143,143,142,141,140,139,138,138,136,135,134,133,132,132,131,130,129,129,129,127,127,126,125,125,124,123,123,122,122,121,121,120,120,120,120,120,119,118,118,118,118,118,117,116,116,116,115,115,116,116,116,117,118,118,119,120,121,122,122,124,124,126,126,126,128,128,128,129,130,130,130,131,132,132,132,132,132,133,133,133,134,134,134,134,134,134,134,134,134,134,133,133,133,133,133,133,133,131,131,131,131,131,130,130,129,129,128,128,127,127,126,126,126,125,124,124,123,122,122,121,121,120,119,119,118,117,117,116,115,115,115,113,113,113,112,111,110,110,109,109,108,108,107,106,106,106,104,104,104,104,102,102,102,102,102,101,100,100,100,100,100,101,101,100,101,101,100,100,100,100,100,101,101,101,101,101,101,101,102,102,102,103,103,103,103,105,105,105,106,107,108,108,110,111,112,113,114,115,117,117,119,119,121,122,123,123,123,124,124,124,123,123,122,121,121,121,120,120,118,117,114,109,108,90,1,1,1,1,1,1,1,1,1,1,1,1,1,1,1,1,1,1,1,1,1,1,1,1,1,1,1,1,1,1,1,1,1,1,1,1,1,1,1,1,1,1,1,1,1,1,1,1,1,1,1
syn_f000720-0-Pre,1,1,1,1,1,1,1,1,1,1,1,1,1,1,1,1,1,1,1,1,1,1,1,1,1,1,1,1,1,1,1,1,1,1,1,1,1,1,1,1,1,1,1,1,1,1,1,1,1,1,1,1,1,1,1,1,1,1,1,1,1,1,1,1,1,1,1,1,1,1,1,1,1,1,1,1,1,1,1,1,1,1,1,1,1,1,1,1,1,1,1,1,1,1,1,1,1,1,1,1,1,1,1,1,1,1,1,1,1,1,1,1,1,1,1,1,1,1,1,1,1,1,9,22,26,29,33,37,39,41,43,45,47,49,50,51,52,54,55,56,58,58,59,60,60,60,62,62,62,62,63,63,63,63,63,63,63,62,62,62,62,62,65,69,70,71,71,71,70,69,69,69,68,67,67,67,65,64,64,62,61,60,56,54,52,52,51,51,50,50,48,48,46,46,45,46,46,46,46,46,46,46,46,46,46,46,46,46,46,47,52,59,65,70,76,86,97,114,134,150,167,180,190,200,209,267,279,290,305,347,360,373,404,416,425,434,445,458,471,490,515,531,534,536,539,543,546,549,534,536,546,554,560,570,479,468,456,451,445,417,383,358,159,154,149,147,146,144,142,142,140,140,138,137,135,133,133,131,131,130,130,129,128,128,128,128,126,126,126,126,126,126,126,125,124,124,124,124,124,124,124,123,123,123,123,123,121,121,121,119,119,118,118,118,118,119,119,119,120,120,120,120,120,120,119,119,119,119,119,118,118,117,117,117,117,117,116,116,116,116,116,116,117,117,117,118,118,118,118,118,119,119,119,119,119,121,121,121,123,123,125,125,127,127,129,130,131,132,133,135,136,136,138,138,139,140,140,141,141,141,141,141,142,142,143,143,143,143,143,143,144,144,144,144,144,144,144,144,144,144,144,144,145,145,145,145,145,145,145,146,146,147,147,147,148,149,149,149,150,150,150,151,152,152,153,153,153,153,153,154,153,155,155,155,155,155,155,155,155,155,155,155,154,153,153,153,153,152,151,151,151,151,150,149,149,149,148,147,147,147,145,145,145,145,144,143,143,143,143,141,141,141,140,140,139,138,138,137,136,136,134,134,133,132,131,130,130,128,128,128,127,126,126,125,125,124,123,123,123,123,122,121,121,121,120,119,119,119,118,117,117,117,116,115,115,115,115,114,113,113,113,113,113,112,112,111,111,111,111,111,111,111,110,110,110,110,111,110,110,109,109,109,109,108,108,108,108,108,108,108,108,108,108,108,108,109,110,110,110,110,110,112,112,112,112,112,112,112,113,114,114,114,114,114,114,114,114,114,114,114,114,113,113,113,113,113,113,112,112,112,111,111,111,111,111,111,109,109,109,109,109,109,107,107,107,107,107,107,106,105,105,105,105,105,105,104,103,103,103,103,103,102,102,101,101,101,101,100,100,99,99,99,99,98,98,97,97,97,96,96,96,95,95,95,94,94,93,93,93,93,93,93,94,93,93,95,95,96,96,96,96,96,96,96,95,95,95,96,96,97,97,98,99,99,101,101,103,104,105,106,108,109,110,111,112,113,114,115,115,116,117,117,117,118,117,116,115,113,112,110,104,101,95,46,44,41,39,1,1,1,1,1,1,1,1,1,1,1,1,1,1,1,1,1,1,1,1,1,1,1,1,1,1,1,1,1,1,1,1,1,1,1,1,1,1,1,1,1,1,1,1,1,1,1,1,1,1,1,1,1,1,1,1,1,1,1,1,1
syn_f000738-2-Pre,1,1,1,1,1,1,1,1,1,1,1,1,1,1,1,1,1,1,1,1,1,1,1,1,1,1,1,1,1,1,1,1,1,1,1,1,1,1,1,1,1,1,1,1,1,1,1,1,1,1,1,1,1,1,1,1,1,1,1,1,1,1,1,1,1,1,1,1,1,1,1,1,1,1,1,1,1,1,1,1,1,1,1,1,1,1,1,1,1,1,1,1,1,1,1,1,1,1,1,1,1,1,1,1,1,1,1,1,1,1,1,1,1,1,1,1,1,1,1,1,1,1,5,19,25,29,33,37,39,41,43,45,47,49,49,51,52,53,54,56,56,57,58,59,60,60,61,61,61,61,62,62,62,61,61,61,61,61,61,61,61,65,69,69,69,69,69,69,68,67,67,67,66,65,65,63,63,61,60,59,57,52,51,51,51,51,49,49,49,49,48,48,47,46,46,46,46,46,46,46,46,46,46,45,45,46,48,50,55,61,65,70,76,279,325,336,354,493,501,510,531,538,542,545,546,544,542,553,576,578,578,577,577,575,573,506,488,481,479,475,470,467,461,388,376,364,353,343,320,300,281,264,254,246,237,225,210,179,167,162,158,155,154,152,152,151,150,149,149,149,147,147,146,145,144,143,142,140,140,138,138,137,135,135,133,133,132,131,131,130,129,129,128,127,127,125,125,124,123,121,121,119,118,117,115,114,113,113,112,112,112,112,112,112,112,112,111,111,111,111,111,111,112,112,112,112,112,112,112,112,112,112,113,113,113,114,114,114,114,113,113,113,113,113,113,113,114,114,114,115,116,117,118,120,120,122,123,124,126,126,128,128,130,130,132,132,133,134,134,135,136,136,137,137,137,137,137,137,137,137,137,137,137,137,137,137,137,137,137,137,137,137,137,137,137,137,137,138,138,138,138,138,139,139,139,139,140,140,140,140,141,142,142,142,142,144,144,144,144,144,144,144,145,146,146,146,146,146,146,146,146,147,147,147,147,147,147,147,147,147,147,147,147,147,146,146,145,145,145,145,145,145,145,144,144,144,144,143,143,142,142,142,142,142,142,140,140,140,140,139,138,138,138,137,136,136,135,135,135,133,133,133,132,132,130,130,129,128,128,126,126,125,125,124,124,123,123,123,122,122,121,121,120,120,119,118,118,117,117,116,116,115,114,114,113,113,113,113,113,112,112,112,112,112,112,112,111,111,111,111,111,111,111,111,111,110,110,110,109,109,109,109,109,109,109,110,110,110,110,111,111,111,112,113,113,113,113,115,115,115,116,117,117,117,117,119,119,119,119,119,119,119,120,120,121,121,121,121,121,121,121,121,120,120,120,120,120,120,120,119,119,118,118,118,118,118,118,116,116,116,116,116,116,114,114,114,114,113,112,112,112,110,110,110,110,110,108,108,108,108,106,106,106,106,104,104,104,104,102,102,102,102,100,100,100,100,99,98,98,98,98,96,96,96,96,95,95,95,94,94,94,94,94,94,94,94,95,96,96,96,96,96,96,97,97,97,97,97,97,97,98,98,98,100,100,101,102,102,104,105,106,107,109,110,112,114,115,116,117,119,120,121,122,122,122,122,122,122,121,120,118,112,110,108,104,99,46,42,1,1,1,1,1,1,1,1,1,1,1,1,1,1,1,1,1,1,1,1,1,1,1,1,1,1,1,1,1,1,1,1,1,1,1,1,1,1,1,1,1,1,1,1,1,1,1,1,1,1,1,1,1,1,1,1,1,1,1,1
syn_f000784-3-Pre,1,1,1,1,1,1,1,1,1,1,1,1,1,1,1,1,1,1,1,1,1,1,1,1,1,1,1,1,1,1,1,1,1,1,1,1,1,1,1,1,1,1,1,1,1,1,1,1,1,1,1,1,1,1,1,1,1,1,1,1,1,1,1,1,1,1,1,1,1,1,1,1,1,1,1,1,1,1,1,1,1,1,1,1,1,1,1,1,1,1,1,1,1,1,1,1,1,1,1,1,1,1,1,1,1,1,1,1,1,1,1,1,1,1,1,1,1,1,1,1,19,25,29,33,37,39,41,43,45,47,49,51,51,53,54,55,56,58,58,59,60,60,61,62,62,62,63,63,63,63,63,63,63,63,63,63,62,62,62,63,68,70,71,71,71,71,69,69,69,68,68,67,67,66,65,63,63,61,61,59,52,52,52,51,50,50,50,48,48,47,46,45,45,45,44,44,44,44,44,44,44,44,43,43,42,42,44,44,46,48,52,56,60,63,66,70,75,81,88,96,123,136,173,293,389,403,418,432,447,461,474,482,493,506,517,538,560,576,595,596,595,594,593,584,568,566,550,550,551,551,488,483,478,406,392,329,313,297,218,177,167,162,159,156,155,153,153,152,152,151,151,151,150,149,149,149,149,148,147,146,145,144,143,142,141,140,139,137,137,136,134,134,132,132,131,130,129,128,126,126,124,124,122,122,120,119,118,117,116,115,114,114,113,113,112,111,111,110,109,109,109,107,107,107,107,106,105,105,105,104,104,104,103,103,102,102,102,102,100,100,100,99,99,99,99,99,99,99,99,99,99,99,99,99,99,99,100,100,100,101,101,101,101,102,103,103,105,106,107,108,110,112,113,114,115,116,117,118,118,119,120,120,121,122,122,122,122,123,123,124,124,124,124,124,124,124,125,125,125,125,125,125,125,125,125,125,125,125,125,125,126,126,127,127,127,127,128,129,129,129,129,130,131,131,131,131,132,133,133,133,133,133,133,135,135,135,135,135,136,137,137,135,135,135,135,135,135,135,135,135,135,135,135,135,135,135,135,135,135,135,135,135,134,134,134,134,134,134,134,134,133,132,132,131,131,131,130,130,129,129,128,128,127,127,126,126,126,125,124,124,123,122,122,121,120,120,119,118,118,117,116,115,114,113,112,111,111,109,109,109,108,107,107,107,106,105,105,105,104,104,104,103,103,103,103,102,102,102,102,102,102,102,102,102,102,102,103,102,102,102,102,102,101,102,102,103,103,103,103,103,103,105,105,105,105,106,107,107,108,109,109,110,110,111,112,112,113,114,114,114,115,116,116,116,117,117,118,118,118,118,118,118,119,119,119,118,118,118,117,117,117,117,117,117,116,115,115,115,113,113,113,112,111,111,111,109,109,109,108,107,107,106,105,105,103,103,103,102,101,101,100,99,99,99,98,97,97,96,96,95,95,94,93,93,93,91,91,91,91,89,89,89,89,87,87,87,87,87,87,87,86,86,85,85,85,86,86,87,87,88,88,88,89,89,89,89,89,89,89,90,90,90,91,92,93,94,94,95,95,95,96,97,97,99,100,101,103,103,104,105,106,106,106,107,108,108,108,108,108,108,107,107,106,105,104,101,93,46,42,1,1,1,1,1,1,1,1,1,1,1,1,1,1,1,1,1,1,1,1,1,1,1,1,1,1,1,1,1,1,1,1,1,1,1,1,1,1,1,1,1,1,1,1,1,1,1,1,1,1,1,1,1,1,1,1,1,1,1
syn_f000788-2-Pre,1,1,1,1,1,1,1,1,1,1,1,1,1,1,1,1,1,1,1,1,1,1,1,1,1,1,1,1,1,1,1,1,1,1,1,1,1,1,1,1,1,1,1,1,1,1,1,1,1,1,1,1,1,1,1,1,1,1,1,1,1,1,1,1,1,1,1,1,1,1,1,1,1,1,1,1,1,1,1,1,1,1,1,1,1,1,1,1,1,1,1,1,1,1,1,1,1,1,1,1,1,1,1,1,1,1,1,1,1,1,1,1,1,1,1,1,16,23,28,32,36,38,40,42,44,46,48,50,51,52,53,55,55,57,57,59,59,59,61,61,61,62,63,63,63,63,63,63,63,63,63,63,63,62,62,62,63,68,70,70,70,70,70,70,69,68,68,67,67,66,66,65,64,62,61,60,59,54,52,52,51,51,50,50,50,49,48,47,46,45,43,43,43,43,43,43,43,43,43,43,42,41,41,41,41,42,45,47,51,55,58,62,65,71,80,88,121,135,147,157,267,278,288,306,422,434,446,460,473,528,533,537,542,546,552,556,563,560,567,568,570,570,570,569,567,486,460,457,451,444,435,429,313,299,273,209,174,167,163,159,157,154,152,151,150,149,147,147,145,145,143,142,142,140,139,137,135,133,131,130,129,127,126,125,123,123,122,122,120,120,120,118,118,117,117,117,115,115,115,113,113,111,111,111,109,109,107,107,106,105,105,104,104,104,103,102,102,102,102,102,102,102,102,102,102,102,102,101,101,101,100,100,99,99,99,98,98,97,96,96,96,96,96,95,94,94,94,93,92,92,92,92,92,92,93,94,94,95,96,96,98,98,100,101,102,104,105,106,108,108,110,110,112,112,114,114,116,116,117,118,118,119,119,120,121,121,121,121,122,123,123,123,123,123,123,123,125,125,125,125,125,125,125,127,127,127,127,127,128,129,129,129,130,131,131,132,133,133,134,135,136,136,137,137,137,138,138,139,139,140,140,141,141,141,141,142,142,142,142,142,143,143,143,143,143,143,143,143,143,143,143,143,143,143,143,143,143,143,143,143,142,141,141,141,141,141,141,139,139,139,139,139,137,137,137,136,135,135,135,134,133,133,133,133,131,131,131,131,129,129,129,127,127,127,126,125,125,123,123,123,121,121,120,119,119,117,117,116,115,115,113,113,113,112,111,111,110,109,109,109,109,108,108,108,107,108,107,107,107,107,107,107,106,106,106,105,105,105,105,104,104,104,104,104,104,104,104,104,106,106,106,106,106,106,107,107,108,108,109,109,109,110,110,111,111,111,112,113,113,113,114,114,114,114,114,115,115,115,115,115,116,116,116,116,116,116,115,115,115,115,114,114,114,114,114,114,114,113,112,112,112,112,112,111,110,110,110,110,109,108,108,108,107,106,106,106,105,104,104,104,104,103,102,102,102,101,101,100,100,100,99,99,98,98,98,97,97,96,96,95,95,94,93,93,93,93,91,91,91,91,91,90,90,90,90,90,90,90,90,90,91,91,92,92,93,93,92,92,92,92,92,92,92,93,94,95,96,96,97,97,98,98,98,99,100,101,103,103,105,105,107,107,108,108,110,110,111,112,112,111,111,111,111,111,111,111,110,108,104,101,98,95,92,1,1,1,1,1,1,1,1,1,1,1,1,1,1,1,1,1,1,1,1,1,1,1,1,1,1,1,1,1,1,1,1,1,1,1,1,1,1,1,1,1,1,1,1,1,1,1,1,1,1,1,1,1,1,1
syn_f000792-1-Pre,1,1,1,1,1,1,1,1,1,1,1,1,1,1,1,1,1,1,1,1,1,1,1,1,1,1,1,1,1,1,1,1,1,1,1,1,1,1,1,1,1,1,1,1,1,1,1,1,1,1,1,1,1,1,1,1,1,1,1,1,1,1,1,1,1,1,1,1,1,1,1,1,1,1,1,1,1,1,1,1,1,1,1,1,1,1,1,1,1,1,1,1,1,1,1,1,1,1,1,1,1,1,1,1,1,1,1,1,1,1,1,1,1,1,1,1,1,1,18,25,28,32,36,38,40,42,43,45,47,49,50,51,52,54,54,56,56,58,58,58,60,60,60,60,60,61,62,62,62,62,62,62,62,60,60,60,60,63,67,69,69,69,69,68,68,68,68,67,66,66,66,64,64,62,61,60,59,55,51,50,49,49,49,47,47,47,47,46,45,45,46,46,46,46,46,46,46,46,46,46,46,47,51,56,62,67,72,74,77,82,85,237,247,285,387,407,421,433,448,467,497,518,524,527,531,535,538,542,539,542,551,563,564,563,563,561,559,495,476,475,471,468,464,459,397,387,373,359,349,339,327,311,302,293,279,260,248,237,221,189,168,163,158,155,152,149,148,146,145,144,143,142,141,141,140,138,138,137,137,137,137,136,136,136,136,136,135,135,135,135,135,133,133,133,133,132,131,131,130,128,128,126,124,123,122,120,118,118,118,117,117,117,117,119,119,119,120,120,121,121,121,121,121,121,121,121,121,122,123,123,123,123,123,124,124,124,124,124,124,124,123,123,122,121,121,120,119,119,118,119,121,121,123,123,125,126,128,129,131,132,134,135,136,137,138,139,140,141,142,143,144,144,145,146,146,147,148,148,148,148,148,149,148,148,148,148,148,148,148,148,148,148,148,147,146,146,146,146,146,145,145,145,145,145,145,145,145,145,145,145,145,146,146,146,146,146,146,147,148,148,148,148,149,149,149,149,149,149,149,149,149,149,149,149,149,149,149,149,147,147,147,147,147,147,147,147,147,147,145,145,145,145,145,145,145,144,144,143,143,143,143,143,142,142,142,142,141,141,141,141,140,140,140,140,140,140,138,138,138,137,137,136,136,135,135,135,134,133,133,132,131,131,130,129,128,128,128,127,126,126,125,125,124,124,123,123,122,122,121,120,120,120,119,118,118,118,117,116,116,116,116,115,115,115,114,114,114,114,114,114,114,114,114,113,112,112,112,112,112,112,112,112,111,111,111,111,111,111,112,112,112,112,113,113,114,115,115,115,116,117,117,117,118,119,119,119,119,120,121,121,121,121,121,121,121,121,121,121,121,121,121,121,121,121,121,121,121,120,119,119,119,119,119,119,118,117,117,117,117,115,115,115,115,114,113,113,113,113,111,111,111,110,109,109,109,108,108,107,107,106,106,105,105,104,104,103,103,102,102,101,101,101,100,100,99,99,98,98,98,98,97,96,96,96,96,95,95,95,95,95,95,95,94,94,94,94,94,94,95,95,95,95,95,95,95,95,95,95,96,96,96,96,96,97,98,98,99,99,101,101,101,103,103,105,106,106,108,108,110,110,111,112,112,112,113,113,114,112,112,112,110,110,109,106,103,97,45,42,41,35,1,1,1,1,1,1,1,1,1,1,1,1,1,1,1,1,1,1,1,1,1,1,1,1,1,1,1,1,1,1,1,1,1,1,1,1,1,1,1,1,1,1,1,1,1,1,1,1,1,1,1,1,1,1,1,1,1,1
syn_f000793-3-Pre,1,1,1,1,1,1,1,1,1,1,1,1,1,1,1,1,1,1,1,1,1,1,1,1,1,1,1,1,1,1,1,1,1,1,1,1,1,1,1,1,1,1,1,1,1,1,1,1,1,1,1,1,1,1,1,1,1,1,1,1,1,1,1,1,1,1,1,1,1,1,1,1,1,1,1,1,1,1,1,1,1,1,1,1,1,1,1,1,1,1,1,1,1,1,1,1,1,1,1,1,1,1,1,1,1,1,1,1,1,1,1,1,1,1,1,1,1,1,1,1,1,1,1,1,1,1,1,1,1,1,12,22,26,30,33,36,38,40,42,44,46,47,48,49,51,52,53,54,55,56,56,57,58,58,59,59,60,60,60,60,60,60,60,60,60,60,59,58,58,59,64,66,67,67,67,67,67,66,65,65,64,64,63,63,62,60,59,57,57,53,48,47,47,47,46,45,45,43,43,42,42,42,42,42,42,42,42,42,42,42,42,42,42,42,42,43,43,44,46,47,50,52,55,58,61,66,71,96,104,145,151,158,164,171,346,358,367,379,392,403,416,431,440,450,459,469,480,491,504,531,558,559,559,557,557,556,551,514,513,515,515,515,514,373,359,339,160,152,148,145,143,141,141,140,139,139,138,138,137,137,136,135,134,132,130,130,128,127,127,125,125,125,124,123,122,122,120,119,118,117,116,115,115,114,113,112,112,110,110,108,107,105,105,103,103,103,103,104,103,103,102,102,102,101,101,101,99,99,99,98,97,97,97,95,95,94,93,93,91,91,90,89,88,87,86,86,85,84,84,82,82,82,83,84,84,85,87,87,89,89,91,93,94,95,96,98,99,101,102,103,105,106,107,108,109,110,111,112,112,114,114,115,116,116,116,117,117,117,118,118,118,118,118,119,119,119,120,120,120,120,120,120,120,121,121,122,122,122,122,123,123,124,124,124,125,126,126,127,128,129,129,130,131,131,132,133,133,133,134,135,135,135,135,136,137,137,137,137,139,139,139,139,139,139,139,140,140,140,140,140,140,140,141,141,141,141,141,141,141,141,140,140,140,140,140,140,140,140,140,140,140,138,138,138,138,138,137,136,136,136,135,135,133,133,132,131,130,129,128,128,126,126,125,124,124,123,122,122,120,119,119,117,117,115,114,113,112,111,111,109,109,107,107,107,105,105,105,104,103,103,103,103,103,101,101,101,101,101,101,101,101,101,101,101,101,101,101,100,99,99,99,99,99,99,99,100,100,101,101,101,102,102,102,103,104,104,105,106,106,107,107,108,108,109,109,110,110,111,111,112,112,113,113,113,114,114,114,114,114,114,115,115,115,115,114,114,114,114,114,114,114,114,113,113,112,112,112,112,111,111,110,110,110,110,109,108,108,108,106,106,106,106,104,104,104,104,102,102,102,101,100,100,100,99,98,98,98,98,97,96,96,96,96,96,94,94,94,94,92,92,92,92,91,90,90,90,90,90,88,88,88,88,88,88,89,89,89,89,89,89,87,87,87,87,87,88,88,89,90,90,91,92,93,94,96,98,100,102,103,103,105,105,106,107,107,109,109,107,107,106,106,105,104,103,98,96,93,88,83,36,32,1,1,1,1,1,1,1,1,1,1,1,1,1,1,1,1,1,1,1,1,1,1,1,1,1,1,1,1,1,1,1,1,1,1,1,1,1,1,1,1,1,1,1,1,1,1,1,1,1,1,1,1,1,1,1,1,1,1,1,1,1,1,1,1,1,1,1
syn_f000813-3-Pre,1,1,1,1,1,1,1,1,1,1,1,1,1,1,1,1,1,1,1,1,1,1,1,1,1,1,1,1,1,1,1,1,1,1,1,1,1,1,1,1,1,1,1,1,1,1,1,1,1,1,1,1,1,1,1,1,1,1,1,1,1,1,1,1,1,1,1,1,1,1,1,1,1,1,1,1,1,1,1,1,1,1,1,1,1,1,1,1,1,1,1,1,1,1,1,1,1,1,1,1,1,1,1,1,1,1,1,1,1,1,1,1,1,1,1,1,1,1,1,1,1,1,1,1,1,1,8,19,25,29,33,37,39,41,43,45,47,47,49,50,51,53,54,55,55,56,57,57,58,59,59,59,59,59,60,60,60,60,60,60,59,59,59,59,60,65,67,68,68,68,67,66,66,65,65,64,64,63,62,61,59,59,57,55,52,50,49,48,47,47,47,46,45,44,44,43,43,43,43,43,44,43,43,43,43,43,43,43,43,43,43,43,43,46,48,53,56,104,111,117,126,134,253,266,276,286,297,314,326,336,349,384,408,414,421,460,468,472,472,464,466,473,478,484,493,497,437,437,434,433,432,430,428,429,392,389,385,376,373,370,367,365,360,341,341,341,150,149,148,146,146,145,144,143,143,142,141,140,139,137,137,135,134,132,131,130,129,129,128,127,126,125,125,123,123,122,121,120,120,118,118,117,116,115,113,112,111,109,107,106,106,104,104,104,104,104,104,103,103,103,102,102,102,102,102,102,102,101,100,100,99,98,98,97,97,95,95,94,92,92,91,90,90,88,88,88,88,88,88,89,89,90,91,93,94,95,97,99,99,101,103,103,105,105,107,107,109,109,111,111,113,113,115,115,115,117,117,118,118,119,120,120,120,121,122,122,122,123,123,123,124,124,124,124,125,125,125,125,126,127,127,127,127,127,128,128,129,129,129,130,130,130,131,132,132,132,133,134,134,134,135,136,136,136,136,136,137,137,138,138,138,138,139,139,139,139,139,140,140,140,141,140,140,140,140,140,140,140,140,140,140,140,140,140,140,139,139,139,139,138,138,138,138,138,137,137,136,136,135,135,133,133,133,132,131,131,131,130,129,129,129,129,128,128,127,127,127,126,125,125,124,124,123,123,122,122,122,120,120,120,118,118,118,117,116,115,115,114,113,112,111,111,109,109,108,107,106,106,104,104,104,103,103,103,103,103,102,101,101,101,101,101,101,101,101,100,100,99,99,99,99,99,100,100,100,101,102,102,102,103,104,104,105,105,106,106,107,107,108,109,109,110,111,111,111,112,113,113,113,114,114,115,115,115,115,115,116,116,116,116,116,116,116,115,115,115,115,114,114,114,114,114,113,113,112,112,111,111,110,110,109,109,108,108,107,107,106,105,105,103,103,103,102,101,101,101,99,99,99,98,97,97,97,96,95,95,94,94,93,93,92,92,92,90,90,90,90,89,88,88,88,88,86,86,86,86,86,85,85,85,85,85,85,84,84,84,85,86,86,85,85,85,85,84,84,85,85,87,87,87,88,89,90,90,92,92,94,94,96,98,98,99,101,101,102,102,103,104,104,104,104,102,102,102,101,100,98,97,93,90,89,87,40,40,1,1,1,1,1,1,1,1,1,1,1,1,1,1,1,1,1,1,1,1,1,1,1,1,1,1,1,1,1,1,1,1,1,1,1,1,1,1,1,1,1,1,1,1,1,1,1,1,1,1,1,1,1,1,1,1,1,1,1,1,1,1,1,1
syn_f000830-0-Pre,1,1,1,1,1,1,1,1,1,1,1,1,1,1,1,1,1,1,1,1,1,1,1,1,1,1,1,1,1,1,1,1,1,1,1,1,1,1,1,1,1,1,1,1,1,1,1,1,1,1,1,1,1,1,1,1,1,1,1,1,1,1,1,1,1,1,1,1,1,1,1,1,1,1,1,1,1,1,1,1,1,1,1,1,1,1,1,1,1,1,1,1,1,1,1,1,1,1,1,1,1,1,1,1,1,1,1,1,1,1,1,1,1,1,1,1,1,1,1,1,1,1,1,1,1,1,1,1,1,1,1,12,22,27,31,34,38,40,42,44,47,49,50,51,53,54,55,57,57,59,59,59,61,61,63,63,63,63,63,63,64,64,64,63,63,63,63,63,63,63,68,70,72,72,72,72,71,70,70,70,69,68,68,68,66,65,64,63,62,60,56,54,54,54,53,52,52,51,50,50,49,48,48,47,47,47,47,47,47,47,46,46,46,46,46,46,47,47,49,53,58,63,69,74,82,88,135,246,317,331,346,387,390,392,395,399,401,406,409,451,449,454,460,464,469,473,476,479,420,422,424,429,429,428,426,423,420,394,387,384,382,376,374,377,382,381,379,378,377,376,150,150,148,146,145,143,142,140,139,136,134,133,131,129,127,125,125,123,122,122,121,121,120,120,120,120,120,120,120,120,120,120,120,118,118,118,118,118,118,117,116,115,114,113,113,113,112,111,110,110,110,109,109,108,108,108,107,107,107,107,106,106,106,106,106,106,106,107,107,107,108,109,109,110,110,110,111,111,112,112,113,113,113,113,113,113,112,112,111,111,111,111,110,110,110,110,111,111,112,112,114,114,115,116,116,117,117,117,118,119,119,119,119,119,119,119,120,120,120,120,120,120,121,122,122,122,124,124,124,124,125,126,126,126,126,128,128,128,128,128,128,130,130,130,130,130,130,130,130,132,132,132,132,132,132,132,132,132,132,132,131,132,131,131,131,131,131,131,130,130,130,130,130,129,129,129,129,128,128,128,128,127,127,126,126,126,126,125,125,124,124,124,124,124,123,122,122,122,122,122,120,120,120,120,120,120,119,119,118,118,118,117,117,117,116,115,115,114,114,114,112,112,112,112,111,110,110,110,109,108,108,108,107,106,106,106,105,104,104,104,104,103,103,102,102,102,102,101,100,100,100,100,100,100,100,99,99,99,99,99,99,98,98,98,98,98,98,98,98,98,99,99,99,100,100,100,100,100,100,101,102,102,102,102,102,103,103,103,103,104,104,104,104,104,104,104,104,104,104,104,104,104,104,104,104,104,104,104,104,104,104,103,103,103,102,102,102,102,102,101,101,101,101,100,100,100,100,100,99,99,99,98,98,98,98,98,98,96,96,96,96,96,96,96,95,94,94,94,94,94,94,92,92,92,92,92,92,90,90,90,90,90,90,89,88,88,88,88,87,88,88,88,88,88,88,88,88,88,88,89,90,90,90,91,91,91,91,92,92,92,92,92,92,92,92,93,94,94,95,96,97,98,99,100,101,102,103,104,105,106,107,108,109,109,110,111,112,111,111,111,111,109,109,106,104,101,101,98,94,41,1,1,1,1,1,1,1,1,1,1,1,1,1,1,1,1,1,1,1,1,1,1,1,1,1,1,1,1,1,1,1,1,1,1,1,1,1,1,1,1,1,1,1,1,1,1,1,1,1,1,1,1,1,1,1,1,1,1,1,1,1,1,1,1,1,1,1,1
syn_f000834-3-Pre,1,1,1,1,1,1,1,1,1,1,1,1,1,1,1,1,1,1,1,1,1,1,1,1,1,1,1,1,1,1,1,1,1,1,1,1,1,1,1,1,1,1,1,1,1,1,1,1,1,1,1,1,1,1,1,1,1,1,1,1,1,1,1,1,1,1,1,1,1,1,1,1,1,1,1,1,1,1,1,1,1,1,1,1,1,1,1,1,1,1,1,1,1,1,1,1,1,1,1,1,1,1,1,1,1,1,1,1,18,25,29,33,37,40,42,44,46,48,50,51,53,54,55,57,58,59,60,61,62,62,63,64,64,65,66,66,66,66,67,67,67,67,67,67,67,66,66,66,66,66,67,71,74,75,75,75,75,75,74,74,74,74,72,72,72,70,70,69,67,67,65,64,61,60,56,56,54,54,54,53,52,51,50,49,49,49,49,49,49,49,49,49,49,49,48,49,49,50,50,51,53,55,59,64,70,74,77,81,85,89,96,108,160,175,185,196,288,305,368,382,393,403,414,425,433,440,446,454,463,472,480,487,495,503,510,517,532,543,560,564,568,572,578,588,593,602,578,581,582,582,582,579,559,489,487,483,479,472,461,373,356,323,284,267,253,224,214,170,167,165,164,163,162,162,161,161,161,160,159,158,158,157,156,156,155,155,154,154,152,152,151,150,149,149,149,148,148,147,147,146,146,146,145,145,144,144,143,142,142,140,138,138,136,136,135,133,133,132,132,132,131,131,131,130,130,130,130,129,128,128,128,128,128,128,128,128,128,127,127,127,127,127,127,127,127,127,127,127,128,128,128,128,128,128,129,129,131,131,132,133,135,136,137,139,140,141,143,145,145,147,149,149,151,151,153,154,155,156,156,156,157,158,158,158,158,159,159,160,160,160,160,159,158,158,158,158,157,157,156,155,155,154,153,152,152,151,151,151,150,149,149,149,149,147,147,147,147,147,146,146,146,146,146,146,146,146,147,147,147,148,149,149,149,149,149,149,150,150,150,150,150,150,150,151,151,151,151,151,151,151,152,152,152,152,152,152,152,152,152,152,152,152,152,152,152,153,152,152,151,151,151,151,151,151,151,151,151,151,151,149,149,149,149,148,148,147,147,146,145,145,145,143,143,141,141,141,139,139,139,137,137,137,135,135,135,134,133,133,131,131,129,129,127,127,125,125,124,123,122,122,120,120,119,118,118,117,116,116,116,114,114,114,114,114,114,114,114,114,114,114,113,113,114,114,113,113,113,113,113,113,113,113,113,112,112,112,112,112,113,113,113,114,114,114,116,116,117,118,118,118,120,120,120,122,122,122,124,124,124,125,126,126,126,126,126,127,127,128,128,128,128,128,128,128,128,127,127,127,126,126,126,126,126,125,124,124,124,122,122,122,121,120,120,119,118,118,118,116,116,116,114,114,114,112,112,112,111,110,110,109,109,108,107,107,106,105,105,105,105,103,103,103,103,101,101,101,101,101,99,99,99,99,99,99,99,99,99,99,99,99,99,99,99,99,99,99,99,99,99,99,99,99,99,99,99,99,99,99,99,99,99,100,100,100,101,102,102,103,104,105,105,107,107,109,109,111,113,113,115,117,117,119,119,120,120,119,117,117,116,114,113,111,109,104,103,97,47,44,43,37,26,1,1,1,1,1,1,1,1,1,1,1,1,1,1,1,1,1,1,1,1,1,1,1,1,1,1,1,1,1,1,1,1,1,1,1,1,1,1,1,1,1,1,1,1,1,1,1
syn_f000865-0-Pre,1,1,1,1,1,1,1,1,1,1,1,1,1,1,1,1,1,1,1,1,1,1,1,1,1,1,1,1,1,1,1,1,1,1,1,1,1,1,1,1,1,1,1,1,1,1,1,1,1,1,1,1,1,1,1,1,1,1,1,1,1,1,1,1,1,1,1,1,1,1,1,1,1,1,1,1,1,1,1,1,1,1,1,1,1,1,1,1,1,1,1,1,1,1,1,1,1,1,1,1,1,1,1,1,1,1,1,1,1,1,1,1,1,1,1,1,1,1,1,1,1,1,1,1,16,22,26,30,34,37,39,41,43,44,46,48,48,50,51,52,54,54,56,56,56,58,58,58,59,60,60,60,60,60,60,60,60,60,60,60,59,58,59,63,66,67,67,67,67,67,67,65,65,65,65,63,63,63,61,59,59,57,54,50,49,48,47,46,46,46,44,44,44,44,42,42,43,43,43,43,43,43,42,42,41,42,42,42,42,42,42,42,46,49,55,59,69,74,86,93,156,169,178,185,192,199,208,284,299,362,378,394,412,422,432,446,460,474,485,500,512,528,533,538,542,548,558,563,552,553,554,554,553,551,432,423,416,377,254,162,146,139,136,134,132,131,129,129,127,126,125,123,121,121,119,119,117,117,115,115,115,113,113,113,113,111,111,111,110,111,111,110,110,110,109,109,109,109,108,107,107,106,105,104,104,103,102,101,100,99,98,97,97,96,96,97,97,97,97,97,97,97,98,98,99,99,99,99,100,100,100,100,100,102,102,102,103,104,104,105,106,106,107,108,108,108,109,110,110,110,110,110,110,111,111,112,112,114,114,115,116,117,118,119,121,123,123,124,125,125,127,127,129,129,129,129,131,131,131,131,132,133,133,133,133,133,133,133,133,134,134,134,135,135,136,136,136,136,137,137,137,138,138,139,139,139,139,139,141,141,141,141,141,141,141,141,142,142,142,143,143,143,143,142,142,142,142,142,142,142,142,142,142,142,141,141,141,140,140,139,139,139,139,138,138,137,137,137,136,135,135,135,134,133,133,133,133,131,131,131,131,129,129,129,128,127,127,127,127,126,125,125,125,124,123,123,123,121,121,121,121,119,119,119,117,117,117,117,116,115,115,115,115,113,113,113,113,113,111,111,111,111,111,110,109,109,109,109,109,109,109,108,108,108,107,107,107,107,107,107,107,107,107,107,107,107,107,107,107,107,107,107,107,107,107,106,106,105,105,105,105,105,105,105,105,105,106,106,106,107,107,107,107,107,107,108,108,109,109,109,109,109,110,110,110,110,111,111,111,111,111,111,111,111,111,110,110,110,110,110,110,110,109,109,109,109,109,109,108,108,107,107,107,107,106,106,106,105,105,105,105,104,104,103,103,103,103,102,102,101,101,101,101,100,99,99,99,99,97,97,97,97,97,95,95,95,95,95,94,93,93,93,93,92,91,91,91,91,90,89,89,89,88,88,87,87,87,87,87,87,87,87,87,87,87,88,88,89,89,89,89,89,90,90,90,90,91,92,92,93,93,93,95,95,95,96,97,98,99,100,102,102,103,103,103,105,105,105,105,106,106,106,106,106,106,105,103,102,100,96,93,43,39,38,36,26,1,1,1,1,1,1,1,1,1,1,1,1,1,1,1,1,1,1,1,1,1,1,1,1,1,1,1,1,1,1,1,1,1,1,1,1,1,1,1,1,1,1,1,1,1,1,1,1,1,1,1,1,1,1,1,1,1,1,1,1,1,1
syn_f000866-3-Pre,1,1,1,1,1,1,1,1,1,1,1,1,1,1,1,1,1,1,1,1,1,1,1,1,1,1,1,1,1,1,1,1,1,1,1,1,1,1,1,1,1,1,1,1,1,1,1,1,1,1,1,1,1,1,1,1,1,1,1,1,1,1,1,1,1,1,1,1,1,1,1,1,1,1,1,1,1,1,1,1,1,1,1,1,1,1,1,1,1,1,1,1,1,1,1,1,1,1,1,1,1,1,1,1,1,1,1,1,1,1,1,1,1,1,1,1,1,1,1,1,1,1,1,1,1,5,19,25,28,32,36,38,40,42,44,45,47,49,49,51,52,53,54,55,55,56,57,58,58,59,59,59,59,59,59,59,59,59,59,59,59,58,59,63,67,67,67,67,67,67,65,65,65,64,63,63,63,61,59,58,57,55,50,50,49,48,48,47,47,45,45,43,43,43,43,43,43,43,43,43,44,44,44,44,45,47,48,50,53,55,58,61,63,65,68,71,82,124,153,268,280,290,301,348,421,437,451,479,498,503,509,515,532,535,537,529,528,536,543,555,571,572,571,494,487,480,474,465,438,394,386,374,366,274,187,168,158,153,150,149,147,145,144,144,142,142,141,140,140,139,138,138,137,136,135,134,133,131,131,129,129,128,127,126,126,124,124,123,122,122,120,120,118,117,116,115,114,112,110,108,106,103,101,99,98,97,96,96,96,96,96,96,96,97,96,96,95,95,95,95,95,94,94,94,94,93,92,92,92,91,91,91,91,90,90,90,90,90,91,91,91,91,92,92,92,93,93,94,94,95,96,96,97,98,99,100,101,102,104,105,107,108,109,110,111,112,113,114,115,116,116,116,118,118,118,119,119,119,119,119,119,120,121,121,121,121,121,122,122,122,122,122,122,123,123,123,123,124,125,125,125,126,127,127,128,129,129,130,131,132,132,133,134,134,136,136,136,136,137,138,138,138,139,140,140,140,141,141,142,142,142,142,142,142,142,142,142,142,142,142,142,142,142,142,143,143,143,143,142,142,142,142,142,142,142,142,142,142,141,141,141,141,141,140,140,140,139,139,139,139,139,137,137,137,136,135,135,135,134,134,133,132,132,131,130,130,129,128,127,126,126,125,124,123,122,121,120,119,119,118,117,116,115,114,114,113,112,111,111,110,110,109,108,108,107,107,106,106,105,105,105,105,104,104,104,103,103,103,103,103,103,103,101,101,101,101,101,101,101,102,102,103,103,103,104,105,105,106,106,107,108,108,108,109,109,110,111,111,111,112,113,113,113,113,115,115,115,115,115,115,115,115,115,116,116,115,115,115,115,115,115,115,115,115,115,115,114,114,113,113,113,112,111,111,111,110,109,109,109,108,108,107,107,106,105,105,104,104,103,103,102,102,101,101,100,100,99,99,98,98,98,97,96,96,96,95,94,94,94,93,92,92,92,92,91,90,90,90,89,89,88,88,88,88,88,88,88,87,87,88,89,89,90,91,91,91,92,93,93,92,92,92,92,92,92,92,93,93,94,95,95,96,97,98,98,99,100,100,102,103,104,106,107,107,108,109,109,110,110,111,111,111,111,110,110,110,110,108,107,105,103,102,100,95,43,1,1,1,1,1,1,1,1,1,1,1,1,1,1,1,1,1,1,1,1,1,1,1,1,1,1,1,1,1,1,1,1,1,1,1,1,1,1,1,1,1,1,1,1,1,1,1,1,1,1,1,1,1,1,1,1,1,1,1,1,1,1,1
syn_f000869-1-Pre,1,1,1,1,1,1,1,1,1,1,1,1,1,1,1,1,1,1,1,1,1,1,1,1,1,1,1,1,1,1,1,1,1,1,1,1,1,1,1,1,1,1,1,1,1,1,1,1,1,1,1,1,1,1,1,1,1,1,1,1,1,1,1,1,1,1,1,1,1,1,1,1,1,1,1,1,1,1,1,1,1,1,1,1,1,1,1,1,1,8,22,26,30,34,38,41,43,45,47,49,51,52,54,54,56,58,58,60,60,62,62,62,64,64,65,66,66,66,66,67,67,67,67,67,67,67,67,66,66,66,65,67,72,74,75,75,75,75,74,74,74,73,72,72,72,71,70,70,68,66,66,65,63,59,57,57,56,55,55,54,53,53,52,51,50,49,49,49,49,48,48,48,48,48,48,48,48,48,49,49,51,51,53,54,57,61,65,69,74,78,82,86,132,322,356,368,379,391,406,432,525,534,540,546,552,559,584,585,576,571,574,580,586,591,596,611,618,566,563,558,554,548,542,535,513,501,497,490,484,479,459,448,352,338,320,298,263,234,185,176,172,168,164,162,161,159,157,157,155,153,153,151,150,149,147,145,143,142,140,139,139,138,138,137,137,136,136,136,135,135,134,134,134,134,134,133,132,132,131,131,130,129,129,128,127,126,125,124,122,120,120,119,118,118,116,116,115,115,115,115,114,114,113,113,113,113,113,112,112,112,112,112,113,113,113,113,113,113,113,113,115,115,115,116,116,117,117,117,117,118,118,119,118,118,118,118,118,118,117,117,117,118,118,118,119,119,119,121,121,123,124,126,126,128,130,130,131,132,133,134,135,136,137,137,137,139,139,139,139,139,140,140,140,141,141,141,141,140,140,140,140,140,140,140,140,140,140,140,140,141,141,141,141,141,141,141,141,141,140,141,141,141,141,141,142,143,143,143,143,143,143,143,143,143,143,143,143,143,144,144,144,145,145,145,145,143,143,143,143,143,143,143,143,142,142,142,142,142,141,141,141,141,141,140,140,140,140,140,139,139,139,139,138,138,138,138,138,137,137,137,137,136,136,136,136,135,135,135,135,134,134,133,133,132,131,131,131,131,129,129,129,129,127,127,127,127,126,125,125,125,125,125,124,123,123,123,123,123,123,123,123,122,122,121,121,121,121,121,120,120,119,119,119,119,119,119,118,118,118,118,118,117,117,117,117,117,116,117,117,117,117,117,116,117,117,117,117,117,116,116,116,116,115,115,115,115,115,115,114,114,114,115,115,115,115,115,115,116,116,116,116,117,117,117,118,119,119,119,119,120,120,121,121,121,122,122,123,123,123,123,124,124,124,124,125,125,125,125,125,125,125,125,125,125,125,125,124,124,124,124,124,124,124,124,124,123,122,122,122,122,121,120,120,120,120,119,118,118,118,118,117,116,116,116,114,114,114,114,112,112,112,112,111,110,110,110,109,108,108,108,107,107,106,106,106,105,105,104,104,103,103,102,102,102,102,101,100,100,100,100,100,99,99,98,98,98,98,98,98,98,98,98,99,99,99,99,100,100,100,101,101,101,102,102,102,102,102,102,102,102,102,102,102,102,103,104,104,104,105,105,106,107,108,109,110,111,112,113,114,115,116,118,119,120,121,121,122,122,124,124,124,123,122,122,121,121,121,120,119,116,113,112,111,108,106,102,43,39,1,1,1,1,1,1,1,1,1,1,1,1,1,1,1,1,1,1,1,1,1,1,1,1,1,1,1,1,1,1
syn_f000870-0-Pre,1,1,1,1,1,1,1,1,1,1,1,1,1,1,1,1,1,1,1,1,1,1,1,1,1,1,1,1,1,1,1,1,1,1,1,1,1,1,1,1,1,1,1,1,1,1,1,1,1,1,1,1,1,1,1,1,1,1,1,1,1,1,1,1,1,1,1,1,1,1,1,1,1,1,1,1,1,1,1,1,1,1,1,1,1,1,1,1,1,1,1,1,1,1,1,1,1,1,1,1,1,1,1,1,1,1,1,1,1,1,1,1,1,1,1,1,1,1,1,1,1,1,1,1,1,1,1,1,12,21,25,29,33,36,38,40,42,44,45,47,47,49,51,51,53,54,54,55,56,56,57,58,58,58,58,58,58,58,58,58,58,58,58,58,58,59,63,65,65,65,65,65,64,64,63,63,62,61,61,60,58,58,56,56,52,48,47,47,46,46,45,44,43,42,42,42,41,41,41,40,40,40,40,40,40,40,40,40,40,41,42,44,48,52,56,59,65,90,97,105,256,281,312,326,405,417,429,468,475,481,511,520,522,524,523,517,520,528,539,554,555,554,491,485,480,472,450,439,436,429,423,416,318,301,285,207,184,163,146,140,136,133,131,130,128,126,125,123,121,119,116,112,110,108,106,105,104,103,101,101,100,99,99,99,99,98,97,97,97,97,96,96,95,95,95,94,94,94,94,94,94,95,95,95,95,96,95,95,95,95,95,95,95,93,93,93,93,93,93,93,93,93,93,93,93,93,94,94,94,95,95,95,96,97,97,97,98,98,97,97,97,97,97,96,96,96,97,98,98,99,99,100,101,101,103,104,105,107,109,109,111,112,113,114,115,116,116,117,118,118,119,120,120,120,121,121,122,122,122,123,124,124,124,124,125,126,126,126,126,126,126,126,128,128,128,128,129,130,130,131,131,132,132,133,133,134,134,135,135,136,136,137,138,138,138,139,139,139,139,139,139,139,139,139,139,139,139,139,139,139,139,139,139,138,138,138,137,137,137,137,137,137,137,137,137,136,136,136,135,135,135,135,135,135,135,135,135,134,133,133,133,133,131,131,131,131,131,129,129,129,129,129,127,127,127,126,125,125,125,125,124,123,123,122,122,122,121,120,120,120,119,118,118,118,116,116,116,116,114,114,114,114,113,112,112,112,111,110,110,110,110,109,109,109,109,108,108,108,108,107,107,107,107,107,107,107,107,107,107,108,108,108,106,106,106,106,106,106,106,106,106,106,106,106,106,106,106,106,106,106,106,106,106,106,106,107,107,108,108,108,108,108,108,108,108,108,108,108,108,108,108,108,108,108,108,108,108,108,108,108,107,107,106,106,106,106,106,106,106,105,105,105,104,104,104,104,104,103,103,103,102,102,102,102,101,101,101,101,101,100,100,99,99,99,99,99,98,98,97,97,97,97,97,97,96,95,95,95,95,95,95,94,93,93,93,93,93,92,91,91,91,91,91,91,90,89,89,89,89,89,90,91,91,91,91,92,92,92,92,91,91,91,91,92,92,93,93,93,95,95,95,96,96,98,98,100,100,102,102,104,104,106,106,107,108,108,109,109,109,109,109,109,109,108,107,107,105,103,100,95,91,1,1,1,1,1,1,1,1,1,1,1,1,1,1,1,1,1,1,1,1,1,1,1,1,1,1,1,1,1,1,1,1,1,1,1,1,1,1,1,1,1,1,1,1,1,1,1,1,1,1,1,1,1,1,1,1,1,1,1,1,1,1,1,1,1,1,1
syn_f000872-0-Pre,1,1,1,1,1,1,1,1,1,1,1,1,1,1,1,1,1,1,1,1,1,1,1,1,1,1,1,1,1,1,1,1,1,1,1,1,1,1,1,1,1,1,1,1,1,1,1,1,1,1,1,1,1,1,1,1,1,1,1,1,1,1,1,1,1,1,1,1,1,1,1,1,1,1,1,1,1,1,1,1,1,1,1,1,1,1,1,1,1,1,1,1,1,1,1,1,1,1,1,1,1,1,1,1,1,1,1,1,1,1,1,1,1,1,1,1,1,1,1,1,1,1,1,1,1,1,1,1,1,1,1,1,1,16,24,28,32,36,39,41,43,45,47,49,51,51,53,55,55,57,58,59,59,61,61,62,63,63,63,63,64,65,65,65,65,65,65,65,65,64,64,63,63,65,71,73,73,73,73,73,72,71,71,71,70,70,69,69,68,67,65,65,63,63,60,55,54,54,54,53,52,52,52,51,50,50,48,48,48,48,48,47,47,47,47,47,47,46,46,46,45,46,46,47,51,55,59,63,230,255,265,272,298,315,338,361,364,367,371,376,444,447,448,440,438,445,450,454,460,466,470,412,412,408,405,402,399,395,394,393,393,398,398,406,404,400,396,392,386,380,337,335,334,181,169,134,131,130,128,126,125,123,121,119,118,116,114,114,112,112,110,110,111,110,110,110,110,110,110,110,109,109,109,108,108,107,107,106,105,104,102,102,102,102,103,103,104,104,104,105,105,105,105,105,104,104,104,104,104,103,103,103,103,103,103,103,103,103,103,103,103,104,104,104,104,104,105,104,104,104,105,106,106,107,108,109,110,112,112,113,115,115,116,117,117,118,119,119,121,121,121,123,123,123,125,125,127,127,128,129,129,129,131,131,131,133,133,133,133,133,134,135,135,135,135,135,135,135,135,135,135,135,135,135,135,135,135,135,135,136,136,136,137,137,137,137,138,138,138,139,139,139,140,140,140,140,140,140,140,140,140,140,140,140,140,140,140,139,139,139,138,138,138,138,138,138,138,137,137,136,136,136,135,135,134,134,134,133,133,132,132,132,132,131,131,130,130,130,129,129,129,128,128,127,127,127,126,125,125,125,124,123,123,123,122,121,121,119,119,119,117,117,115,115,115,115,114,113,113,113,113,112,111,111,111,111,110,109,109,109,109,109,108,107,107,107,107,106,105,105,105,105,105,105,104,104,104,104,104,104,104,104,104,104,104,102,102,102,102,102,102,102,102,102,102,103,103,103,104,104,104,104,105,106,106,106,106,107,108,108,108,108,108,109,109,109,110,110,110,110,110,110,110,110,110,111,111,111,111,110,110,110,110,109,109,109,109,109,109,109,109,108,107,107,107,107,107,107,106,106,105,105,105,105,104,103,103,103,103,102,102,101,101,101,100,99,99,99,99,97,97,97,97,96,95,95,95,94,93,93,93,91,91,91,91,90,89,89,89,89,89,89,89,89,89,89,89,89,89,90,90,90,91,90,90,90,90,90,91,91,91,91,92,93,93,94,95,96,97,98,99,101,102,104,105,106,107,109,109,111,111,112,112,112,112,112,112,112,114,112,111,108,104,103,99,46,43,1,1,1,1,1,1,1,1,1,1,1,1,1,1,1,1,1,1,1,1,1,1,1,1,1,1,1,1,1,1,1,1,1,1,1,1,1,1,1,1,1,1,1,1,1,1,1,1,1,1,1,1,1,1,1,1,1,1,1,1,1,1,1,1,1,1,1,1,1,1,1
syn_f000875-3-Pre,1,1,1,1,1,1,1,1,1,1,1,1,1,1,1,1,1,1,1,1,1,1,1,1,1,1,1,1,1,1,1,1,1,1,1,1,1,1,1,1,1,1,1,1,1,1,1,1,1,1,1,1,1,1,1,1,1,1,1,1,1,1,1,1,1,1,1,1,1,1,1,1,1,1,1,1,1,1,1,1,1,1,1,1,1,1,1,1,1,1,1,1,1,1,1,1,1,1,1,1,1,1,1,1,1,1,1,1,1,1,1,1,1,1,1,1,1,1,1,1,1,1,1,1,1,1,1,1,1,1,1,1,1,12,21,25,29,33,36,38,40,41,43,45,47,48,49,50,51,53,54,54,55,56,56,57,58,58,58,58,59,59,59,59,58,58,58,58,58,58,58,60,64,65,66,66,66,66,66,64,64,64,63,62,62,61,60,59,57,56,53,51,47,47,47,45,45,45,44,44,43,43,42,42,42,42,42,42,42,42,43,43,43,44,45,48,50,54,57,59,63,66,69,236,249,403,415,427,438,451,471,510,515,519,524,529,536,567,560,549,547,550,549,547,541,529,525,470,468,464,459,455,390,380,369,358,344,331,320,301,283,268,243,221,202,180,168,162,158,155,152,149,148,147,146,145,145,144,144,143,142,142,141,141,139,138,136,135,134,132,132,130,129,129,127,126,125,124,123,122,120,120,118,117,115,115,113,111,111,109,108,106,104,103,102,101,101,99,99,99,100,100,101,101,101,101,101,101,101,100,100,99,99,99,98,97,97,96,95,94,93,93,91,91,90,89,88,89,89,89,90,90,92,92,94,95,97,99,101,101,103,105,107,108,110,112,113,114,115,117,117,119,120,120,121,122,122,122,123,124,124,125,125,126,126,126,126,127,127,128,128,128,128,128,128,128,129,129,129,129,129,129,130,130,130,131,131,132,132,132,132,133,134,134,134,136,136,136,138,138,138,139,140,140,140,141,141,141,142,142,142,143,143,143,144,144,144,144,144,144,145,145,145,145,145,145,145,145,144,145,144,144,144,144,144,143,143,143,143,143,143,143,142,142,142,142,142,142,141,141,141,141,141,141,140,139,139,139,138,137,136,136,135,134,134,132,132,132,130,130,129,128,128,126,126,126,124,124,122,122,121,120,119,118,118,116,116,115,115,114,113,112,112,111,111,111,110,109,109,109,109,109,109,108,108,108,108,108,107,107,107,106,106,106,106,106,105,105,105,105,105,105,105,105,105,106,106,107,107,107,108,108,109,109,110,110,110,111,111,112,112,112,113,113,114,114,114,114,114,115,115,115,115,116,116,116,116,116,114,114,114,114,114,114,114,114,114,113,112,112,112,111,110,110,110,110,109,108,108,108,106,106,106,105,104,104,103,102,102,102,101,100,100,99,99,98,98,97,96,96,95,95,95,94,93,93,93,92,91,91,91,90,89,89,89,88,87,87,87,87,87,87,87,87,88,88,88,88,88,88,90,90,90,90,90,90,90,90,90,90,91,90,91,92,92,92,92,93,94,95,95,97,98,99,100,100,102,102,104,104,106,106,106,107,106,106,106,106,106,106,104,102,98,94,48,46,44,39,37,1,1,1,1,1,1,1,1,1,1,1,1,1,1,1,1,1,1,1,1,1,1,1,1,1,1,1,1,1,1,1,1,1,1,1,1,1,1,1,1,1,1,1,1,1,1,1,1,1,1,1,1,1,1,1,1,1,1,1,1,1,1,1,1,1,1,1,1,1
syn_f000876-3-Pre,1,1,1,1,1,1,1,1,1,1,1,1,1,1,1,1,1,1,1,1,1,1,1,1,1,1,1,1,1,1,1,1,1,1,1,1,1,1,1,1,1,1,1,1,1,1,1,1,1,1,1,1,1,1,1,1,1,1,1,1,1,1,1,1,1,1,1,1,1,1,1,1,1,1,1,1,1,1,1,1,1,1,1,1,1,1,1,1,1,1,1,1,1,1,1,1,1,1,1,1,1,1,1,1,1,1,1,1,1,1,1,1,1,1,1,1,1,1,1,1,14,23,27,31,35,39,41,43,45,47,49,51,52,53,54,55,56,58,59,60,60,61,62,62,63,64,64,64,64,65,66,66,66,66,66,66,65,64,64,64,64,65,70,73,74,74,74,74,74,72,72,72,72,70,70,70,69,68,67,65,65,63,62,58,55,53,53,52,51,51,50,49,49,47,47,47,47,47,47,46,45,45,45,45,45,45,46,46,46,47,47,49,50,54,58,129,141,313,335,443,471,491,499,507,515,527,559,584,605,620,620,619,618,616,607,596,585,575,569,573,575,575,574,573,512,508,447,440,434,427,420,411,402,392,381,361,334,313,292,279,270,260,246,227,201,183,176,171,167,164,162,161,159,158,157,156,154,154,154,152,151,150,149,147,147,146,145,144,144,143,142,142,141,140,139,139,139,138,138,136,136,136,135,134,133,132,131,130,129,128,126,125,123,123,121,121,121,121,120,120,119,119,119,119,119,119,117,117,117,117,117,116,115,115,114,114,112,112,112,110,110,110,109,108,108,108,108,108,108,108,109,110,110,111,111,112,112,114,114,115,115,116,117,118,118,120,120,122,122,124,125,127,128,130,131,132,134,134,135,136,137,137,137,138,138,139,139,139,139,141,141,141,141,141,141,141,141,141,141,141,141,141,141,142,142,142,142,143,144,144,144,145,145,145,146,147,147,147,147,149,149,149,151,151,151,151,153,153,153,153,153,154,154,154,155,155,155,156,156,156,156,156,157,157,157,157,157,157,157,157,157,156,156,155,155,155,155,155,155,155,155,155,155,155,153,153,153,153,152,152,152,151,151,150,150,150,149,149,148,148,148,147,147,147,146,146,145,145,145,145,144,143,143,143,143,142,141,141,141,141,140,139,139,139,138,137,137,136,135,135,134,133,133,132,131,131,130,130,129,128,128,128,126,126,126,126,125,124,123,123,123,122,121,121,121,121,121,121,119,119,119,119,119,119,119,118,118,117,117,118,118,119,119,120,120,121,122,123,123,124,125,125,126,127,127,128,128,129,130,130,130,130,131,132,132,132,132,132,132,132,134,134,134,134,134,134,134,134,134,133,133,133,132,132,132,132,132,132,132,131,130,130,130,129,128,128,128,127,126,126,126,125,124,124,123,122,121,120,120,119,118,118,117,116,116,115,114,114,113,112,112,111,110,110,109,109,108,108,107,106,106,106,104,104,104,104,102,102,102,102,101,101,101,101,101,100,100,100,101,102,102,102,103,103,103,103,103,103,104,104,104,104,104,104,104,105,106,106,106,106,108,108,110,110,112,112,114,115,116,117,118,119,120,120,120,120,120,119,118,118,117,115,113,112,110,109,106,103,99,93,45,1,1,1,1,1,1,1,1,1,1,1,1,1,1,1,1,1,1,1,1,1,1,1,1,1,1,1,1,1,1,1,1,1,1,1,1,1,1,1,1,1,1,1,1,1,1,1,1,1,1,1,1,1,1,1,1,1
syn_f000877-3-Pre,1,1,1,1,1,1,1,1,1,1,1,1,1,1,1,1,1,1,1,1,1,1,1,1,1,1,1,1,1,1,1,1,1,1,1,1,1,1,1,1,1,1,1,1,1,1,1,1,1,1,1,1,1,1,1,1,1,1,1,1,1,1,1,1,1,1,1,1,1,1,1,1,1,1,1,1,1,1,1,1,1,1,1,1,1,1,1,1,1,1,1,1,1,1,1,1,1,1,1,1,1,1,1,1,1,1,1,1,1,1,1,1,1,8,20,25,29,33,36,38,40,42,44,46,48,49,50,52,53,54,55,57,57,57,59,59,59,61,61,61,61,61,62,62,62,62,62,61,61,61,61,61,61,67,69,70,70,70,70,68,68,68,68,67,66,66,65,64,63,62,60,60,57,51,50,50,49,48,48,47,47,46,46,46,46,46,46,46,46,46,46,46,46,46,46,45,45,46,46,46,48,50,53,58,62,65,69,74,295,325,333,341,352,371,489,501,508,513,518,523,528,536,538,531,530,539,544,550,556,570,581,590,523,519,515,509,504,498,477,466,464,458,450,412,405,312,300,285,267,219,204,183,172,166,163,159,157,155,154,153,151,151,149,149,148,147,146,146,144,143,141,140,139,138,137,136,135,135,134,134,134,132,132,132,131,130,130,128,128,127,125,125,123,123,121,120,119,118,116,115,114,113,112,112,112,112,110,110,110,110,110,110,110,109,108,108,108,106,106,106,105,104,104,102,102,101,100,99,98,97,96,95,94,93,93,92,92,92,93,93,95,95,96,96,97,98,98,98,98,99,100,101,101,102,103,103,104,105,106,107,108,109,110,111,113,114,115,117,117,119,121,121,123,123,125,125,127,127,127,128,128,129,129,130,130,130,131,131,131,132,132,132,132,132,132,132,134,134,134,134,135,135,136,136,137,137,138,139,139,140,141,141,143,143,143,144,145,145,146,147,147,147,148,149,149,149,150,151,151,152,152,152,153,153,153,153,153,153,153,153,153,153,153,153,153,153,153,153,153,153,153,153,153,151,151,151,151,151,149,149,149,149,149,149,147,147,147,146,145,145,144,144,143,143,142,142,141,140,140,140,138,138,138,138,136,136,136,135,135,133,133,132,131,131,130,129,128,127,127,125,125,123,123,121,121,120,119,119,118,118,117,116,116,116,115,115,114,114,113,113,113,112,112,112,112,112,111,111,111,111,111,110,110,110,110,110,110,110,110,109,108,108,108,108,108,108,108,108,108,108,108,108,108,109,110,110,110,111,111,112,112,113,113,113,114,114,114,115,115,116,116,116,117,117,118,118,118,118,118,118,119,119,119,119,119,119,119,119,118,118,118,118,118,118,118,118,117,117,117,116,116,116,115,115,114,114,114,113,112,112,112,112,111,110,110,110,108,108,108,108,106,106,106,106,104,104,104,104,103,102,102,102,101,101,100,100,100,99,99,98,98,97,97,96,96,96,95,94,94,94,93,92,92,92,92,92,91,91,91,90,90,90,90,90,91,92,92,92,92,92,91,91,91,91,91,91,91,93,93,93,95,95,95,97,97,97,99,100,101,103,103,105,106,107,108,108,109,110,110,111,112,112,112,111,110,110,109,109,107,105,103,101,98,96,94,88,42,1,1,1,1,1,1,1,1,1,1,1,1,1,1,1,1,1,1,1,1,1,1,1,1,1,1,1,1,1,1,1,1,1,1,1,1,1,1,1,1,1,1,1,1,1,1,1,1,1,1,1
syn_f000883-0-Pre,1,1,1,1,1,1,1,1,1,1,1,1,1,1,1,1,1,1,1,1,1,1,1,1,1,1,1,1,1,1,1,1,1,1,1,1,1,1,1,1,1,1,1,1,1,1,1,1,1,1,1,1,1,1,1,1,1,1,1,1,1,1,1,1,1,1,1,1,1,1,1,1,1,1,1,1,1,1,1,1,1,1,1,1,1,1,1,1,1,1,1,1,1,1,1,1,1,1,1,1,1,1,1,1,1,5,20,24,28,31,35,37,38,40,42,44,46,47,48,49,51,51,53,53,55,55,55,57,57,57,58,58,59,59,59,59,59,59,59,59,59,58,57,58,60,63,66,66,66,66,66,65,65,64,63,63,63,62,61,60,59,58,57,54,53,51,50,48,48,48,48,47,46,45,44,44,42,42,42,42,42,42,42,42,41,42,41,41,41,41,42,42,42,44,46,49,53,56,59,65,76,292,352,371,376,380,386,390,503,504,504,507,537,547,559,569,595,595,593,528,525,520,514,503,485,483,480,475,471,467,461,377,369,358,323,311,300,288,250,239,230,218,203,191,183,177,172,168,165,162,159,156,154,152,150,148,148,146,144,142,140,138,136,134,131,127,125,124,122,121,120,119,118,117,117,116,116,115,115,114,114,114,114,114,113,113,112,111,111,111,109,109,109,108,108,108,109,109,109,109,109,109,109,109,109,110,109,109,109,109,109,109,108,108,107,107,107,106,106,105,105,105,105,104,104,103,103,103,103,103,102,103,104,105,105,106,107,108,110,111,112,113,114,115,116,117,118,119,121,122,123,124,125,126,127,128,129,129,130,131,131,132,133,133,133,135,135,135,136,137,137,137,138,139,139,139,139,139,141,141,141,141,141,142,143,143,143,144,145,145,146,147,148,148,149,149,150,150,150,151,151,152,152,152,152,153,154,154,154,154,154,154,154,154,154,154,154,154,154,154,154,154,154,154,153,153,153,152,152,152,151,151,151,150,150,149,149,149,148,147,147,147,146,146,145,144,144,144,143,142,142,142,140,140,140,140,138,138,138,137,136,136,135,135,134,133,133,132,131,131,131,130,129,129,129,128,128,127,127,127,126,126,125,125,125,125,123,123,123,123,121,121,121,121,120,120,119,119,118,118,117,117,116,116,116,116,115,114,114,114,114,114,114,114,113,114,113,113,113,113,113,113,113,113,113,113,113,113,112,112,112,112,112,112,111,111,111,111,111,111,111,111,111,111,111,111,111,111,111,111,111,111,111,112,112,112,112,112,113,114,114,114,114,114,116,116,116,116,116,116,116,116,116,116,117,116,116,117,117,117,117,117,117,117,117,117,116,116,116,116,115,115,115,115,115,115,115,115,114,113,113,113,113,113,113,113,113,111,111,111,111,111,111,111,110,109,109,109,109,109,108,108,108,107,107,106,106,106,106,105,104,104,104,104,104,102,102,102,102,102,102,100,100,100,100,98,98,98,98,98,96,96,96,96,95,95,95,94,94,94,94,94,94,94,95,95,95,96,96,96,96,97,97,97,98,98,97,98,98,99,99,100,100,100,102,102,103,104,105,106,108,109,110,111,111,113,114,115,116,116,117,116,117,117,117,118,117,115,114,113,112,112,110,109,108,54,52,52,51,49,47,1,1,1,1,1,1,1,1,1,1,1,1,1,1,1,1,1,1,1,1,1,1,1,1,1,1,1,1,1,1,1,1,1,1,1,1,1,1,1,1,1,1,1,1,1,1,1
syn_f000895-2-Pre,1,1,1,1,1,1,1,1,1,1,1,1,1,1,1,1,1,1,1,1,1,1,1,1,1,1,1,1,1,1,1,1,1,1,1,1,1,1,1,1,1,1,1,1,1,1,1,1,1,1,1,1,1,1,1,1,1,1,1,1,1,1,1,1,1,1,1,1,1,1,1,1,1,1,1,1,1,1,1,1,1,1,1,1,1,1,1,1,1,1,1,1,1,1,1,1,1,1,1,1,1,1,1,1,1,1,1,1,1,1,1,1,1,1,1,1,1,1,1,1,1,1,1,1,8,20,25,29,33,36,39,41,43,45,47,48,50,51,52,53,55,56,57,57,58,59,59,60,61,61,61,62,62,62,62,62,62,62,62,62,61,60,60,62,67,69,69,69,69,69,69,67,67,67,66,65,65,65,63,61,61,59,59,54,51,51,50,50,49,48,47,46,46,46,45,45,44,44,44,44,44,44,44,44,45,45,45,45,45,45,45,46,48,50,54,59,64,70,76,125,162,172,180,188,200,218,269,284,303,317,332,378,389,399,407,415,424,434,442,450,458,467,477,491,498,512,521,536,540,543,547,550,553,554,539,547,553,562,562,398,371,367,363,361,151,149,149,147,147,146,146,146,144,144,144,142,141,140,139,138,138,136,136,136,134,134,133,133,133,132,132,131,131,130,130,129,129,128,128,127,126,125,124,124,122,120,119,117,116,115,114,114,113,112,112,112,110,110,109,109,109,108,108,108,108,108,108,107,107,106,106,106,105,105,105,103,103,103,102,102,102,102,101,101,101,101,101,102,102,103,103,105,106,107,108,109,110,111,111,113,114,115,116,118,118,120,121,122,122,123,124,125,126,126,126,127,127,127,128,128,128,128,128,129,129,129,129,128,128,127,127,127,127,127,127,127,127,127,127,126,126,126,126,126,126,128,128,128,128,128,128,130,130,130,130,130,132,132,132,132,132,132,132,132,132,132,132,132,133,133,133,133,133,132,132,132,132,132,132,132,132,132,131,131,131,130,130,130,130,130,130,130,129,129,129,129,129,128,128,128,128,127,127,127,127,127,125,125,125,125,125,124,123,123,123,121,121,121,119,119,119,118,117,117,117,116,115,115,115,114,113,113,113,112,111,111,111,110,109,109,109,109,109,107,107,107,107,105,105,105,105,104,103,103,103,102,102,102,101,101,101,101,101,101,101,101,101,101,101,101,101,101,101,101,101,101,101,100,100,100,100,100,100,100,101,102,102,102,102,102,103,103,103,104,105,105,105,106,107,107,107,108,109,109,110,110,110,111,112,112,112,112,112,113,113,114,114,114,114,114,114,114,114,114,114,114,114,114,113,113,113,113,113,112,112,112,112,111,111,111,110,110,110,109,109,109,108,108,108,107,106,106,106,105,105,105,104,104,103,103,102,102,102,100,100,100,100,99,98,98,98,97,96,96,96,95,94,94,94,93,92,92,91,90,90,89,89,89,88,88,88,87,87,87,87,88,88,88,88,88,88,89,88,88,88,88,87,87,87,87,87,89,89,89,91,91,91,92,93,94,95,97,99,100,102,102,103,104,105,107,108,109,108,108,108,108,108,108,107,106,104,99,97,93,39,37,1,1,1,1,1,1,1,1,1,1,1,1,1,1,1,1,1,1,1,1,1,1,1,1,1,1,1,1,1,1,1,1,1,1,1,1,1,1,1,1,1,1,1,1,1,1,1,1,1,1,1,1,1,1,1,1,1,1,1,1,1,1
syn_f000898-2-Pre,1,1,1,1,1,1,1,1,1,1,1,1,1,1,1,1,1,1,1,1,1,1,1,1,1,1,1,1,1,1,1,1,1,1,1,1,1,1,1,1,1,1,1,1,1,1,1,1,1,1,1,1,1,1,1,1,1,1,1,1,1,1,1,1,1,1,1,1,1,1,1,1,1,1,1,1,1,1,1,1,1,1,1,1,1,1,1,1,1,1,1,1,1,1,1,1,1,1,1,1,1,1,1,1,1,1,1,12,22,26,29,33,37,39,41,43,45,47,47,49,50,51,52,53,55,56,56,57,57,58,59,59,59,59,59,61,61,61,60,60,60,60,59,59,59,59,59,61,65,66,66,66,66,66,66,65,65,64,64,63,62,61,60,59,57,56,55,50,49,48,48,47,47,47,46,44,44,42,42,40,39,39,39,39,39,39,39,39,39,39,39,39,39,39,40,40,40,42,44,46,49,52,54,57,91,102,129,136,143,151,158,165,172,183,204,224,295,312,326,339,395,410,424,454,464,475,486,499,525,543,558,576,582,587,595,603,609,616,597,595,596,596,595,593,468,368,366,159,155,153,151,149,147,145,144,143,142,140,140,138,138,136,136,134,133,131,129,127,125,123,121,119,117,116,114,113,111,111,109,108,108,106,106,105,104,104,103,102,101,100,100,99,99,98,97,97,97,95,95,95,93,93,93,93,92,91,91,91,91,90,90,91,91,91,91,92,90,90,90,90,88,88,88,86,86,86,85,84,83,83,83,81,81,81,81,81,81,81,81,81,82,83,83,83,85,85,86,88,88,89,91,92,94,94,96,98,99,100,102,102,104,104,106,106,106,108,108,110,110,111,112,113,114,114,115,116,116,117,118,118,120,120,120,121,122,123,123,125,125,126,127,127,128,129,130,131,132,132,132,133,134,134,135,136,136,137,137,138,139,139,140,140,140,140,140,140,141,141,141,142,142,142,142,142,142,142,142,141,141,140,140,140,140,140,140,140,139,139,139,139,139,138,138,137,137,137,137,137,137,136,135,135,135,135,134,133,133,132,131,131,131,130,129,129,128,128,127,127,127,126,126,125,125,125,124,124,124,124,124,124,124,122,122,122,122,122,122,121,121,120,120,119,119,118,118,117,116,116,116,116,115,114,114,114,114,113,112,112,112,112,111,111,110,110,110,110,110,109,109,109,109,108,108,108,108,108,108,108,108,108,108,108,108,107,106,106,106,106,106,107,106,107,108,108,108,108,108,108,108,109,109,110,110,110,110,111,112,112,112,112,114,114,114,114,115,115,116,116,116,116,116,116,117,117,117,117,117,118,118,118,118,118,118,117,117,117,117,116,116,116,116,116,116,116,116,115,114,114,114,114,114,112,112,112,112,112,112,110,110,110,110,109,108,108,108,107,106,106,106,106,105,104,104,104,103,102,102,102,102,100,100,100,100,99,98,98,98,98,98,96,96,96,96,96,94,94,94,94,94,93,92,92,92,91,91,91,91,91,91,91,91,91,91,91,91,91,92,92,92,92,92,92,92,92,92,92,92,92,93,93,94,94,95,95,96,97,97,97,99,99,100,101,103,103,105,106,106,108,108,108,110,110,110,111,111,111,110,109,108,106,106,105,103,102,99,99,98,94,92,42,41,39,1,1,1,1,1,1,1,1,1,1,1,1,1,1,1,1,1,1,1,1,1,1,1,1,1,1,1,1,1,1,1,1,1,1,1,1,1,1,1,1,1,1,1,1,1,1
syn_f000903-0-Pre,1,1,1,1,1,1,1,1,1,1,1,1,1,1,1,1,1,1,1,1,1,1,1,1,1,1,1,1,1,1,1,1,1,1,1,1,1,1,1,1,1,1,1,1,1,1,1,1,1,1,1,1,1,1,1,1,1,1,1,1,1,1,1,1,1,1,1,1,1,1,1,1,1,1,1,1,1,1,1,1,1,1,1,1,1,1,1,1,1,1,1,1,1,1,1,1,1,1,1,1,1,1,1,1,1,1,1,1,1,1,1,1,1,1,1,1,1,1,1,1,1,1,1,1,1,1,1,1,1,1,1,1,9,21,26,30,33,36,38,40,42,44,46,48,50,51,52,53,54,56,57,57,58,59,59,60,61,61,61,61,62,62,62,62,62,62,61,61,61,61,61,64,65,69,69,70,70,70,69,68,68,68,68,66,66,65,64,63,62,61,58,56,56,54,51,50,50,50,48,48,47,47,46,45,45,45,45,45,45,45,45,45,45,44,45,257,264,274,315,318,322,324,326,328,366,468,503,502,508,515,525,530,559,559,558,507,503,500,495,488,470,462,461,457,454,449,445,439,376,369,362,356,348,338,322,311,298,286,277,269,248,237,204,195,184,161,156,152,150,149,147,147,146,145,144,144,142,141,141,140,139,139,139,139,139,139,139,138,138,138,138,138,139,139,139,140,140,140,140,140,140,140,140,140,140,139,139,138,137,136,135,134,132,131,130,128,126,125,125,126,126,128,128,128,128,128,128,128,129,129,129,130,130,130,131,132,132,134,135,136,137,137,139,139,139,139,139,139,139,138,137,137,138,138,139,141,142,144,146,147,149,151,151,153,154,154,156,156,157,157,158,158,159,159,159,160,160,160,160,160,161,160,160,160,160,160,159,159,159,159,159,157,157,157,156,156,156,156,156,156,156,156,156,156,156,156,156,156,156,156,156,156,156,156,156,156,157,157,157,157,156,156,156,156,156,156,155,155,154,154,154,153,153,152,151,151,151,151,149,149,149,149,148,147,147,146,145,145,144,143,143,142,141,141,140,140,139,138,138,138,137,136,136,136,136,135,134,134,134,134,132,132,132,132,131,130,130,130,130,129,128,128,127,126,126,125,124,124,123,122,122,122,121,120,120,119,119,119,118,117,117,117,117,117,115,115,115,115,115,115,115,115,114,113,113,113,113,113,113,113,112,112,112,112,112,111,111,110,110,110,109,109,109,109,109,109,109,109,108,108,108,108,108,108,110,110,110,110,110,110,110,111,112,112,112,112,112,112,112,113,113,113,113,113,113,113,113,113,113,113,113,113,113,113,112,112,112,112,112,111,111,111,111,111,111,110,110,110,110,109,109,109,108,108,108,108,108,107,107,106,106,106,105,105,105,104,104,104,104,103,102,102,102,102,101,100,100,100,100,99,98,98,98,98,98,96,96,96,96,95,95,94,94,94,94,94,94,94,94,94,94,95,95,96,97,98,98,98,98,99,99,98,98,98,98,98,98,99,99,99,100,101,101,102,104,105,105,107,108,109,110,111,112,114,116,116,118,119,120,121,122,122,123,123,122,121,118,117,116,113,109,106,53,49,48,1,1,1,1,1,1,1,1,1,1,1,1,1,1,1,1,1,1,1,1,1,1,1,1,1,1,1,1,1,1,1,1,1,1,1,1,1,1,1,1,1,1,1,1,1,1,1,1,1,1,1,1,1,1,1,1,1,1,1,1,1,1,1,1,1,1,1,1,1,1,1,1,1
syn_f000919-0-Pre,1,1,1,1,1,1,1,1,1,1,1,1,1,1,1,1,1,1,1,1,1,1,1,1,1,1,1,1,1,1,1,1,1,1,1,1,1,1,1,1,1,1,1,1,1,1,1,1,1,1,1,1,1,1,1,1,1,1,1,1,1,1,1,1,1,1,1,1,1,1,1,1,1,1,1,1,1,1,1,1,1,1,1,1,1,1,1,1,1,1,1,1,1,1,1,1,1,1,1,1,1,1,1,1,1,1,1,1,1,1,1,1,1,1,1,1,1,1,1,1,1,1,1,1,1,1,1,1,1,1,1,1,1,1,1,1,1,1,1,1,1,1,1,1,1,1,1,1,1,12,23,27,31,35,37,39,41,43,45,47,49,50,51,53,54,55,56,57,57,59,59,59,61,61,61,61,61,61,61,61,61,61,61,61,61,61,66,68,69,70,70,69,69,68,68,68,67,66,66,66,65,64,62,61,61,59,54,53,53,52,51,51,51,50,49,49,48,47,47,46,47,46,46,46,46,46,47,48,51,253,262,315,317,320,325,329,332,355,356,350,348,346,351,355,358,363,369,413,419,366,366,367,368,369,372,374,377,378,379,377,376,373,364,358,357,358,358,359,359,363,364,362,365,363,360,358,357,356,353,330,142,139,137,135,134,132,130,129,127,126,125,124,124,122,121,121,121,120,120,120,120,120,120,120,120,120,120,120,120,120,120,120,120,120,119,119,119,118,117,117,116,115,114,113,112,110,109,107,107,107,107,107,107,106,105,105,105,105,105,105,105,105,105,105,105,106,106,107,107,107,107,107,107,107,107,107,107,107,107,107,108,109,110,110,112,113,114,115,116,117,118,120,120,121,122,123,123,124,125,125,125,127,127,127,127,128,128,128,128,128,128,128,128,128,128,128,128,127,127,127,127,127,127,127,127,127,127,127,127,127,127,127,128,128,129,129,129,129,129,130,130,130,131,131,130,130,130,130,130,130,130,130,130,130,130,130,130,129,128,128,128,128,128,128,126,126,126,126,126,124,124,124,123,123,122,122,121,121,121,120,120,119,119,118,118,117,117,117,116,115,115,114,113,113,113,111,111,111,109,109,109,109,107,107,107,107,106,105,105,105,104,103,103,103,103,101,101,101,101,100,99,99,99,99,98,98,97,97,97,97,97,96,96,96,96,96,96,96,96,96,96,96,96,96,96,96,95,95,95,95,95,95,95,95,95,95,95,95,95,95,96,97,97,98,98,99,99,100,100,101,101,101,102,102,102,103,103,103,103,103,103,103,103,103,103,103,103,103,103,103,101,101,101,101,101,101,100,100,100,99,99,99,99,99,98,97,97,97,97,97,96,95,95,95,95,94,94,93,93,93,93,92,91,91,91,91,91,89,89,89,89,88,87,87,87,87,87,86,85,85,85,85,85,85,83,83,83,83,83,83,83,84,84,85,85,86,86,87,87,87,87,87,87,87,87,87,88,88,88,88,88,89,89,90,90,92,92,93,94,95,96,96,98,98,100,102,101,102,101,100,100,99,99,97,95,94,88,84,77,37,1,1,1,1,1,1,1,1,1,1,1,1,1,1,1,1,1,1,1,1,1,1,1,1,1,1,1,1,1,1,1,1,1,1,1,1,1,1,1,1,1,1,1,1,1,1,1,1,1,1,1,1,1,1,1,1,1,1,1,1,1,1,1,1,1,1,1,1,1,1,1,1,1,1,1,1,1,1,1,1,1,1,1,1,1,1,1,1
syn_f000931-3-Pre,1,1,1,1,1,1,1,1,1,1,1,1,1,1,1,1,1,1,1,1,1,1,1,1,1,1,1,1,1,1,1,1,1,1,1,1,1,1,1,1,1,1,1,1,1,1,1,1,1,1,1,1,1,1,1,1,1,1,1,1,1,1,1,1,1,1,1,1,1,1,1,1,1,1,1,1,1,1,1,1,1,1,1,1,1,1,1,1,1,1,1,1,1,1,1,1,1,1,1,1,1,1,1,1,1,1,1,1,1,1,1,1,1,1,1,1,1,1,1,1,1,1,1,18,24,28,32,36,38,40,42,44,46,48,48,50,50,52,53,54,56,56,56,58,58,58,60,60,60,60,60,60,60,60,60,60,60,60,60,59,59,60,64,67,67,67,67,67,67,66,66,65,64,64,64,62,62,60,58,58,56,52,49,48,47,47,47,46,45,45,43,42,42,41,42,42,41,41,41,40,40,40,40,40,40,40,40,40,41,43,46,49,53,56,59,63,249,265,281,431,443,455,469,509,515,521,526,530,534,537,535,560,563,563,563,563,561,559,505,486,479,477,473,470,466,462,393,385,376,365,350,338,314,289,276,236,216,196,180,171,164,160,157,154,152,150,148,148,146,146,145,144,143,143,141,141,140,139,138,136,135,133,131,129,127,125,125,123,121,120,119,118,117,116,114,114,112,112,111,110,109,108,107,106,105,104,102,102,100,100,99,98,98,98,98,98,97,97,97,96,96,96,95,95,95,94,94,94,94,94,92,92,92,92,92,91,90,90,90,90,90,90,89,89,89,88,88,87,87,87,86,86,86,86,86,87,88,89,91,93,95,97,99,101,103,105,106,108,109,110,111,113,114,115,116,117,118,118,119,120,120,121,121,121,123,123,123,123,123,124,125,125,125,125,125,125,125,125,126,126,126,126,126,126,126,127,127,127,127,128,128,130,130,130,132,132,132,134,134,134,136,136,136,136,137,137,138,138,139,139,139,140,140,140,140,140,140,140,141,141,141,141,141,141,141,141,141,141,141,141,141,141,141,140,140,139,140,139,139,139,139,139,139,139,139,139,137,137,137,137,137,137,135,135,135,135,134,133,133,132,132,132,131,130,130,130,129,128,128,127,126,126,125,124,124,122,122,120,120,120,118,118,116,116,116,114,114,113,112,112,111,110,110,109,108,108,107,107,107,106,106,105,105,105,106,106,106,105,105,105,105,105,105,105,105,105,105,105,105,105,105,105,105,105,105,105,105,106,107,107,107,107,109,109,109,111,111,111,112,113,113,113,115,115,115,116,117,117,117,118,119,119,119,119,119,120,121,121,121,121,121,121,121,121,121,121,121,121,121,121,121,120,120,119,119,119,119,118,117,117,117,117,116,115,115,115,113,113,113,112,111,111,111,109,109,109,107,107,107,107,105,105,105,103,103,103,103,101,101,101,100,99,99,99,97,97,97,96,95,95,94,93,93,92,92,91,91,91,90,89,89,89,89,89,89,89,89,89,89,90,91,91,91,91,91,90,90,90,90,91,92,92,93,94,94,95,96,97,98,99,100,101,102,104,105,106,106,107,108,108,109,110,109,109,108,108,108,108,107,106,105,103,101,99,95,92,1,1,1,1,1,1,1,1,1,1,1,1,1,1,1,1,1,1,1,1,1,1,1,1,1,1,1,1,1,1,1,1,1,1,1,1,1,1,1,1,1,1,1,1,1,1,1,1,1,1,1,1,1,1,1,1,1,1,1,1,1,1
syn_f000943-2-Pre,1,1,1,1,1,1,1,1,1,1,1,1,1,1,1,1,1,1,1,1,1,1,1,1,1,1,1,1,1,1,1,1,1,1,1,1,1,1,1,1,1,1,1,1,1,1,1,1,1,1,1,1,1,1,1,1,1,1,1,1,1,1,1,1,1,1,1,1,1,1,1,1,1,1,1,1,1,1,1,1,1,1,1,1,1,1,1,1,1,1,1,1,1,1,1,1,1,1,1,1,1,1,1,1,1,1,1,1,1,1,1,1,1,1,1,1,1,1,1,1,1,1,1,1,14,23,27,31,35,37,39,41,43,45,47,48,50,50,52,54,54,56,56,57,58,59,59,60,61,61,61,61,62,62,62,62,62,61,61,61,61,61,61,63,66,68,70,70,69,69,69,69,69,67,67,67,67,65,65,64,62,61,60,57,56,51,51,50,49,49,49,49,49,49,49,49,48,48,47,47,47,47,47,47,47,46,46,46,47,48,50,53,57,61,64,67,69,72,77,81,85,90,123,366,379,394,427,439,452,463,475,488,501,535,542,563,575,575,574,573,569,554,543,531,527,530,530,530,529,458,385,373,362,348,330,314,289,260,248,239,230,219,196,183,157,153,150,148,147,145,145,143,142,142,142,142,140,140,139,138,138,136,136,136,134,134,134,134,133,132,132,131,131,129,129,128,127,126,126,124,124,122,122,121,120,119,118,117,116,115,114,114,114,113,113,113,113,113,112,112,112,112,112,110,110,110,110,110,108,108,108,108,108,107,107,107,107,107,107,107,107,107,107,107,106,106,106,105,104,104,103,103,103,102,101,101,102,102,104,104,106,107,109,111,111,113,114,115,116,118,118,120,120,122,122,123,124,124,125,126,126,126,128,128,128,128,129,129,129,130,130,131,131,131,131,131,131,131,131,131,132,132,132,132,132,133,134,134,134,134,135,136,136,136,136,137,138,138,138,139,140,140,140,140,141,141,142,142,142,143,143,143,143,143,144,145,144,144,143,143,143,143,143,143,143,143,143,143,143,143,143,142,141,141,141,141,141,141,140,140,139,139,139,139,138,138,138,137,137,137,136,136,136,135,134,134,133,133,132,131,131,131,129,129,128,127,127,127,125,125,124,124,124,122,122,121,120,120,118,118,116,116,114,114,114,113,112,112,110,110,110,108,108,108,108,106,106,106,106,104,104,104,104,104,103,103,103,103,103,102,102,102,102,102,102,101,101,101,101,102,102,102,103,103,103,103,103,105,105,105,106,107,107,108,109,109,110,110,111,111,112,112,112,113,113,114,114,114,114,114,114,114,115,116,116,116,116,116,116,115,114,114,114,114,114,114,113,112,112,112,112,111,110,110,110,109,108,108,108,108,107,106,106,106,105,104,104,103,102,102,102,101,100,100,100,99,99,98,98,98,97,97,96,96,95,95,94,94,93,93,92,92,91,91,90,90,90,89,89,88,88,88,87,87,87,87,87,86,86,86,86,86,87,87,88,88,88,89,89,89,89,89,89,89,88,88,88,88,90,90,91,92,93,94,94,96,96,98,99,101,102,103,105,107,107,109,109,110,111,111,111,110,110,110,109,109,108,108,106,104,102,99,94,90,84,35,1,1,1,1,1,1,1,1,1,1,1,1,1,1,1,1,1,1,1,1,1,1,1,1,1,1,1,1,1,1,1,1,1,1,1,1,1,1,1,1,1,1,1,1,1,1,1,1,1,1,1,1,1,1,1,1,1,1,1,1,1,1
syn_f000944-0-Pre,1,1,1,1,1,1,1,1,1,1,1,1,1,1,1,1,1,1,1,1,1,1,1,1,1,1,1,1,1,1,1,1,1,1,1,1,1,1,1,1,1,1,1,1,1,1,1,1,1,1,1,1,1,1,1,1,1,1,1,1,1,1,1,1,1,1,1,1,1,1,1,1,1,1,1,1,1,1,1,1,1,1,1,1,1,1,1,1,1,1,1,1,1,1,1,1,1,1,1,1,1,1,1,1,1,1,1,1,1,1,1,1,1,1,1,1,1,1,1,1,1,1,1,1,1,1,1,1,1,16,23,26,30,34,37,39,41,43,45,47,48,49,51,51,53,53,55,55,57,57,57,59,59,59,59,59,59,60,60,60,59,60,59,59,59,59,59,62,66,67,67,67,67,67,66,66,65,64,64,64,63,62,61,59,58,57,56,50,49,49,49,49,49,48,47,47,46,45,43,42,41,41,41,41,41,41,40,39,39,39,39,39,40,40,43,47,52,57,89,98,131,138,147,154,162,169,178,256,269,282,293,376,415,425,436,448,461,473,506,523,526,530,534,540,545,546,540,544,557,558,557,557,556,465,457,423,386,380,370,209,194,179,156,149,144,141,139,136,134,132,130,128,126,124,122,120,118,116,114,113,112,111,109,109,109,107,107,106,106,106,106,106,104,104,104,104,103,102,102,101,101,100,99,99,99,98,97,97,97,95,95,94,94,94,94,94,93,93,93,93,93,93,93,93,93,93,93,93,93,93,92,92,92,92,92,92,92,92,92,93,94,94,94,94,94,94,96,96,97,98,98,100,100,101,102,103,104,105,106,108,108,110,110,112,113,114,115,115,116,117,117,118,118,119,120,120,120,120,121,121,122,122,122,122,122,123,123,123,123,123,124,124,124,124,124,125,125,126,126,126,126,126,127,128,128,128,128,128,129,129,129,130,130,131,131,131,131,131,131,132,131,132,132,132,132,133,133,132,132,132,132,132,131,131,131,131,130,130,130,130,130,128,128,128,128,127,126,126,126,126,125,124,124,124,124,123,122,122,122,122,121,120,120,120,120,119,118,118,117,117,116,116,115,115,114,114,114,114,112,112,112,112,111,111,110,110,109,109,108,108,108,107,107,107,106,106,106,106,105,105,104,104,104,104,104,104,103,103,102,102,102,102,102,102,102,102,102,102,102,102,102,102,102,102,102,102,102,102,102,101,101,101,100,100,100,100,100,100,100,100,100,100,100,100,100,100,100,100,100,100,100,101,101,101,102,102,102,102,103,103,103,103,103,105,105,105,104,104,105,104,105,105,105,105,105,105,104,104,104,104,104,104,104,104,104,103,102,102,102,102,102,102,102,101,100,100,100,100,100,100,100,99,98,98,98,98,98,98,97,97,96,96,96,95,95,95,94,94,93,93,93,92,92,91,91,91,90,89,89,89,89,87,87,87,87,85,85,85,85,84,84,84,84,85,85,85,85,85,85,86,86,87,87,87,87,87,87,87,87,87,87,87,86,87,87,88,89,89,89,91,91,91,93,93,95,96,97,99,99,100,101,102,102,103,104,105,105,104,103,103,102,102,100,99,96,94,93,91,87,85,39,1,1,1,1,1,1,1,1,1,1,1,1,1,1,1,1,1,1,1,1,1,1,1,1,1,1,1,1,1,1,1,1,1,1,1,1,1,1,1,1,1,1,1,1,1,1,1,1,1,1,1,1,1,1,1,1,1,1,1,1,1,1,1,1,1,1,1
syn_f000946-3-Pre,1,1,1,1,1,1,1,1,1,1,1,1,1,1,1,1,1,1,1,1,1,1,1,1,1,1,1,1,1,1,1,1,1,1,1,1,1,1,1,1,1,1,1,1,1,1,1,1,1,1,1,1,1,1,1,1,1,1,1,1,1,1,1,1,1,1,1,1,1,1,1,1,1,1,1,1,1,1,1,1,1,1,1,1,1,1,1,1,1,1,1,1,1,1,1,1,1,1,1,1,1,1,1,1,1,1,1,1,1,1,1,1,1,1,1,1,1,1,1,1,1,1,16,24,27,31,35,39,40,41,43,45,47,49,51,52,53,54,55,56,58,58,59,60,60,61,61,62,63,63,63,63,63,63,63,63,63,63,63,62,62,62,67,70,71,71,72,70,70,70,70,69,68,68,68,67,66,66,64,63,62,62,60,54,53,53,52,51,51,51,49,49,49,47,47,46,46,46,46,47,47,46,46,46,46,46,46,46,47,47,50,53,56,60,63,67,71,76,82,125,167,178,288,301,328,354,371,385,424,445,461,473,496,514,518,523,529,536,542,545,545,534,535,543,548,553,566,574,587,516,511,506,499,494,486,473,446,442,406,397,373,262,212,171,168,165,162,160,159,157,157,156,155,155,154,154,152,152,151,151,149,148,148,146,145,143,143,141,141,140,139,138,138,136,136,134,133,132,131,129,129,128,126,126,124,122,121,121,119,117,117,115,115,113,113,111,111,110,109,109,109,108,108,108,108,108,108,108,109,109,109,110,110,110,110,109,109,109,109,109,109,109,109,109,109,108,108,108,108,107,107,107,107,107,107,107,108,108,108,110,110,112,112,114,114,116,116,118,119,120,121,122,123,124,125,125,126,127,128,129,129,129,130,131,131,131,131,131,132,132,132,132,132,132,132,132,132,132,132,133,133,133,134,135,135,135,135,136,137,137,137,139,139,141,141,141,143,143,143,144,145,145,146,147,147,147,147,148,148,149,149,149,150,150,150,150,150,150,150,150,150,150,150,150,150,150,150,150,150,150,149,149,149,149,149,148,148,148,148,147,147,147,147,147,146,146,146,145,145,144,144,143,143,142,142,141,141,140,139,139,138,137,137,136,135,135,135,134,133,133,133,133,131,131,131,131,129,129,129,129,127,127,126,125,125,124,123,123,122,121,120,120,119,118,118,116,116,116,115,114,114,114,113,113,113,113,113,113,112,112,112,112,112,112,111,111,111,111,111,110,110,110,110,111,111,112,112,113,113,113,114,115,115,115,117,117,118,119,119,119,120,121,121,122,122,123,123,123,124,124,125,125,125,125,125,126,126,126,126,126,126,126,126,125,125,125,125,125,125,124,124,124,124,124,123,122,122,121,121,121,120,120,119,119,118,118,117,116,116,115,115,114,113,113,112,111,111,111,109,109,109,108,107,107,106,106,105,105,104,104,103,103,102,102,102,101,100,100,100,98,98,98,98,97,96,96,96,96,96,96,96,95,96,96,96,97,97,97,98,99,99,99,99,99,99,99,99,99,99,98,98,99,100,100,100,102,102,102,104,105,106,107,109,111,111,113,115,116,118,118,120,121,122,124,124,124,124,122,122,121,119,117,115,113,111,108,103,49,46,1,1,1,1,1,1,1,1,1,1,1,1,1,1,1,1,1,1,1,1,1,1,1,1,1,1,1,1,1,1,1,1,1,1,1,1,1,1,1,1,1,1,1,1,1,1,1,1,1,1,1,1,1,1,1,1,1,1,1
syn_f000954-2-Pre,1,1,1,1,1,1,1,1,1,1,1,1,1,1,1,1,1,1,1,1,1,1,1,1,1,1,1,1,1,1,1,1,1,1,1,1,1,1,1,1,1,1,1,1,1,1,1,1,1,1,1,1,1,1,1,1,1,1,1,1,1,1,1,1,1,1,1,1,1,1,1,1,1,1,1,1,1,1,1,1,1,1,1,1,1,1,1,1,1,1,1,1,1,1,1,1,1,1,1,1,1,1,1,1,1,1,1,1,1,1,1,1,1,1,1,1,1,1,1,1,1,1,1,1,1,1,1,1,1,10,22,27,30,34,38,40,42,44,46,48,50,51,53,54,55,57,57,59,59,61,61,61,63,63,63,63,64,64,65,65,65,64,64,64,64,63,63,63,64,70,72,72,72,72,72,72,72,71,70,70,70,69,68,68,67,65,65,63,62,58,55,55,55,55,54,53,53,52,51,50,48,48,48,48,49,48,49,49,49,50,50,51,52,53,55,58,61,65,68,72,247,272,324,333,341,431,448,460,498,502,508,515,522,525,527,529,525,517,518,525,532,537,549,559,572,571,509,505,501,496,490,469,457,455,451,447,439,435,351,328,311,290,278,256,236,216,202,172,167,165,164,162,161,161,159,159,159,158,157,156,155,155,153,153,151,150,150,149,148,147,147,147,146,146,146,146,145,145,145,144,144,143,143,143,143,143,142,142,141,140,140,138,137,136,134,133,133,132,132,131,131,130,130,130,129,129,129,128,127,127,126,126,125,125,125,124,124,124,123,124,123,123,124,125,125,125,126,127,127,127,128,129,129,129,129,129,129,128,127,127,127,127,128,128,128,129,129,129,131,131,133,133,135,135,137,139,139,141,141,143,143,144,145,145,146,146,147,147,147,146,146,146,146,146,146,146,145,144,144,144,144,143,143,143,143,143,143,141,141,141,141,141,141,140,140,141,141,141,141,141,141,141,143,143,143,143,143,143,143,143,144,144,145,145,145,145,145,145,145,145,145,145,145,145,145,145,144,144,143,143,143,143,143,143,143,143,143,143,142,142,142,141,141,141,141,141,141,141,140,140,140,139,139,139,139,138,138,138,138,137,136,136,136,136,135,134,134,134,134,132,132,131,130,129,129,127,127,127,125,125,125,123,123,121,121,121,120,119,119,118,118,118,118,117,116,116,116,116,116,116,116,116,116,116,115,115,115,114,114,114,114,114,114,113,113,113,112,112,112,112,112,112,112,112,112,112,113,114,114,114,115,116,116,116,117,118,118,118,119,119,120,120,120,121,121,121,121,122,122,122,122,122,122,122,123,123,123,123,122,122,122,122,121,121,121,121,121,120,120,120,119,118,118,118,117,117,116,116,115,115,114,114,113,113,112,112,111,110,110,110,109,108,108,107,106,106,106,105,104,104,104,103,102,102,102,100,100,100,100,98,98,98,98,98,97,96,96,96,96,96,96,96,96,96,97,97,97,97,97,98,99,99,100,100,100,100,100,100,100,100,100,100,100,100,101,101,101,103,103,103,104,105,106,107,108,109,110,112,113,114,116,116,118,120,121,122,123,123,123,123,123,122,122,121,119,115,113,111,109,101,47,1,1,1,1,1,1,1,1,1,1,1,1,1,1,1,1,1,1,1,1,1,1,1,1,1,1,1,1,1,1,1,1,1,1,1,1,1,1,1,1,1,1,1,1,1,1,1,1,1,1,1,1,1,1,1,1,1,1,1,1,1,1,1,1,1,1,1
syn_f000960-2-Pre,1,1,1,1,1,1,1,1,1,1,1,1,1,1,1,1,1,1,1,1,1,1,1,1,1,1,1,1,1,1,1,1,1,1,1,1,1,1,1,1,1,1,1,1,1,1,1,1,1,1,1,1,1,1,1,1,1,1,1,1,1,1,1,1,1,1,1,1,1,1,1,1,1,1,1,1,1,1,1,1,1,1,1,1,1,1,1,1,1,1,1,1,1,1,1,1,1,1,1,1,1,1,1,1,1,1,1,1,1,1,1,1,1,1,1,1,1,20,24,28,32,36,38,40,42,44,46,48,49,50,51,53,53,55,57,57,57,59,59,59,61,61,61,61,61,61,63,63,62,62,62,62,61,61,61,61,61,67,69,69,69,69,69,69,69,69,67,67,67,66,65,65,63,62,61,60,59,52,51,51,51,50,49,49,49,47,47,45,45,45,45,45,45,45,45,45,45,45,45,45,45,45,45,45,45,47,47,50,53,57,61,64,71,78,84,131,259,281,295,423,441,457,474,491,521,542,548,555,564,570,586,600,586,580,582,583,582,581,576,557,492,490,486,483,477,472,391,375,360,331,317,299,255,243,224,193,169,163,159,156,153,152,150,149,148,147,147,145,145,143,143,142,141,140,138,138,136,135,134,133,132,131,131,129,129,129,127,127,126,125,125,124,124,123,122,122,120,120,118,118,118,116,115,114,113,112,111,110,110,109,109,109,109,111,111,111,112,112,112,112,112,112,112,112,112,112,112,112,112,111,110,110,110,110,110,110,110,110,110,110,111,111,111,111,111,111,111,111,111,111,111,111,110,111,111,112,112,112,112,112,112,114,114,115,115,116,117,118,119,120,120,122,122,124,124,126,126,126,127,128,128,128,129,129,129,129,129,130,130,130,130,130,129,128,128,129,129,129,129,129,129,130,130,130,130,130,130,131,131,131,132,133,133,133,133,134,135,135,136,136,136,137,138,138,138,138,138,138,138,139,140,140,140,140,140,141,141,140,140,140,140,140,140,140,140,140,140,140,140,140,140,140,140,140,140,140,140,139,139,139,138,139,139,139,138,138,138,138,137,137,136,136,136,136,136,135,134,134,134,134,134,133,133,132,132,131,131,131,131,130,129,128,128,126,126,125,124,124,123,122,122,120,120,118,118,117,116,116,115,114,113,112,111,111,109,109,109,108,107,106,106,106,105,105,104,104,103,103,103,103,103,103,103,103,103,103,103,103,103,103,102,102,103,103,103,103,103,103,104,105,105,105,106,107,107,108,109,109,109,110,111,111,111,113,113,113,113,115,115,115,115,116,117,117,117,117,117,117,117,117,117,117,117,117,117,117,117,117,116,115,115,115,115,115,115,115,113,113,113,113,113,112,111,111,111,111,111,109,109,109,109,108,107,107,107,107,106,105,105,105,104,104,103,103,103,102,101,101,101,101,101,99,99,99,99,98,97,97,97,96,95,95,95,95,94,93,93,93,93,93,93,93,93,92,91,91,91,91,91,92,93,93,93,93,93,93,93,93,93,93,92,92,92,93,93,94,95,96,96,97,97,98,99,100,101,102,103,105,106,107,107,108,109,110,110,112,112,112,112,113,113,112,111,111,110,105,104,102,99,96,93,89,85,1,1,1,1,1,1,1,1,1,1,1,1,1,1,1,1,1,1,1,1,1,1,1,1,1,1,1,1,1,1,1,1,1,1,1,1,1,1,1,1,1,1,1,1,1,1,1,1,1,1,1,1,1,1,1
syn_f000978-3-Pre,1,1,1,1,1,1,1,1,1,1,1,1,1,1,1,1,1,1,1,1,1,1,1,1,1,1,1,1,1,1,1,1,1,1,1,1,1,1,1,1,1,1,1,1,1,1,1,1,1,1,1,1,1,1,1,1,1,1,1,1,1,1,1,1,1,1,1,1,1,1,1,1,1,1,1,1,1,1,1,1,1,1,1,1,1,1,1,1,1,1,1,1,1,1,1,1,1,1,1,1,1,1,1,1,1,1,1,1,1,1,1,1,1,1,16,23,27,31,34,37,38,40,42,44,45,47,47,49,50,51,53,53,54,55,55,56,57,57,57,58,58,59,59,59,59,59,59,58,58,57,57,57,60,63,65,66,66,66,66,64,64,64,64,62,62,62,61,59,58,57,56,51,49,47,47,46,45,45,44,43,42,42,42,42,42,42,42,42,42,42,42,42,42,42,42,42,42,42,42,44,45,48,50,53,56,58,61,68,76,79,85,136,152,165,199,211,274,294,306,318,330,343,392,411,422,431,440,448,460,472,491,512,520,526,529,532,534,537,535,523,530,536,548,554,563,493,487,477,464,395,363,356,353,350,347,150,146,142,139,137,136,134,134,133,132,131,131,130,130,128,127,125,124,123,121,121,120,120,118,118,116,116,114,113,112,110,108,107,105,103,101,100,99,97,95,95,94,94,94,94,94,94,94,94,94,94,94,94,93,92,92,93,93,93,93,93,93,93,93,92,92,92,92,92,91,90,90,89,88,88,86,86,86,85,84,84,83,84,84,85,87,88,90,92,94,98,100,102,104,106,108,109,110,112,113,114,115,116,116,118,118,119,120,120,121,122,122,122,123,124,124,124,124,125,125,126,126,126,126,126,126,126,126,126,126,126,126,126,126,127,128,128,128,128,129,130,130,131,131,131,133,133,133,134,136,136,138,138,138,140,140,142,142,143,144,144,144,145,146,146,147,147,148,148,149,149,150,150,150,150,150,150,150,150,150,150,150,150,149,149,149,149,149,149,149,149,149,147,147,147,147,147,147,146,146,146,145,145,145,144,144,144,142,142,142,141,140,140,139,139,138,137,136,136,135,135,134,133,133,132,132,131,130,130,130,128,128,128,127,126,126,126,124,124,123,122,121,120,120,120,119,118,118,118,118,116,116,116,116,115,114,114,114,114,113,114,113,112,112,112,112,112,112,111,111,111,110,110,110,110,110,110,110,109,109,108,108,108,107,107,107,108,108,108,108,108,108,108,108,108,108,109,109,109,109,109,109,111,111,111,111,111,112,113,113,113,113,115,115,115,115,115,115,116,116,117,117,117,117,117,117,117,117,117,117,117,117,117,117,116,116,116,116,116,115,115,115,115,114,113,113,113,112,112,111,111,111,110,109,109,109,108,108,107,107,106,106,105,105,105,104,104,103,103,103,102,101,101,101,101,100,100,99,99,99,98,98,97,97,97,96,96,95,95,95,94,94,93,93,92,92,92,92,91,91,91,91,90,90,90,90,91,92,92,92,92,93,93,93,93,93,92,93,93,94,94,96,96,97,98,98,98,98,99,100,100,102,102,104,104,106,106,107,108,108,109,109,110,110,111,111,110,110,110,111,111,110,110,108,106,104,101,97,43,1,1,1,1,1,1,1,1,1,1,1,1,1,1,1,1,1,1,1,1,1,1,1,1,1,1,1,1,1,1,1,1,1,1,1,1,1,1,1,1,1,1,1,1,1,1,1,1,1,1,1,1,1,1
syn_f000985-3-Pre,1,1,1,1,1,1,1,1,1,1,1,1,1,1,1,1,1,1,1,1,1,1,1,1,1,1,1,1,1,1,1,1,1,1,1,1,1,1,1,1,1,1,1,1,1,1,1,1,1,1,1,1,1,1,1,1,1,1,1,1,1,1,1,1,1,1,1,1,1,1,1,1,1,1,1,1,1,1,1,1,1,1,1,1,1,1,1,1,1,1,1,1,1,1,1,1,1,1,12,23,27,31,35,38,40,43,44,47,49,51,51,53,55,55,57,57,59,60,61,61,63,63,63,65,65,65,65,65,66,67,66,66,66,66,66,66,65,65,65,65,67,72,74,74,75,75,74,74,74,74,74,72,72,72,72,70,70,69,67,66,66,64,61,56,56,55,54,54,53,52,52,52,50,50,50,50,50,50,50,50,50,50,50,50,51,51,51,52,53,55,58,63,68,72,75,78,81,152,422,435,447,463,478,490,501,511,520,530,542,554,571,603,610,615,634,655,654,653,652,647,631,622,622,607,602,604,604,604,603,537,533,465,458,449,439,429,418,406,395,382,370,357,349,334,308,291,279,267,251,206,180,174,170,168,165,164,163,162,161,161,160,159,159,159,159,158,158,158,157,156,156,156,155,155,155,154,153,152,152,151,150,150,149,148,148,146,146,145,145,143,142,142,140,139,138,137,135,133,133,131,131,132,132,132,133,133,133,133,133,133,133,134,134,134,134,134,133,133,133,133,133,133,134,134,134,134,135,135,136,136,136,135,135,135,135,135,135,135,134,133,133,133,132,132,132,132,132,133,135,136,137,139,140,142,144,145,146,148,149,150,151,152,153,154,155,155,157,157,157,158,159,159,159,159,159,159,159,160,160,160,160,160,159,159,159,158,158,158,157,156,156,156,156,156,156,156,156,156,156,156,157,158,158,158,159,160,160,161,161,162,163,163,164,165,165,166,167,167,167,169,169,169,169,169,170,170,170,170,170,171,171,171,172,172,172,172,172,171,170,170,170,170,170,170,170,170,170,169,168,168,168,168,168,168,168,167,166,166,166,165,164,164,164,164,164,163,162,162,162,161,160,160,160,159,158,158,158,157,157,156,155,154,153,152,151,150,150,148,148,146,146,144,144,143,142,141,140,139,139,137,137,137,137,135,135,135,135,133,133,133,133,131,131,131,131,129,129,129,129,128,127,127,127,127,127,127,127,127,127,127,127,127,126,126,126,126,126,126,126,125,125,125,125,125,125,124,124,124,124,124,124,125,125,125,125,125,125,125,126,127,127,127,128,128,129,129,129,130,130,131,131,132,132,132,132,133,133,134,134,134,134,134,134,134,135,134,136,135,136,136,136,134,134,134,134,134,134,134,134,134,134,134,132,132,132,132,131,130,130,130,129,129,128,128,128,127,126,126,126,125,125,124,124,123,123,122,122,121,121,120,120,119,119,118,118,117,117,116,116,116,115,114,114,114,114,112,112,112,112,111,111,110,110,110,109,109,109,108,108,108,108,108,108,108,108,108,108,108,107,108,108,107,107,107,107,107,108,109,109,109,109,109,109,109,110,110,111,111,112,112,112,113,114,114,116,116,118,118,120,120,121,122,122,124,124,125,126,127,128,128,128,129,129,129,129,129,128,128,125,124,124,122,120,119,115,115,112,49,47,42,1,1,1,1,1,1,1,1,1,1,1,1,1,1,1,1,1,1,1,1,1,1,1,1,1,1,1,1,1,1,1,1,1,1,1,1,1,1
syn_f000995-0-Pre,1,1,1,1,1,1,1,1,1,1,1,1,1,1,1,1,1,1,1,1,1,1,1,1,1,1,1,1,1,1,1,1,1,1,1,1,1,1,1,1,1,1,1,1,1,1,1,1,1,1,1,1,1,1,1,1,1,1,1,1,1,1,1,1,1,1,1,1,1,1,1,1,1,1,1,1,1,1,1,1,1,1,1,1,1,1,1,1,1,1,1,1,1,1,1,1,1,1,1,1,1,1,1,1,1,1,1,1,1,1,1,1,1,1,8,20,25,29,32,36,39,41,43,45,47,49,50,51,53,53,55,55,57,58,59,59,60,61,61,62,62,63,63,63,63,63,63,63,63,63,63,62,62,62,62,66,69,70,71,71,70,69,69,69,69,67,67,67,65,65,64,62,61,61,58,57,53,53,51,51,51,50,49,48,47,46,45,45,45,45,44,44,44,44,44,44,43,43,43,43,43,44,43,44,44,44,46,48,52,56,59,64,70,79,86,96,105,119,269,313,322,441,459,485,511,523,538,542,547,550,554,554,547,563,579,580,579,579,578,576,500,479,464,461,458,452,446,440,339,328,294,284,273,230,215,201,186,175,168,163,159,156,153,150,148,146,144,143,141,139,137,135,133,131,129,125,124,122,120,119,118,118,117,117,117,116,116,116,116,116,116,116,115,115,115,115,114,114,113,113,113,112,111,111,111,109,109,107,107,106,104,104,102,102,102,103,103,103,104,104,104,104,104,104,104,104,104,104,104,104,104,104,104,105,105,105,106,106,106,106,106,106,107,107,107,107,107,107,107,107,107,107,107,107,109,109,110,110,112,112,114,115,116,117,119,119,120,121,122,122,123,124,124,125,126,126,127,128,128,128,128,129,130,130,130,130,131,131,131,131,131,132,133,133,133,133,134,134,134,135,135,136,136,137,137,138,138,138,138,139,139,140,140,140,140,140,141,141,141,141,141,141,141,141,141,141,141,141,141,141,141,141,141,141,141,140,140,140,140,138,138,138,138,138,137,136,136,136,136,134,134,134,134,133,132,132,132,132,131,131,130,130,130,129,129,128,128,128,128,127,127,126,126,126,125,124,124,122,122,121,120,120,119,118,118,118,116,116,116,115,115,114,114,114,113,112,112,112,111,111,111,110,110,110,109,109,109,108,108,108,107,107,107,106,106,106,105,105,105,105,105,105,105,105,106,106,106,106,106,106,106,106,106,106,106,106,106,106,106,106,106,106,106,106,106,106,106,106,106,106,106,106,106,106,106,106,106,106,106,108,108,108,108,108,108,108,108,108,108,109,110,110,110,110,110,110,110,110,110,110,110,110,110,110,109,109,109,108,108,108,108,108,108,108,108,106,106,106,106,106,106,104,104,104,104,104,104,102,102,102,102,102,102,101,100,100,100,100,100,100,98,98,98,98,98,98,97,96,96,96,96,96,96,94,94,94,94,94,94,92,92,92,92,92,91,90,90,90,90,90,90,90,90,90,90,90,90,91,91,91,91,92,93,93,93,93,94,94,95,95,95,95,95,95,95,95,96,96,96,98,98,98,98,100,100,101,103,103,105,105,107,108,109,110,110,112,112,113,114,114,115,113,113,113,112,111,110,108,107,105,100,96,92,88,39,37,1,1,1,1,1,1,1,1,1,1,1,1,1,1,1,1,1,1,1,1,1,1,1,1,1,1,1,1,1,1,1,1,1,1,1,1,1,1,1,1,1,1,1,1,1,1,1,1,1,1,1,1
syn_f000999-0-Pre,1,1,1,1,1,1,1,1,1,1,1,1,1,1,1,1,1,1,1,1,1,1,1,1,1,1,1,1,1,1,1,1,1,1,1,1,1,1,1,1,1,1,1,1,1,1,1,1,1,1,1,1,1,1,1,1,1,1,1,1,1,1,1,1,1,1,1,1,1,1,1,1,1,1,1,1,1,1,1,1,1,1,1,1,1,1,1,1,1,1,1,1,1,1,1,1,1,1,1,1,1,1,1,1,1,1,1,1,1,1,1,1,1,1,1,1,1,1,1,1,1,1,1,1,1,1,8,20,25,29,33,36,38,40,42,44,46,48,50,50,52,53,54,56,56,57,58,58,59,60,60,60,60,61,62,62,62,62,62,61,61,60,60,60,61,66,68,69,69,69,69,68,68,67,67,66,66,65,64,64,62,61,60,59,56,52,51,51,51,49,49,49,47,47,46,46,46,46,46,46,45,45,45,45,45,45,45,45,45,46,46,47,48,51,55,61,67,277,483,499,557,594,594,594,593,592,590,584,571,555,546,548,550,550,550,549,547,490,429,422,415,408,401,393,383,374,362,346,332,299,287,275,245,231,218,205,193,178,169,164,161,157,154,152,150,148,146,144,143,142,140,138,135,133,131,129,127,126,125,124,123,122,122,122,122,120,120,120,120,120,120,120,119,119,119,119,119,118,117,117,117,117,116,115,115,115,114,114,113,112,111,111,109,109,109,109,109,109,108,109,109,109,109,109,109,109,110,110,110,110,111,112,112,112,112,113,114,114,114,114,114,115,115,115,115,115,115,115,115,115,115,115,116,116,117,117,118,118,120,120,122,123,124,125,126,127,128,128,130,130,130,131,132,132,133,133,134,134,135,135,135,135,135,135,135,135,135,135,135,135,135,135,135,135,135,135,135,135,135,135,135,135,135,137,137,137,137,137,138,138,139,139,139,139,139,139,140,140,140,140,140,140,140,140,140,140,140,139,139,138,138,138,138,138,138,137,136,136,135,135,135,134,133,133,133,133,131,131,131,131,131,130,129,129,128,128,128,127,126,126,126,126,126,126,125,124,124,124,124,124,124,124,123,122,122,121,121,120,119,119,118,118,117,116,116,116,116,116,115,114,114,114,114,113,113,113,113,113,112,112,112,111,111,111,111,111,111,111,111,110,110,110,110,110,110,110,110,110,110,110,110,110,110,110,110,110,110,110,110,110,110,110,110,110,109,109,108,108,108,108,108,108,108,108,109,109,109,109,109,109,111,111,111,111,111,111,111,113,113,113,113,113,113,113,114,115,115,115,115,115,115,115,115,115,115,114,114,114,113,113,113,113,113,112,112,112,112,111,111,110,110,110,109,109,108,108,108,107,107,107,107,106,105,105,105,104,104,104,103,103,103,102,102,101,101,101,101,100,100,99,99,99,98,98,98,97,97,97,96,96,96,95,95,95,95,94,94,94,94,94,93,93,93,93,93,93,93,93,94,94,94,95,96,96,96,96,96,96,96,96,96,96,96,96,96,97,98,98,99,100,101,101,103,104,105,107,109,110,111,113,113,113,115,115,116,117,117,117,117,117,117,118,118,117,115,112,109,107,105,100,48,1,1,1,1,1,1,1,1,1,1,1,1,1,1,1,1,1,1,1,1,1,1,1,1,1,1,1,1,1,1,1,1,1,1,1,1,1,1,1,1,1,1,1,1,1,1,1,1,1,1,1,1,1,1,1,1,1,1,1,1,1,1,1,1,1,1,1
syn_f001002-0-Pre,1,1,1,1,1,1,1,1,1,1,1,1,1,1,1,1,1,1,1,1,1,1,1,1,1,1,1,1,1,1,1,1,1,1,1,1,1,1,1,1,1,1,1,1,1,1,1,1,1,1,1,1,1,1,1,1,1,1,1,1,1,1,1,1,1,1,1,1,1,1,1,1,1,1,1,1,1,1,1,1,1,1,1,1,1,1,1,1,1,1,1,1,1,1,1,1,1,1,1,1,1,1,1,1,1,1,1,1,1,1,1,1,1,1,1,1,1,1,1,10,21,25,29,33,36,38,40,42,43,45,47,48,49,51,52,53,54,55,56,56,57,58,58,59,59,59,59,59,60,60,60,60,59,59,59,59,59,63,66,67,67,67,67,67,67,66,65,65,65,63,63,62,61,60,59,58,54,51,49,49,48,47,47,46,46,45,44,45,45,45,45,45,45,45,45,45,45,45,45,46,47,47,51,55,61,66,71,75,81,88,96,263,314,328,341,356,398,402,407,456,462,466,471,473,465,464,469,478,492,506,509,511,513,451,451,452,453,452,457,459,462,466,460,456,452,447,432,422,394,390,385,380,376,253,235,206,196,187,150,146,144,143,141,139,138,137,135,134,133,132,132,130,130,130,130,128,128,128,128,128,127,127,127,127,127,127,127,127,126,126,126,126,126,126,126,124,124,124,123,122,120,118,117,115,114,113,112,112,112,112,112,112,113,113,113,113,113,113,113,113,113,113,113,114,114,114,116,116,118,118,119,120,120,121,122,122,122,122,122,122,122,123,123,124,124,124,125,126,128,129,130,130,132,132,134,135,136,137,137,137,139,139,139,140,140,140,140,141,141,141,141,141,141,141,141,141,141,141,141,141,141,141,139,139,139,139,139,139,139,139,139,139,139,139,139,139,139,139,139,140,140,140,140,140,140,141,141,142,142,142,142,143,143,143,143,144,144,143,143,143,143,144,144,144,144,144,144,144,144,143,143,142,142,142,142,142,141,141,141,141,141,141,139,139,139,139,137,137,137,137,135,135,135,135,135,133,133,133,133,132,131,131,131,131,130,129,129,129,128,128,127,127,126,126,125,125,125,123,123,123,122,121,121,120,119,119,118,118,117,116,116,115,114,114,114,113,113,112,112,112,112,111,111,110,110,110,110,110,110,110,109,109,109,108,109,109,108,108,108,108,108,108,108,108,108,108,108,109,109,108,107,107,107,107,107,107,107,107,106,106,106,106,105,105,105,105,105,105,105,106,106,107,107,107,107,108,108,108,108,109,109,109,109,110,110,110,110,110,110,110,110,110,110,110,110,110,110,110,109,109,109,109,109,109,108,108,107,107,107,107,107,107,107,105,105,105,105,105,105,104,104,103,103,103,103,101,101,101,101,101,101,99,99,99,99,99,99,98,97,97,97,97,97,96,96,96,95,95,95,94,94,94,94,94,93,93,92,92,92,92,92,92,92,92,92,92,91,91,91,92,92,93,93,93,93,94,94,94,94,94,94,94,94,94,94,95,96,96,96,97,97,97,99,99,100,102,102,103,104,105,106,107,108,109,110,111,112,112,112,113,113,115,115,115,116,115,114,111,112,111,110,106,105,97,52,51,48,46,40,1,1,1,1,1,1,1,1,1,1,1,1,1,1,1,1,1,1,1,1,1,1,1,1,1,1,1,1,1,1,1,1,1,1,1,1,1,1,1,1,1,1,1,1,1,1,1,1,1,1,1,1,1,1,1,1,1,1,1
syn_f001012-3-Pre,1,1,1,1,1,1,1,1,1,1,1,1,1,1,1,1,1,1,1,1,1,1,1,1,1,1,1,1,1,1,1,1,1,1,1,1,1,1,1,1,1,1,1,1,1,1,1,1,1,1,1,1,1,1,1,1,1,1,1,1,1,1,1,1,1,1,1,1,1,1,1,1,1,1,1,1,1,1,1,1,1,1,1,1,1,1,1,1,1,1,1,1,1,1,1,1,1,1,1,1,1,1,1,1,1,1,1,1,1,1,1,1,1,1,1,1,1,1,1,1,1,1,1,1,1,1,1,1,1,1,1,1,1,1,1,1,1,1,13,22,26,30,34,38,40,42,44,45,47,48,50,51,52,53,55,55,56,57,57,58,59,59,60,60,60,60,61,61,61,60,60,60,60,60,60,60,63,67,68,69,69,68,68,68,67,67,66,66,65,65,64,63,62,60,60,58,53,51,51,50,49,49,49,47,47,47,46,46,46,46,46,46,46,46,46,46,46,46,47,53,58,62,66,67,69,72,218,226,274,296,318,333,344,395,409,424,447,466,470,474,478,483,488,491,488,477,478,484,489,493,497,501,505,449,456,459,469,465,459,451,445,437,429,400,378,374,369,365,288,258,246,230,147,146,146,145,145,145,145,145,145,145,145,144,143,143,142,142,140,140,140,138,138,138,136,136,135,134,133,132,131,130,129,128,127,126,125,125,123,123,122,121,120,118,117,115,114,114,112,112,112,112,112,112,112,110,110,110,110,110,110,110,110,110,110,110,110,110,110,110,111,111,112,111,111,111,111,110,109,109,107,107,106,106,106,106,106,108,108,109,110,112,113,114,116,117,119,119,121,122,123,124,125,126,127,128,128,129,129,130,130,131,131,131,131,131,132,132,132,132,132,131,131,131,131,131,131,131,131,131,131,131,131,132,133,133,133,133,133,134,134,135,135,136,136,137,137,138,138,139,140,140,140,140,140,140,140,141,142,142,142,142,142,142,142,142,143,143,143,143,143,143,143,143,143,143,143,143,143,143,143,143,142,142,141,141,141,141,141,141,140,140,140,139,139,139,139,139,138,138,138,137,137,137,136,136,136,135,134,134,134,132,132,132,132,130,130,130,128,128,127,126,126,126,124,123,122,121,121,119,118,117,116,115,114,114,113,112,111,110,110,109,109,107,107,107,107,106,106,106,106,105,105,105,105,105,105,105,105,104,103,103,103,103,103,104,104,104,105,105,105,105,106,106,107,107,108,109,109,110,111,111,111,113,113,113,114,115,115,115,116,117,117,117,117,117,117,117,119,119,119,119,119,118,118,117,117,117,117,117,116,116,116,115,114,114,113,112,112,112,111,110,110,109,108,108,106,106,106,104,104,103,102,102,101,100,100,100,99,98,98,97,97,96,96,95,94,94,93,93,93,92,91,91,91,91,90,89,89,89,89,89,89,89,89,89,89,89,89,89,89,89,89,89,89,90,90,90,90,91,91,91,91,91,91,91,92,93,93,93,93,95,95,97,97,97,99,99,101,101,103,103,104,105,106,107,107,108,108,109,108,107,107,106,105,105,102,101,98,98,94,92,86,42,1,1,1,1,1,1,1,1,1,1,1,1,1,1,1,1,1,1,1,1,1,1,1,1,1,1,1,1,1,1,1,1,1,1,1,1,1,1,1,1,1,1,1,1,1,1,1,1,1,1,1,1,1,1,1,1,1,1,1,1,1,1,1,1,1,1,1,1,1,1,1,1,1,1
syn_f001044-2-Pre,1,1,1,1,1,1,1,1,1,1,1,1,1,1,1,1,1,1,1,1,1,1,1,1,1,1,1,1,1,1,1,1,1,1,1,1,1,1,1,1,1,1,1,1,1,1,1,1,1,1,1,1,1,1,1,1,1,1,1,1,1,1,1,1,1,1,1,1,1,1,1,1,1,1,1,1,1,1,1,1,1,1,1,1,1,1,1,1,1,1,1,1,1,1,1,1,1,1,1,1,1,1,1,1,1,1,1,1,1,1,1,1,1,1,1,1,1,1,1,1,1,1,1,1,1,1,1,1,1,1,1,1,1,1,1,1,1,1,1,1,1,1,1,1,1,1,12,22,26,30,34,38,40,42,44,46,48,50,50,52,53,54,55,57,57,58,59,59,60,61,61,61,62,62,62,62,62,62,62,61,61,61,61,62,67,69,70,70,70,69,68,68,68,67,66,66,66,64,64,62,61,60,59,55,52,51,51,50,50,49,48,48,46,46,46,45,45,45,45,45,45,45,46,46,47,50,52,55,58,61,65,67,72,76,122,132,146,219,228,276,375,394,409,420,431,440,449,457,467,477,499,521,527,538,548,558,557,554,539,532,534,531,513,513,514,444,440,434,361,347,325,298,281,265,252,213,195,185,178,154,150,149,148,148,148,147,146,146,146,146,146,144,144,144,144,142,142,142,141,140,140,139,139,139,138,137,137,137,136,135,135,135,134,133,133,132,131,131,130,130,129,129,127,126,124,124,122,121,119,118,117,117,118,118,118,118,118,118,118,118,118,118,117,117,116,116,116,116,116,116,116,116,116,116,115,115,115,115,115,115,114,114,114,114,116,116,116,117,118,118,118,118,120,120,120,121,122,123,123,123,125,125,125,126,127,127,127,128,128,128,129,129,129,130,130,130,130,129,129,128,128,128,128,128,127,127,127,127,127,127,125,125,125,125,125,125,126,126,127,127,127,128,128,129,130,130,131,131,132,133,133,134,134,135,135,135,137,137,137,137,139,139,139,139,139,139,139,139,139,139,138,138,139,139,139,139,138,138,138,138,138,138,137,137,137,137,137,137,137,137,137,137,135,135,135,135,135,135,134,133,133,133,133,132,131,130,130,128,128,128,126,126,125,124,124,123,122,122,121,120,120,118,117,116,115,114,113,113,112,111,110,109,109,107,107,107,107,106,105,105,105,104,104,104,104,103,103,103,103,102,102,102,101,101,101,101,101,101,101,101,101,102,103,103,104,104,105,106,107,108,108,108,109,109,110,110,110,111,111,112,112,113,112,113,113,113,113,113,113,113,113,113,112,112,112,112,111,111,110,110,110,110,109,108,108,107,106,106,105,105,104,104,103,102,102,101,100,99,99,98,98,97,96,96,95,95,94,94,93,93,92,91,91,91,90,89,89,88,87,87,87,86,85,85,85,85,84,83,83,83,84,84,84,84,84,84,84,85,86,86,86,87,88,88,88,88,88,88,87,87,87,88,89,89,89,90,91,91,92,93,93,95,97,97,99,99,101,101,102,103,104,105,105,105,105,105,105,104,100,97,95,89,88,79,36,32,1,1,1,1,1,1,1,1,1,1,1,1,1,1,1,1,1,1,1,1,1,1,1,1,1,1,1,1,1,1,1,1,1,1,1,1,1,1,1,1,1,1,1,1,1,1,1,1,1,1,1,1,1,1,1,1,1,1,1,1,1,1,1,1,1,1,1,1,1,1,1,1,1,1,1,1,1,1,1,1,1,1
syn_f001053-2-Pre,1,1,1,1,1,1,1,1,1,1,1,1,1,1,1,1,1,1,1,1,1,1,1,1,1,1,1,1,1,1,1,1,1,1,1,1,1,1,1,1,1,1,1,1,1,1,1,1,1,1,1,1,1,1,1,1,1,1,1,1,1,1,1,1,1,1,1,1,1,1,1,1,1,1,1,1,1,1,1,1,1,1,1,1,1,1,1,1,1,1,1,1,1,1,1,1,1,1,1,1,1,1,1,1,1,1,1,1,1,1,1,1,1,1,1,1,1,1,1,1,1,1,1,1,1,1,1,1,1,1,1,1,1,1,1,1,1,1,1,1,1,1,1,1,1,1,9,21,25,29,33,36,39,41,43,45,47,49,50,51,52,53,55,56,57,57,58,59,60,60,61,61,61,62,62,62,62,62,62,62,62,61,61,61,65,68,70,70,70,70,69,69,68,68,67,67,66,66,65,64,62,62,61,60,54,53,53,52,51,51,51,50,49,49,48,47,46,46,46,46,47,47,48,49,50,51,54,57,62,256,263,271,283,322,324,371,470,480,487,492,488,488,490,499,509,516,546,545,544,495,493,490,485,479,462,451,449,443,437,430,422,416,350,339,329,318,305,294,283,274,261,249,231,213,205,196,184,172,162,157,152,150,149,147,147,145,144,143,142,141,140,139,138,136,136,135,134,133,133,132,131,130,130,130,129,129,128,128,127,126,126,125,124,124,122,122,121,120,119,119,118,117,117,115,115,113,113,113,113,112,111,111,111,111,110,110,110,110,108,108,107,107,107,106,105,105,105,105,103,104,104,104,104,104,104,105,105,105,105,105,105,105,106,106,106,107,107,108,109,110,111,111,113,114,115,116,118,118,119,121,121,123,124,125,126,126,128,128,129,130,130,130,131,132,132,133,133,133,133,133,133,133,133,133,133,133,133,134,134,134,134,135,135,135,135,136,137,137,137,137,138,139,139,139,139,141,141,141,141,141,141,141,141,142,142,143,143,143,144,144,144,143,143,143,143,143,143,143,143,143,143,143,143,142,143,142,142,142,142,142,142,142,140,140,140,140,140,140,140,140,140,139,139,139,139,138,138,138,138,137,137,136,135,134,134,132,132,132,130,130,129,128,128,127,126,126,125,124,123,123,121,121,120,119,119,118,117,117,116,115,114,114,113,113,112,111,111,111,110,110,109,109,109,109,109,109,109,108,108,108,108,108,108,107,107,107,107,107,107,107,107,107,107,107,107,107,108,108,109,109,110,110,111,111,111,111,111,112,113,113,113,113,113,113,113,113,113,113,115,115,115,115,115,114,113,113,113,113,113,113,113,113,113,112,111,111,111,110,110,109,109,108,108,107,107,106,106,105,104,104,104,103,102,102,102,101,100,100,100,99,98,98,98,98,96,96,96,96,95,94,94,94,94,93,92,92,92,92,90,90,90,89,89,89,89,89,88,88,89,89,89,89,89,89,89,89,89,89,89,89,89,89,90,90,91,91,92,92,94,94,96,96,98,100,101,102,102,102,104,105,106,106,107,107,107,107,107,105,104,99,93,88,84,39,35,1,1,1,1,1,1,1,1,1,1,1,1,1,1,1,1,1,1,1,1,1,1,1,1,1,1,1,1,1,1,1,1,1,1,1,1,1,1,1,1,1,1,1,1,1,1,1,1,1,1,1,1,1,1,1,1,1,1,1,1,1,1,1,1,1,1,1,1,1,1,1,1,1,1,1,1,1,1,1,1,1,1,1
syn_f001070-2-Pre,1,1,1,1,1,1,1,1,1,1,1,1,1,1,1,1,1,1,1,1,1,1,1,1,1,1,1,1,1,1,1,1,1,1,1,1,1,1,1,1,1,1,1,1,1,1,1,1,1,1,1,1,1,1,1,1,1,1,1,1,1,1,1,1,1,1,1,1,1,1,1,1,1,1,1,1,1,1,1,1,1,1,1,1,1,1,1,1,1,1,1,1,1,1,1,1,1,1,1,1,1,1,1,1,1,1,1,1,1,1,1,1,1,1,1,1,1,1,1,1,1,16,23,28,32,35,38,40,42,44,46,48,49,51,51,53,53,55,56,57,57,59,59,60,61,61,61,61,62,63,63,63,63,63,63,62,61,61,61,61,61,66,69,69,70,70,70,69,69,68,68,68,67,66,66,65,64,62,61,60,59,55,52,51,50,50,50,49,48,48,47,46,44,44,43,43,43,44,44,44,44,44,44,44,44,45,45,45,47,49,53,57,61,68,77,87,98,136,159,262,276,289,302,319,339,354,365,378,391,407,451,477,497,502,506,510,515,518,519,515,506,513,517,521,526,528,531,466,463,460,460,465,462,465,460,441,432,417,387,380,358,357,357,154,152,151,150,149,148,147,146,146,144,144,142,141,139,137,135,134,132,130,128,128,126,126,124,123,123,122,121,121,120,120,120,119,118,118,118,118,117,116,116,115,115,113,112,111,110,108,108,107,105,106,106,105,105,105,105,105,105,104,104,104,104,104,104,104,104,104,103,103,102,102,102,102,102,102,101,101,102,102,102,102,102,102,103,103,103,103,103,103,105,105,107,109,111,113,114,116,117,118,120,121,122,124,124,126,126,126,126,127,128,128,128,128,128,128,128,128,129,129,129,129,129,129,129,129,130,130,130,130,130,131,131,131,132,132,133,133,133,134,134,135,135,136,136,136,137,138,138,138,138,139,140,140,140,140,140,140,140,141,141,141,141,141,141,141,141,141,141,141,141,141,141,141,141,141,141,141,141,141,141,141,141,141,141,141,141,140,140,140,140,140,140,140,139,140,139,139,139,139,139,139,139,139,139,137,137,137,137,137,136,135,135,134,133,133,133,132,131,131,131,130,130,129,129,128,128,128,127,126,126,126,124,124,124,123,122,121,121,120,120,120,119,119,118,117,117,117,116,115,115,114,114,114,114,113,113,113,113,113,113,113,113,113,113,113,113,113,113,113,113,112,112,112,112,111,111,112,112,112,112,112,112,113,113,113,113,113,113,113,114,115,115,115,115,115,117,117,117,117,117,117,117,119,119,119,119,119,119,119,119,119,120,120,120,120,120,120,120,120,120,119,119,119,119,118,118,118,118,118,118,117,116,116,116,116,115,114,114,114,114,112,112,112,112,110,110,110,109,108,108,108,107,106,106,106,106,104,104,104,104,102,102,102,102,101,100,100,100,100,98,98,98,98,96,96,96,96,96,96,94,94,94,94,94,94,94,93,93,92,92,92,92,94,94,94,96,96,96,96,96,96,96,96,96,96,96,96,96,96,96,97,98,98,99,99,101,101,103,104,105,106,107,109,109,111,111,113,113,115,116,117,118,118,118,118,118,117,117,116,114,111,108,105,100,93,1,1,1,1,1,1,1,1,1,1,1,1,1,1,1,1,1,1,1,1,1,1,1,1,1,1,1,1,1,1,1,1,1,1,1,1,1,1,1,1,1,1,1,1,1,1,1,1,1,1,1,1,1,1,1,1,1,1,1,1
syn_f001078-3-Pre,1,1,1,1,1,1,1,1,1,1,1,1,1,1,1,1,1,1,1,1,1,1,1,1,1,1,1,1,1,1,1,1,1,1,1,1,1,1,1,1,1,1,1,1,1,1,1,1,1,1,1,1,1,1,1,1,1,1,1,1,1,1,1,1,1,1,1,1,1,1,1,1,1,1,1,1,1,1,1,1,1,1,1,1,1,1,1,1,1,1,1,1,1,1,1,1,1,1,1,1,1,1,1,1,1,1,1,1,1,3,20,24,28,32,36,39,41,43,45,47,48,50,52,52,54,55,56,57,58,59,60,60,61,62,62,63,63,63,64,64,64,64,64,64,64,64,63,63,63,62,62,66,70,71,72,72,72,71,71,70,70,69,69,68,68,67,66,65,64,62,62,60,55,52,51,51,49,49,49,48,47,47,46,46,46,46,45,46,45,45,45,45,45,45,45,45,45,45,45,45,45,47,50,53,57,61,64,68,71,79,84,100,131,172,185,299,314,330,343,356,371,420,433,445,458,469,488,510,515,520,526,532,539,540,539,524,529,533,537,542,546,549,501,502,510,506,500,491,485,469,425,395,383,370,368,366,363,165,163,160,158,158,157,156,156,155,154,154,153,153,153,151,151,149,148,147,146,144,144,142,142,142,140,140,139,138,138,137,137,136,135,134,133,132,132,130,130,128,128,126,125,123,122,120,118,116,114,114,113,113,113,112,113,113,113,113,113,113,113,113,113,113,113,113,112,111,111,111,111,110,110,109,108,108,108,107,107,106,105,105,105,104,104,104,104,104,104,105,105,107,107,108,109,109,110,110,111,112,112,113,114,115,115,117,117,119,119,121,122,123,124,125,126,127,127,129,129,129,131,131,131,131,131,132,132,131,131,130,130,130,130,130,129,128,128,128,128,128,127,127,127,127,127,127,127,127,127,128,128,128,128,128,128,129,130,130,131,131,132,133,133,134,135,135,136,136,137,137,138,138,138,139,140,140,140,140,142,142,142,142,142,142,142,142,142,142,142,142,142,142,142,142,142,142,142,142,142,142,140,140,140,140,140,140,140,140,139,139,139,138,138,137,137,137,136,135,135,135,134,133,133,133,133,131,131,131,131,129,129,129,128,127,126,126,125,124,124,123,122,122,121,120,120,119,118,118,118,116,116,116,114,114,114,113,112,112,112,111,111,110,110,110,110,109,109,109,109,109,109,109,109,109,109,109,109,109,109,109,109,109,109,109,109,109,107,107,107,107,107,107,107,108,108,108,109,109,109,110,110,110,112,112,112,112,113,114,114,114,115,115,116,116,117,117,118,118,119,119,120,120,120,120,120,120,120,121,122,122,122,121,121,121,121,121,121,121,120,120,120,120,120,119,119,119,119,117,117,117,117,117,115,115,115,115,113,113,113,112,111,111,111,109,109,109,109,107,107,107,105,105,105,104,103,103,102,101,101,100,100,99,99,98,97,97,96,96,95,95,94,94,94,93,93,92,92,92,91,91,91,91,91,91,90,91,91,91,91,92,92,92,93,93,93,92,92,92,92,92,92,93,94,94,94,96,96,96,98,98,100,100,101,103,104,105,106,107,108,109,111,111,113,113,113,113,113,113,113,113,111,111,110,108,105,103,100,94,44,1,1,1,1,1,1,1,1,1,1,1,1,1,1,1,1,1,1,1,1,1,1,1,1,1,1,1,1,1,1,1,1,1,1,1,1,1,1,1,1,1,1,1,1,1,1,1,1,1,1,1
syn_f001083-0-Pre,1,1,1,1,1,1,1,1,1,1,1,1,1,1,1,1,1,1,1,1,1,1,1,1,1,1,1,1,1,1,1,1,1,1,1,1,1,1,1,1,1,1,1,1,1,1,1,1,1,1,1,1,1,1,1,1,1,1,1,1,1,1,1,1,1,1,1,1,1,1,1,1,1,1,1,1,1,1,1,1,1,1,1,1,1,1,1,1,1,1,1,1,1,1,1,1,1,1,1,1,1,1,9,22,26,30,34,38,40,42,44,46,48,50,51,52,54,55,56,57,58,59,60,60,61,62,63,63,63,63,64,64,64,64,64,64,64,63,63,63,63,63,65,70,71,72,72,72,71,71,70,70,69,69,68,68,67,66,65,63,63,61,60,57,55,55,53,53,53,52,52,51,50,49,48,46,46,45,45,45,45,44,44,44,44,44,44,44,44,44,44,44,45,45,46,48,50,54,58,106,116,124,136,184,199,214,235,369,385,399,416,457,468,479,505,518,530,551,574,581,586,602,621,622,620,618,603,594,596,595,578,573,575,575,504,498,493,407,394,384,374,362,347,334,299,255,230,204,185,173,167,162,157,155,153,151,149,147,146,144,142,141,139,137,135,133,131,130,128,128,126,126,124,124,123,123,122,122,122,121,121,120,120,119,119,119,118,117,117,116,115,114,114,112,112,111,111,110,110,110,110,110,110,110,109,109,108,108,108,108,108,108,108,108,108,108,108,107,107,107,107,107,105,105,105,105,105,105,105,105,104,104,104,104,105,105,105,106,106,106,107,107,107,108,110,111,112,113,115,116,117,118,119,119,119,120,121,122,122,123,124,124,125,126,126,127,128,129,129,131,131,133,133,134,135,135,136,137,137,137,138,139,139,139,139,139,140,141,141,141,141,141,142,142,143,143,143,144,145,145,145,146,146,146,147,148,148,148,150,150,150,150,151,152,152,152,153,154,154,154,156,156,156,156,156,156,157,157,157,157,157,158,158,158,159,159,159,158,157,157,157,157,157,157,157,157,157,157,155,155,155,155,155,155,153,153,153,153,153,152,151,151,151,151,150,150,149,149,148,148,147,147,146,146,145,144,144,144,142,142,142,141,140,140,139,138,138,137,137,136,135,135,135,133,133,133,132,132,131,131,130,129,129,128,127,127,127,126,125,125,125,124,123,123,123,122,122,121,120,120,120,120,119,118,118,118,118,118,118,118,118,118,118,118,118,118,117,117,116,116,117,117,116,116,116,116,116,116,116,114,115,115,115,115,115,115,115,115,116,116,116,116,116,116,116,117,117,117,117,117,117,117,118,118,118,118,119,119,119,119,119,120,119,119,120,119,120,120,120,120,120,120,120,119,120,119,119,119,119,119,119,119,118,118,118,117,117,117,117,117,116,116,115,115,115,115,115,115,115,113,113,113,113,113,111,111,111,111,111,111,109,109,109,109,109,107,107,107,107,106,105,105,105,104,104,103,103,103,102,101,101,100,100,99,99,99,98,98,97,97,97,97,97,97,97,96,95,95,95,95,96,96,97,97,97,97,97,98,98,98,97,98,97,97,97,98,99,99,99,99,100,101,101,101,102,103,104,105,106,107,108,109,110,111,112,112,114,114,115,116,115,115,115,113,113,113,113,112,111,110,109,103,100,96,91,38,1,1,1,1,1,1,1,1,1,1,1,1,1,1,1,1,1,1,1,1,1,1,1,1,1,1,1,1,1,1,1,1,1,1,1,1,1,1,1,1,1,1
syn_f001084-3-Pre,1,1,1,1,1,1,1,1,1,1,1,1,1,1,1,1,1,1,1,1,1,1,1,1,1,1,1,1,1,1,1,1,1,1,1,1,1,1,1,1,1,1,1,1,1,1,1,1,1,1,1,1,1,1,1,1,1,1,1,1,1,1,1,1,1,1,1,1,1,1,1,1,1,1,1,1,1,1,1,1,1,1,1,1,1,1,1,1,1,1,1,1,1,1,1,1,1,1,1,1,1,1,1,1,1,1,1,1,1,1,1,1,1,1,1,1,1,1,1,1,1,1,1,1,18,24,28,32,36,38,40,42,44,46,48,50,50,52,53,54,55,57,57,58,59,59,60,61,61,62,62,62,62,62,62,62,62,62,62,62,61,61,61,64,68,70,70,70,70,70,68,68,68,67,67,66,66,65,64,62,61,60,59,53,51,51,51,50,49,49,48,47,46,45,44,44,44,44,44,44,44,44,44,44,44,44,44,45,45,45,46,48,49,51,55,58,60,63,237,248,256,264,269,316,427,440,485,493,504,512,515,518,519,514,515,520,537,551,551,550,549,496,492,485,466,462,461,458,453,449,444,377,367,357,348,333,315,293,283,259,247,233,201,190,164,158,154,151,150,148,147,145,145,144,144,144,143,143,142,142,141,140,139,139,138,137,137,137,137,136,135,135,135,133,132,131,130,129,128,127,126,125,124,124,123,122,121,120,120,118,118,116,116,114,113,112,110,109,108,107,107,107,107,108,107,106,106,106,106,106,106,106,106,105,105,104,104,104,103,102,101,101,100,99,99,99,97,97,97,97,95,95,95,94,94,93,92,92,92,92,92,92,92,93,94,97,99,101,103,105,107,110,111,112,114,115,116,117,118,119,119,120,121,121,122,122,123,124,124,124,124,124,125,125,125,125,126,126,126,126,126,127,127,127,128,128,128,129,129,130,131,131,131,132,133,133,134,135,136,136,137,138,138,139,140,140,141,141,142,142,143,143,143,144,145,145,145,145,146,146,146,146,146,146,146,146,146,146,146,146,146,146,146,146,146,146,145,145,145,145,145,145,145,145,143,143,143,143,142,141,141,141,139,139,139,137,137,137,136,135,135,135,135,135,135,134,133,133,133,133,131,131,130,129,129,128,128,126,126,125,124,124,122,122,120,120,119,118,118,117,116,115,115,115,113,113,113,111,111,111,110,109,109,109,108,107,107,107,107,106,106,106,106,105,105,104,104,104,104,104,104,104,104,103,103,103,103,104,104,104,104,105,105,106,106,107,107,108,108,109,109,110,110,111,112,112,113,113,114,114,114,115,115,115,116,116,116,116,116,117,117,116,116,116,116,116,116,115,115,115,115,115,114,114,113,113,113,111,111,111,111,110,109,109,109,107,107,107,106,105,105,104,103,103,103,102,101,101,100,100,99,99,98,97,97,97,96,96,95,94,94,94,94,93,92,92,92,92,90,90,90,90,90,90,90,90,89,89,89,90,91,91,91,90,90,90,90,91,91,91,91,91,92,92,92,92,92,92,93,94,94,95,95,96,97,97,98,100,101,102,103,104,105,106,106,108,108,109,109,109,109,108,108,107,107,106,105,104,102,100,98,97,93,91,42,1,1,1,1,1,1,1,1,1,1,1,1,1,1,1,1,1,1,1,1,1,1,1,1,1,1,1,1,1,1,1,1,1,1,1,1,1,1,1,1,1,1,1,1,1,1,1,1,1,1,1,1,1,1,1,1,1,1,1,1,1,1,1
syn_f001089-3-Pre,1,1,1,1,1,1,1,1,1,1,1,1,1,1,1,1,1,1,1,1,1,1,1,1,1,1,1,1,1,1,1,1,1,1,1,1,1,1,1,1,1,1,1,1,1,1,1,1,1,1,1,1,1,1,1,1,1,1,1,1,1,1,1,1,1,1,1,1,1,1,1,1,1,1,1,1,1,1,1,1,1,1,1,1,1,1,1,1,1,1,1,1,1,1,1,1,1,1,1,1,1,1,1,1,1,1,1,1,1,1,1,1,1,1,1,1,1,1,1,1,1,1,1,1,1,1,1,1,1,1,1,1,1,1,14,23,27,31,35,39,41,43,45,47,49,51,52,53,55,56,57,58,60,60,61,62,63,63,64,65,65,65,65,65,66,66,66,66,65,65,65,65,65,65,64,66,71,73,73,73,73,73,73,73,73,71,71,71,71,69,69,68,67,66,64,64,63,59,56,56,56,54,54,54,52,52,52,50,50,49,48,48,47,47,48,47,48,48,48,47,48,49,50,53,57,61,65,68,72,74,77,83,94,106,178,189,298,352,368,379,388,399,409,418,425,432,440,446,453,459,467,475,483,497,509,526,530,535,548,555,563,561,539,540,541,540,523,517,459,455,451,447,441,367,355,336,325,297,281,267,251,212,203,154,153,151,150,149,149,149,148,148,146,146,145,144,143,142,141,140,140,140,138,138,137,137,137,136,136,136,136,135,134,134,134,134,132,132,132,131,130,129,128,127,126,125,125,123,123,121,121,121,121,121,121,121,123,123,123,123,123,123,123,123,123,124,124,124,123,123,123,123,121,121,121,120,120,119,119,119,119,119,118,118,118,118,119,119,119,120,121,122,123,125,125,127,128,129,130,131,132,132,133,134,134,135,135,135,135,136,136,137,137,137,136,136,136,136,136,135,134,134,134,134,133,132,132,132,132,131,131,131,131,131,131,131,130,130,129,129,129,129,129,130,130,131,131,131,132,132,132,133,134,134,134,135,135,135,136,137,137,137,137,137,138,138,138,139,139,139,139,139,139,139,139,139,139,139,139,139,139,139,140,140,139,139,139,139,139,139,139,139,139,139,139,138,138,138,138,138,138,137,137,137,137,137,136,136,136,136,135,135,135,135,135,135,134,134,132,131,130,130,128,128,126,125,124,122,122,120,119,119,118,117,116,115,115,114,113,113,112,112,112,111,111,110,110,110,110,109,109,109,109,109,109,108,108,108,108,108,108,108,108,108,108,108,109,109,110,110,110,112,112,113,114,114,115,116,116,117,118,118,118,120,120,120,120,121,121,122,122,122,122,122,123,123,123,122,122,122,122,121,121,121,121,120,120,119,119,118,117,117,116,115,115,113,113,113,111,111,110,109,109,107,107,106,105,105,103,103,103,101,101,101,99,99,99,98,97,97,96,96,95,94,94,94,93,92,92,92,92,91,91,91,91,91,91,91,91,91,92,92,92,93,93,93,94,94,95,95,95,95,95,95,95,96,96,96,96,98,98,99,99,101,101,103,103,105,106,107,108,109,110,112,113,113,114,114,115,115,115,116,116,115,115,114,111,111,109,107,53,49,48,47,44,1,1,1,1,1,1,1,1,1,1,1,1,1,1,1,1,1,1,1,1,1,1,1,1,1,1,1,1,1,1,1,1,1,1,1,1,1,1,1,1,1,1,1,1,1,1,1,1,1,1,1,1,1,1,1,1,1,1,1,1,1,1,1,1,1,1,1,1,1,1,1,1,1
syn_f001091-0-Pre,1,1,1,1,1,1,1,1,1,1,1,1,1,1,1,1,1,1,1,1,1,1,1,1,1,1,1,1,1,1,1,1,1,1,1,1,1,1,1,1,1,1,1,1,1,1,1,1,1,1,1,1,1,1,1,1,1,1,1,1,1,1,1,1,1,1,1,1,1,1,1,1,1,1,1,1,1,1,1,1,1,1,1,1,1,1,1,1,1,1,1,1,1,1,1,1,1,1,1,1,1,1,1,1,1,1,1,1,1,1,1,1,1,1,1,1,1,1,1,16,24,28,32,35,38,40,42,44,46,48,49,51,51,53,54,55,56,57,58,59,59,60,61,61,62,62,62,63,63,63,63,63,63,63,62,62,62,62,62,63,67,69,71,71,71,70,70,69,69,68,68,67,67,66,65,64,63,62,60,60,56,52,51,51,50,49,49,48,47,46,46,45,44,44,44,45,45,45,45,45,45,45,45,45,45,45,46,46,46,46,46,47,50,54,58,61,276,294,340,342,345,366,376,380,382,469,471,474,489,506,516,519,522,525,529,481,482,490,496,503,500,494,490,486,481,474,451,444,441,435,427,414,330,317,305,293,278,262,243,205,192,162,158,155,152,149,148,147,146,144,142,140,140,138,136,134,132,130,128,126,125,123,123,121,120,119,119,119,118,118,118,118,117,116,116,116,115,114,114,113,113,112,111,111,109,109,108,107,106,105,104,104,102,102,102,102,102,101,101,101,101,101,101,101,101,101,101,101,101,101,101,101,101,102,103,103,103,103,103,104,105,105,105,106,106,106,107,107,107,108,109,110,110,111,111,112,113,113,113,114,115,115,115,116,117,117,119,119,119,120,121,121,122,123,123,124,125,125,125,125,125,125,125,125,125,125,125,125,125,125,125,125,125,125,125,125,125,125,125,125,125,125,125,125,125,126,126,126,126,126,127,127,127,127,128,128,128,128,128,128,128,129,129,129,129,129,129,129,129,129,129,129,129,129,129,129,129,128,128,128,128,128,128,128,128,128,127,127,126,126,126,126,125,125,125,124,124,124,124,123,123,123,122,122,122,121,121,120,120,120,120,119,118,118,118,118,117,116,116,116,116,116,115,114,114,114,114,113,113,113,112,112,112,111,111,111,111,111,110,110,110,109,109,109,109,109,109,108,107,107,107,107,107,107,106,106,106,105,105,105,105,105,105,105,105,105,105,105,105,105,105,105,105,105,105,105,104,104,103,103,103,103,103,102,102,102,102,102,102,102,102,102,102,102,102,104,104,104,104,104,105,105,106,106,106,106,107,107,107,108,108,108,108,108,108,108,108,109,108,109,109,109,109,108,108,108,108,108,108,108,108,108,108,108,108,107,106,106,106,106,106,105,104,104,104,104,104,103,102,102,102,101,101,100,100,100,99,99,98,98,98,97,97,96,96,95,95,95,94,94,93,93,93,93,92,91,91,91,91,90,89,89,89,89,89,88,87,87,87,87,87,87,87,87,88,88,88,88,89,89,90,90,90,91,92,92,92,92,92,92,92,92,93,93,94,95,95,96,97,97,98,99,101,102,103,105,107,107,108,109,110,110,112,112,112,112,112,112,112,113,112,111,109,105,104,104,97,93,89,41,40,1,1,1,1,1,1,1,1,1,1,1,1,1,1,1,1,1,1,1,1,1,1,1,1,1,1,1,1,1,1,1,1,1,1,1,1,1,1,1,1,1,1,1,1,1,1,1,1,1,1,1,1,1,1,1,1,1
syn_f001095-2-Pre,1,1,1,1,1,1,1,1,1,1,1,1,1,1,1,1,1,1,1,1,1,1,1,1,1,1,1,1,1,1,1,1,1,1,1,1,1,1,1,1,1,1,1,1,1,1,1,1,1,1,1,1,1,1,1,1,1,1,1,1,1,1,1,1,1,1,1,1,1,1,1,1,1,1,1,1,1,1,1,1,1,1,1,1,1,1,1,1,1,1,1,1,1,10,23,27,30,34,37,40,41,43,45,47,49,51,51,53,54,55,56,58,59,59,60,61,62,62,63,63,64,64,64,65,65,65,65,65,65,65,64,64,64,64,64,67,71,73,73,73,73,73,73,71,71,71,71,70,69,69,69,67,65,65,63,63,57,55,53,53,53,52,51,51,50,49,49,48,48,48,48,47,47,47,47,47,47,47,47,47,47,48,48,48,49,51,55,60,64,68,73,77,92,97,269,316,334,347,359,373,385,424,430,438,447,455,463,472,508,507,503,508,513,519,523,527,531,537,476,478,478,476,476,476,474,474,473,473,472,471,477,477,466,457,447,428,420,416,413,409,385,385,384,167,165,164,164,162,162,161,160,159,159,157,157,155,155,153,151,150,148,146,146,144,142,142,141,140,139,137,137,135,135,133,133,132,131,130,130,128,128,127,126,125,124,123,122,121,119,117,117,117,116,116,117,117,116,116,116,116,116,116,116,116,116,115,115,115,115,115,115,115,116,116,116,116,116,116,116,117,117,117,117,117,117,118,118,118,117,117,117,117,116,115,115,115,115,116,116,117,117,119,119,121,122,123,124,125,126,128,128,129,130,131,132,133,134,135,135,135,137,137,137,138,138,138,139,139,139,139,140,140,140,140,140,140,140,140,140,140,140,140,140,140,140,140,140,140,140,140,140,141,141,141,141,141,141,141,142,142,142,143,143,144,144,144,145,146,146,146,148,148,148,149,150,150,150,150,151,151,152,152,153,153,153,153,153,154,154,155,155,154,153,153,153,153,153,153,153,153,153,153,153,152,152,152,152,152,151,151,151,151,150,150,150,150,150,149,149,149,148,148,148,148,148,147,147,147,146,146,146,145,145,145,143,143,142,141,141,140,139,138,138,137,137,136,136,135,135,134,134,133,132,132,132,131,130,130,129,128,128,127,126,126,126,125,124,124,123,123,123,122,122,121,121,120,120,120,120,120,120,120,120,119,119,119,119,119,119,118,118,118,118,118,118,118,118,118,118,117,117,117,116,116,118,118,118,118,118,118,118,118,118,118,118,118,118,119,120,120,121,122,122,122,122,124,124,124,124,126,126,126,126,127,128,128,128,128,128,129,129,129,130,130,130,130,130,130,130,130,130,129,129,128,128,128,128,128,128,128,127,127,126,126,126,126,124,124,124,124,123,122,122,122,122,121,120,120,120,119,118,118,117,117,116,116,115,115,115,114,114,113,113,112,112,111,111,110,110,109,109,108,108,107,107,106,106,106,105,104,104,104,103,102,102,102,101,101,100,100,100,100,100,100,99,100,98,98,98,98,98,99,99,99,99,100,100,101,101,101,102,102,102,102,102,102,103,103,103,103,103,103,105,105,105,106,107,107,108,109,110,111,112,113,115,115,117,117,119,119,120,120,121,122,122,123,123,123,123,124,123,123,123,123,123,122,119,114,113,112,109,102,50,1,1,1,1,1,1,1,1,1,1,1,1,1,1,1,1,1,1,1,1,1,1,1,1,1,1,1,1,1,1,1,1,1,1,1
syn_f001097-0-Pre,1,1,1,1,1,1,1,1,1,1,1,1,1,1,1,1,1,1,1,1,1,1,1,1,1,1,1,1,1,1,1,1,1,1,1,1,1,1,1,1,1,1,1,1,1,1,1,1,1,1,1,1,1,1,1,1,1,1,1,1,1,1,1,1,1,1,1,1,1,1,1,1,1,1,1,1,1,1,1,1,1,1,1,1,1,1,1,1,1,1,1,1,1,1,1,1,1,1,1,1,1,1,1,1,1,1,1,1,1,1,1,1,1,1,1,1,1,1,9,22,26,30,34,38,40,42,44,46,48,50,50,52,54,54,56,57,58,58,60,60,61,62,62,62,62,62,64,64,64,64,64,64,63,62,62,62,62,63,69,70,71,71,71,71,70,70,69,69,68,68,67,66,66,64,62,62,61,57,54,54,54,52,52,52,51,50,50,48,46,46,46,46,46,46,46,46,46,46,46,45,46,46,47,48,50,51,54,58,62,67,73,78,282,492,510,562,601,601,600,600,599,595,587,577,565,554,550,553,554,555,554,552,492,486,416,407,398,388,379,369,359,349,338,331,323,314,302,283,258,240,228,218,207,190,177,170,164,160,157,155,154,152,150,149,147,146,145,143,141,139,137,135,134,133,131,129,129,127,127,127,125,125,125,124,124,124,124,124,123,123,122,122,122,122,122,121,120,120,119,118,117,116,115,114,112,112,113,113,113,113,114,114,114,114,114,115,114,114,114,113,113,113,113,112,112,111,111,111,111,111,112,112,112,112,112,113,113,114,115,115,116,116,116,117,118,118,119,119,121,121,122,123,124,124,125,127,127,127,129,129,129,131,131,131,133,133,135,135,136,137,137,138,138,139,139,139,139,139,140,140,141,141,141,141,140,140,140,140,139,139,140,139,139,139,139,139,139,139,139,139,140,140,140,140,140,140,140,141,141,141,141,141,141,141,141,141,141,141,141,142,142,142,142,142,142,142,142,142,143,142,143,143,143,143,142,142,142,141,141,141,141,141,141,141,140,139,139,139,139,139,139,139,137,137,137,137,137,137,137,135,135,135,135,135,134,134,133,133,133,132,132,131,131,130,130,130,129,129,128,128,127,127,126,126,125,124,124,123,122,121,121,120,119,119,119,118,117,117,117,116,116,115,115,114,114,113,113,113,112,112,112,111,111,110,110,110,110,110,110,110,108,108,108,108,108,108,108,108,108,108,108,108,108,107,107,107,107,107,107,107,107,107,107,107,107,107,107,107,107,107,107,107,107,107,107,107,108,109,109,109,109,109,109,109,109,111,111,111,111,111,111,111,111,111,111,111,111,111,111,111,111,111,111,111,111,111,110,109,109,109,109,109,109,109,109,107,107,107,107,107,107,106,105,105,105,105,105,104,103,103,103,103,102,101,101,101,101,101,101,100,99,99,99,99,98,98,98,97,97,97,96,96,96,95,95,95,94,94,94,94,94,93,93,92,92,92,92,92,92,92,92,92,92,92,92,92,92,93,94,94,95,95,96,96,96,96,96,96,96,96,94,95,96,96,96,98,98,98,100,100,102,103,104,106,107,108,110,110,111,112,113,114,115,115,116,116,115,115,115,114,113,112,109,108,106,101,98,94,45,44,1,1,1,1,1,1,1,1,1,1,1,1,1,1,1,1,1,1,1,1,1,1,1,1,1,1,1,1,1,1,1,1,1,1,1,1,1,1,1,1,1,1,1,1,1,1,1,1,1,1,1,1,1,1,1,1,1,1
syn_f001097-3-Pre,1,1,1,1,1,1,1,1,1,1,1,1,1,1,1,1,1,1,1,1,1,1,1,1,1,1,1,1,1,1,1,1,1,1,1,1,1,1,1,1,1,1,1,1,1,1,1,1,1,1,1,1,1,1,1,1,1,1,1,1,1,1,1,1,1,1,1,1,1,1,1,1,1,1,1,1,1,1,1,1,1,1,1,1,1,1,1,1,1,1,1,1,1,1,1,1,1,1,1,1,1,1,1,1,1,1,1,1,1,1,1,1,1,1,1,1,1,1,10,22,26,30,35,38,40,42,44,46,48,50,51,52,54,54,56,57,58,58,60,60,61,62,62,62,62,63,64,64,64,64,64,64,64,62,62,62,62,63,69,71,71,71,71,71,70,70,70,69,68,68,67,67,66,64,63,62,62,58,54,54,54,54,52,52,52,50,50,48,48,46,46,47,47,47,47,47,47,47,47,48,49,50,51,54,57,60,64,68,71,75,244,265,285,322,335,451,466,505,516,527,540,544,548,550,553,547,560,578,580,581,581,580,579,576,514,495,486,484,481,476,471,465,459,387,378,367,357,347,334,298,280,255,230,217,204,180,171,167,163,160,159,157,157,155,154,154,154,152,152,152,151,150,149,148,146,146,144,143,142,141,140,139,138,137,137,135,135,133,133,132,131,130,129,128,127,127,125,124,123,122,121,119,117,116,114,113,113,113,113,113,114,114,114,115,115,115,115,115,115,113,113,113,113,112,112,111,110,110,110,109,108,108,108,108,107,107,107,107,107,107,107,107,107,106,107,107,108,109,109,111,112,112,114,114,116,117,117,118,119,120,122,122,124,125,126,127,129,129,131,131,131,133,133,134,135,135,135,135,135,135,135,135,135,135,135,135,135,135,135,134,134,133,133,133,133,133,133,133,133,133,133,133,133,133,133,133,134,134,135,135,135,136,137,137,137,137,139,139,139,140,140,141,141,141,142,142,143,143,143,144,145,145,145,145,146,146,146,146,147,147,147,147,147,147,147,147,147,147,147,147,147,147,147,147,147,147,147,147,147,147,147,147,147,147,147,146,146,145,145,145,145,144,144,143,143,143,142,142,141,140,140,140,139,138,138,137,137,136,135,134,133,132,131,130,129,129,127,127,126,125,124,124,122,122,121,120,119,118,118,117,116,115,114,114,113,112,112,112,112,110,110,110,110,110,109,109,109,109,109,109,109,109,108,109,109,109,108,107,107,107,107,107,107,108,108,108,108,108,109,109,109,109,110,110,111,111,112,112,113,114,114,114,114,115,116,116,116,117,117,118,118,119,119,119,119,119,120,120,120,121,121,121,121,121,121,121,120,120,120,119,119,119,119,119,119,118,117,117,117,116,115,115,115,114,113,113,113,112,111,111,110,110,109,109,108,107,107,106,106,105,104,104,104,103,102,102,102,101,100,100,100,99,98,98,98,98,96,96,96,96,96,94,94,94,94,94,93,93,92,92,92,92,92,92,92,92,92,93,94,94,95,95,96,97,96,96,96,96,96,96,96,96,96,96,96,96,97,98,98,100,100,102,102,104,105,106,108,109,110,111,112,113,114,114,115,116,116,116,115,115,115,115,113,112,109,108,105,101,98,93,45,44,1,1,1,1,1,1,1,1,1,1,1,1,1,1,1,1,1,1,1,1,1,1,1,1,1,1,1,1,1,1,1,1,1,1,1,1,1,1,1,1,1,1,1,1,1,1,1,1,1,1,1,1,1,1,1,1
syn_f001109-1-Pre,1,1,1,1,1,1,1,1,1,1,1,1,1,1,1,1,1,1,1,1,1,1,1,1,1,1,1,1,1,1,1,1,1,1,1,1,1,1,1,1,1,1,1,1,1,1,1,1,1,1,1,1,1,1,1,1,1,1,1,1,1,1,1,1,1,1,1,1,1,1,1,1,1,1,1,1,1,1,1,1,1,1,1,1,1,1,1,1,1,1,1,1,1,1,1,1,1,1,1,1,1,1,1,1,1,1,1,1,1,1,1,1,1,1,1,1,1,1,1,1,1,1,1,1,1,1,1,1,13,24,28,32,36,38,41,42,45,47,49,50,52,53,54,55,56,58,59,59,60,61,62,62,63,63,64,64,64,64,64,64,64,64,64,63,63,63,63,65,70,71,72,72,72,72,70,70,70,70,68,68,68,66,66,64,63,62,61,57,54,54,52,52,52,50,50,49,48,48,47,46,46,46,46,46,46,46,46,46,46,46,47,46,47,49,51,54,59,63,233,320,332,342,351,364,415,434,462,481,488,494,503,511,517,520,516,510,511,518,523,528,533,538,550,498,508,505,499,494,489,483,476,454,445,440,436,432,427,412,317,303,289,264,225,210,199,149,148,148,147,146,146,146,146,145,145,144,143,143,143,143,142,142,141,141,140,140,140,140,139,139,139,139,138,138,138,138,138,138,137,137,137,136,135,135,135,133,133,132,131,129,128,126,124,124,123,122,122,123,124,125,125,126,126,126,126,126,126,126,126,127,127,127,127,128,129,129,129,130,129,129,129,129,128,128,128,127,127,127,127,127,127,126,128,129,130,131,132,134,135,136,138,139,141,141,143,143,144,145,146,147,147,148,148,149,150,150,150,150,151,151,151,152,152,152,152,152,152,152,152,152,152,152,151,151,151,151,151,151,151,152,152,152,152,152,153,154,154,154,155,155,156,156,156,156,157,157,158,158,159,159,159,159,159,159,159,159,159,159,159,159,159,159,159,159,159,158,158,158,158,157,157,157,157,156,156,156,156,155,155,155,154,154,154,153,153,152,152,152,152,150,150,150,150,149,148,148,148,146,146,146,145,144,144,143,142,142,141,140,139,139,138,137,137,135,135,135,133,133,132,131,131,129,129,128,127,127,126,125,125,124,123,123,122,122,121,121,120,120,119,119,118,118,118,117,117,117,116,116,116,116,116,116,116,115,114,114,114,114,114,114,114,114,114,113,113,113,112,112,112,112,112,113,113,113,113,113,113,113,114,114,115,115,115,116,117,117,117,117,117,118,119,119,119,119,119,119,120,120,120,120,120,120,120,120,120,120,120,120,120,119,118,118,118,118,118,118,118,118,116,116,116,116,115,114,114,114,114,113,112,112,112,111,110,110,110,109,108,108,108,107,106,106,106,105,105,104,104,103,103,102,102,101,101,101,100,100,99,99,99,98,97,97,97,97,97,96,95,95,95,95,95,95,95,95,95,95,95,95,96,96,97,98,98,98,98,99,98,98,98,98,98,98,98,98,99,100,100,100,102,102,102,104,105,106,108,109,110,112,114,114,115,116,117,118,119,121,121,120,120,120,121,120,118,117,113,109,106,101,95,37,34,1,1,1,1,1,1,1,1,1,1,1,1,1,1,1,1,1,1,1,1,1,1,1,1,1,1,1,1,1,1,1,1,1,1,1,1,1,1,1,1,1,1,1,1,1,1,1,1,1,1,1,1,1,1,1,1,1,1,1,1,1,1,1,1,1,1,1
syn_f001121-2-Pre,1,1,1,1,1,1,1,1,1,1,1,1,1,1,1,1,1,1,1,1,1,1,1,1,1,1,1,1,1,1,1,1,1,1,1,1,1,1,1,1,1,1,1,1,1,1,1,1,1,1,1,1,1,1,1,1,1,1,1,1,1,1,1,1,1,1,1,1,1,1,1,1,1,1,1,1,1,1,1,1,1,1,1,1,1,1,1,1,1,1,1,1,1,1,1,1,1,1,1,1,1,1,1,1,1,1,1,1,1,1,1,1,1,1,1,1,1,1,1,1,1,1,1,1,1,1,1,1,1,1,1,1,1,1,1,1,1,1,1,1,1,4,18,24,27,31,35,37,39,41,43,45,47,48,49,50,51,52,54,54,55,56,56,57,57,57,58,58,59,59,59,58,58,58,58,57,57,57,60,64,65,65,65,65,65,64,64,63,62,62,61,60,59,58,57,55,51,49,49,47,47,47,45,45,43,43,43,43,43,43,43,43,43,43,43,43,43,43,44,44,44,44,44,44,45,47,50,53,56,58,62,66,73,78,85,108,125,136,146,249,345,359,370,381,396,414,430,440,447,457,467,481,492,519,548,549,549,549,548,547,543,506,504,508,508,508,506,324,304,223,207,172,147,143,142,140,140,139,138,138,137,137,136,136,134,133,131,130,128,126,124,122,121,119,118,117,116,116,115,114,114,114,113,113,113,113,113,113,111,111,111,110,109,109,108,107,106,104,104,102,102,102,102,102,102,102,102,103,103,103,103,103,103,102,101,101,101,101,101,101,99,99,99,99,98,97,97,97,96,96,95,94,94,94,92,92,92,91,91,91,91,91,93,93,94,94,94,96,96,96,97,97,98,99,99,99,100,101,102,102,104,104,104,105,106,106,106,107,107,107,108,108,108,108,108,110,110,110,110,110,111,111,112,113,113,115,115,116,117,118,118,119,120,120,122,122,122,123,124,124,125,125,126,126,126,127,127,127,127,127,128,129,129,129,129,129,129,129,129,129,129,128,128,127,127,127,127,127,126,126,126,126,126,126,126,124,124,124,124,124,124,123,123,123,122,122,122,121,121,121,120,120,120,120,119,119,118,118,118,118,118,118,118,118,117,117,116,116,115,114,114,114,112,112,112,110,110,109,108,108,107,106,106,106,104,104,104,104,104,102,102,102,102,102,102,102,102,102,102,102,102,102,102,102,102,102,102,102,102,102,102,101,102,102,102,102,102,102,102,102,102,102,102,103,103,103,104,104,105,105,106,106,106,106,106,106,108,108,108,108,108,108,109,110,110,110,110,110,110,110,110,110,110,110,110,110,110,110,110,110,110,109,109,109,108,108,108,107,106,106,106,106,104,104,104,104,102,102,102,101,100,100,99,99,98,97,97,97,96,95,95,94,93,93,93,91,91,91,91,89,89,89,88,88,87,87,87,86,86,85,85,85,85,85,85,85,85,85,85,85,85,85,85,87,87,87,87,87,87,87,87,87,87,87,87,88,89,89,89,91,91,92,92,94,95,96,97,98,99,100,101,102,103,104,104,106,106,107,107,107,105,105,104,104,102,98,97,95,91,1,1,1,1,1,1,1,1,1,1,1,1,1,1,1,1,1,1,1,1,1,1,1,1,1,1,1,1,1,1,1,1,1,1,1,1,1,1,1,1,1,1,1,1,1,1,1,1,1,1,1,1,1,1,1,1,1,1,1,1,1,1,1,1,1,1,1,1,1,1,1,1,1,1,1,1,1,1,1
syn_f001130-0-Pre,1,1,1,1,1,1,1,1,1,1,1,1,1,1,1,1,1,1,1,1,1,1,1,1,1,1,1,1,1,1,1,1,1,1,1,1,1,1,1,1,1,1,1,1,1,1,1,1,1,1,1,1,1,1,1,1,1,1,1,1,1,1,1,1,1,1,1,1,1,1,1,1,1,1,1,1,1,1,1,1,1,1,1,1,1,1,1,1,1,1,1,1,1,1,1,1,1,1,1,1,1,1,1,1,1,1,1,1,1,1,1,1,1,1,1,1,1,1,1,1,1,1,1,1,1,1,1,1,1,1,1,1,1,1,1,1,1,1,1,1,1,1,12,22,26,30,34,37,39,41,43,46,48,48,50,52,52,54,55,56,57,58,58,59,60,60,60,61,62,62,62,62,62,62,62,62,61,61,60,60,64,68,69,70,70,70,69,68,68,68,67,66,66,64,64,62,61,60,59,54,49,49,49,49,48,47,47,47,46,46,46,46,46,46,46,46,46,46,45,45,44,44,44,44,45,45,46,47,49,248,258,269,310,312,320,322,329,359,439,436,437,441,450,462,476,480,484,487,445,447,452,460,469,465,462,458,455,450,445,424,418,414,410,407,403,328,312,300,292,281,269,257,248,216,204,192,174,153,144,141,139,138,137,135,135,133,132,132,130,130,129,128,127,127,125,125,125,124,123,123,123,123,123,123,123,123,122,122,122,122,121,120,120,119,118,117,116,114,113,112,112,112,112,113,113,113,113,113,113,113,113,113,113,112,112,112,112,112,112,112,111,111,111,111,111,111,111,111,111,111,111,111,111,111,112,113,113,113,113,114,115,115,116,116,117,118,118,118,119,119,120,121,122,123,124,126,127,129,130,131,133,134,135,136,137,138,139,141,141,141,143,143,144,145,146,146,146,146,147,147,147,148,148,148,148,147,148,147,147,147,147,147,147,147,147,148,148,148,149,149,149,149,149,150,151,151,151,152,152,152,153,153,154,153,153,153,153,153,153,153,153,153,153,153,153,151,151,151,151,149,149,149,148,148,147,146,146,146,145,144,144,144,143,142,142,142,140,140,140,140,138,138,138,137,136,136,136,134,134,134,132,132,131,131,130,129,129,127,127,127,125,125,125,123,123,123,122,121,121,120,119,119,119,118,117,117,117,115,115,115,115,113,113,113,113,111,111,111,111,110,109,109,109,108,107,107,107,106,106,106,105,105,105,104,104,104,104,102,102,102,102,101,101,101,101,101,101,101,101,101,101,102,102,102,103,103,104,104,104,105,105,106,106,107,107,107,107,108,107,108,108,108,108,108,108,108,108,108,107,106,106,106,106,106,106,106,106,104,104,104,104,104,104,104,102,102,102,102,102,101,100,100,100,100,100,100,98,98,98,98,98,96,96,96,96,95,94,94,94,93,92,92,92,90,90,90,90,89,88,88,87,87,87,87,87,87,87,87,87,87,88,88,88,89,90,90,90,90,90,90,90,90,90,91,92,92,92,94,94,95,97,98,99,101,102,103,105,105,105,107,107,108,108,108,108,107,106,106,105,103,101,99,97,93,41,1,1,1,1,1,1,1,1,1,1,1,1,1,1,1,1,1,1,1,1,1,1,1,1,1,1,1,1,1,1,1,1,1,1,1,1,1,1,1,1,1,1,1,1,1,1,1,1,1,1,1,1,1,1,1,1,1,1,1,1,1,1,1,1,1,1,1,1,1,1,1,1,1,1,1,1,1,1,1,1,1,1,1
syn_f001132-3-Pre,1,1,1,1,1,1,1,1,1,1,1,1,1,1,1,1,1,1,1,1,1,1,1,1,1,1,1,1,1,1,1,1,1,1,1,1,1,1,1,1,1,1,1,1,1,1,1,1,1,1,1,1,1,1,1,1,1,1,1,1,1,1,1,1,1,1,1,1,1,1,1,1,1,1,1,1,1,1,1,1,1,1,1,1,1,1,1,1,1,1,1,1,1,1,1,1,1,1,1,1,1,1,1,1,1,1,1,1,1,1,1,1,1,1,1,1,1,1,1,1,17,24,28,31,35,38,40,42,44,46,48,50,50,52,53,54,55,56,57,58,58,59,60,60,61,61,61,62,62,62,62,62,62,62,61,61,61,61,61,63,68,68,69,69,69,68,68,68,67,66,66,66,65,64,63,61,60,59,59,55,52,51,51,50,49,49,48,47,47,45,44,44,43,44,44,44,44,44,44,44,44,44,46,47,49,53,58,62,66,70,73,77,81,246,260,276,308,322,435,446,458,477,529,544,546,549,552,555,558,562,556,558,569,585,586,586,586,585,583,517,508,487,481,478,474,469,465,459,451,374,364,347,328,313,297,280,240,225,202,176,169,164,161,157,156,155,154,152,152,151,151,150,150,150,148,148,147,146,146,144,143,142,140,140,138,138,136,135,135,133,133,132,131,130,130,128,128,126,126,124,124,122,122,120,119,118,116,114,112,110,109,107,106,105,106,107,107,108,109,110,110,110,110,111,111,111,111,111,111,110,110,109,108,108,107,107,106,105,105,104,104,103,103,103,102,102,102,103,103,103,104,104,106,106,106,108,108,110,110,112,112,114,114,115,117,117,119,119,121,121,122,123,123,124,125,126,126,126,127,128,128,128,129,129,129,129,129,129,129,129,129,129,129,129,129,129,129,129,129,129,129,129,129,130,130,130,130,131,131,132,132,132,133,134,134,134,135,136,136,136,136,136,136,137,137,137,137,137,138,138,138,138,138,138,138,138,138,137,137,137,137,137,137,137,137,137,137,137,137,136,136,135,135,135,135,135,135,135,134,134,133,133,133,133,132,132,132,131,131,131,130,130,130,129,129,129,129,129,128,128,128,127,127,127,126,126,126,124,124,124,123,123,123,121,121,121,120,119,119,119,118,117,117,117,115,115,115,114,114,113,113,112,111,111,110,109,109,109,109,109,109,109,108,108,108,108,108,108,108,108,108,108,108,108,108,107,107,107,107,107,107,107,107,108,108,108,108,108,108,110,110,110,111,111,112,112,113,113,114,114,115,116,116,117,118,118,118,119,119,120,120,120,120,120,120,121,122,122,122,122,122,122,122,122,121,121,121,121,121,120,120,120,120,119,119,119,117,117,117,117,115,115,115,115,113,113,113,113,111,111,111,109,109,109,108,107,107,106,105,105,105,104,103,103,103,102,101,101,100,100,99,99,98,98,97,97,96,96,95,94,94,94,93,92,92,92,92,92,92,92,92,91,91,91,92,92,92,92,92,92,93,93,94,94,94,95,95,95,95,95,95,95,96,97,97,98,98,99,99,100,101,102,103,104,104,105,106,107,108,109,110,111,112,112,113,113,113,113,113,114,113,113,111,109,109,107,104,100,98,45,42,1,1,1,1,1,1,1,1,1,1,1,1,1,1,1,1,1,1,1,1,1,1,1,1,1,1,1,1,1,1,1,1,1,1,1,1,1,1,1,1,1,1,1,1,1,1,1,1,1,1,1,1,1,1,1,1,1
syn_f001149-0-Pre,1,1,1,1,1,1,1,1,1,1,1,1,1,1,1,1,1,1,1,1,1,1,1,1,1,1,1,1,1,1,1,1,1,1,1,1,1,1,1,1,1,1,1,1,1,1,1,1,1,1,1,1,1,1,1,1,1,1,1,1,1,1,1,1,1,1,1,1,1,1,1,1,1,1,1,1,1,1,1,1,1,1,1,1,1,1,1,1,1,1,1,1,1,1,1,1,1,1,1,1,1,1,1,1,1,1,1,1,1,1,1,1,1,1,1,1,1,1,9,22,26,30,34,37,40,42,44,46,48,50,51,52,54,54,56,57,58,59,60,60,61,62,62,63,63,64,64,64,64,64,64,64,64,63,63,63,63,65,69,72,72,72,72,72,71,71,71,70,69,69,69,68,67,66,65,64,63,61,60,56,55,54,53,53,53,51,51,51,50,50,49,49,49,48,48,48,48,48,48,48,49,50,50,51,52,52,53,55,57,59,62,66,69,73,77,86,261,279,304,322,331,339,349,359,372,399,424,433,471,479,487,491,494,490,485,488,497,505,511,515,518,521,451,450,449,448,445,443,447,450,452,455,445,438,434,430,424,417,359,358,356,354,208,158,154,151,148,146,145,143,142,141,139,137,137,135,134,133,132,131,131,130,129,129,129,129,129,128,128,128,128,128,128,128,128,128,128,128,128,127,127,127,127,127,126,126,125,124,124,122,122,122,122,121,121,121,121,121,121,121,121,121,121,121,120,120,120,120,120,120,120,120,121,121,121,122,122,122,122,123,123,124,125,125,126,127,128,129,130,130,131,132,133,133,135,135,136,137,137,138,139,139,140,141,142,143,144,144,145,146,146,148,148,148,150,150,150,150,151,151,152,152,153,153,153,153,153,153,153,153,153,153,153,153,153,153,153,153,153,153,153,154,155,155,155,155,155,155,155,155,155,155,155,155,157,157,157,157,157,157,157,157,157,157,157,157,157,157,157,157,157,157,156,156,156,156,156,156,155,155,154,154,154,153,153,153,153,152,152,151,151,151,151,151,151,149,149,149,149,149,148,147,147,147,147,147,147,145,145,145,145,145,144,143,143,143,143,142,141,141,141,140,139,139,139,138,137,137,137,136,135,135,134,134,132,132,132,132,130,130,129,128,128,126,126,126,126,124,124,124,124,124,123,122,122,122,122,122,122,121,121,120,120,120,120,120,120,120,119,119,119,118,118,118,118,118,118,117,117,117,116,116,116,116,116,116,116,116,116,116,116,116,116,116,116,116,118,118,118,118,118,118,118,119,120,120,120,120,120,120,120,120,120,120,120,120,120,120,120,120,120,120,120,120,120,119,119,118,118,118,118,117,117,117,117,117,116,116,116,115,115,115,115,114,114,113,113,113,112,112,112,111,111,111,110,110,110,109,109,108,108,108,108,107,106,106,106,106,105,105,104,104,104,104,103,102,102,102,102,101,101,100,100,100,100,99,98,99,99,99,98,98,98,98,97,97,97,98,98,98,98,98,99,99,99,99,99,99,99,99,99,99,99,101,101,101,103,103,105,105,106,107,108,109,110,111,112,113,114,115,116,117,117,118,118,118,118,118,117,117,116,115,114,113,111,108,105,103,52,51,48,47,1,1,1,1,1,1,1,1,1,1,1,1,1,1,1,1,1,1,1,1,1,1,1,1,1,1,1,1,1,1,1,1,1,1,1,1,1,1,1,1,1,1,1,1,1,1,1,1,1,1,1,1,1,1,1,1
syn_f001155-3-Pre,1,1,1,1,1,1,1,1,1,1,1,1,1,1,1,1,1,1,1,1,1,1,1,1,1,1,1,1,1,1,1,1,1,1,1,1,1,1,1,1,1,1,1,1,1,1,1,1,1,1,1,1,1,1,1,1,1,1,1,1,1,1,1,1,1,1,1,1,1,1,1,1,1,1,1,1,1,1,1,1,1,1,1,1,1,1,1,1,1,1,1,1,1,1,1,1,1,1,1,1,1,1,1,1,1,1,1,1,1,1,1,1,1,1,1,1,1,1,1,1,1,1,1,1,1,1,1,1,1,17,24,28,32,36,38,40,42,44,46,48,50,51,53,53,55,57,57,59,59,60,61,61,62,63,63,63,63,63,64,64,64,64,64,64,63,63,63,62,63,65,68,70,71,71,71,71,71,71,70,69,69,69,67,67,66,65,64,62,62,58,57,56,52,52,52,51,50,50,50,48,48,47,47,46,46,46,46,46,45,45,45,45,46,45,46,49,51,56,61,66,70,72,76,180,192,206,218,230,290,305,318,351,362,375,394,407,418,425,433,441,451,461,472,481,490,505,524,528,531,534,539,543,546,554,539,549,557,557,556,555,486,481,452,449,441,424,369,265,152,150,147,146,144,144,143,143,143,143,143,142,141,141,139,139,139,138,137,137,137,136,136,136,136,135,134,134,134,134,134,132,132,132,131,131,131,130,130,128,128,127,126,125,125,123,121,119,119,118,117,115,115,116,116,118,118,118,118,118,118,118,118,118,118,118,118,118,118,118,118,118,117,116,116,114,113,113,113,112,112,113,114,115,117,119,121,123,125,125,127,129,131,132,133,134,136,136,137,138,139,139,141,141,141,142,142,143,144,144,144,144,145,145,145,145,145,145,145,144,144,144,144,144,144,144,144,144,144,144,144,144,144,145,145,145,145,146,146,146,147,147,148,149,149,150,151,151,152,153,153,154,155,155,156,156,157,157,157,158,158,158,160,160,160,160,161,161,161,162,161,161,161,161,161,161,161,160,160,160,160,160,160,160,160,160,159,158,158,158,157,157,156,156,156,155,155,155,154,154,153,153,153,152,151,151,151,151,149,149,148,147,145,145,143,143,141,141,139,139,138,137,136,135,134,133,133,131,131,129,129,128,127,127,125,125,125,124,123,123,123,122,121,121,121,121,121,120,120,120,119,119,119,119,119,119,119,118,118,118,118,118,118,118,118,116,116,116,116,116,116,116,117,117,117,118,118,119,119,119,121,121,121,121,123,123,123,123,123,125,125,125,125,125,125,126,127,127,127,127,127,127,127,127,127,127,127,127,127,127,127,126,125,125,125,125,125,125,124,123,123,123,123,122,121,121,121,119,119,119,118,118,117,117,116,115,115,114,113,113,112,111,111,110,109,109,109,108,107,107,106,105,105,105,104,103,103,103,102,102,101,101,100,100,100,99,99,98,98,98,98,96,96,96,96,96,96,96,96,96,96,98,98,99,99,100,101,101,101,101,101,101,101,101,101,101,103,103,103,104,105,105,105,107,107,109,110,111,113,114,115,116,116,117,118,118,120,120,121,121,121,121,121,121,120,120,119,117,114,113,111,103,46,1,1,1,1,1,1,1,1,1,1,1,1,1,1,1,1,1,1,1,1,1,1,1,1,1,1,1,1,1,1,1,1,1,1,1,1,1,1,1,1,1,1,1,1,1,1,1,1,1,1,1,1,1,1,1,1,1,1,1,1,1,1,1,1,1,1,1
syn_f001172-0-Pre,1,1,1,1,1,1,1,1,1,1,1,1,1,1,1,1,1,1,1,1,1,1,1,1,1,1,1,1,1,1,1,1,1,1,1,1,1,1,1,1,1,1,1,1,1,1,1,1,1,1,1,1,1,1,1,1,1,1,1,1,1,1,1,1,1,1,1,1,1,1,1,1,1,1,1,1,1,1,1,1,1,1,1,1,1,1,1,1,1,1,1,1,1,1,1,1,1,1,1,1,1,1,1,1,1,1,1,1,1,1,1,1,1,1,1,1,1,1,1,1,1,1,1,1,1,1,1,1,1,1,1,1,1,8,19,25,29,33,37,39,41,43,45,46,48,49,50,52,52,54,54,56,56,56,58,58,58,59,60,60,60,60,60,60,60,60,60,60,58,58,58,63,66,67,67,67,67,66,65,65,64,63,63,63,62,61,60,58,57,56,52,50,50,49,48,48,47,46,46,45,44,43,42,42,42,41,41,41,40,40,40,40,39,39,39,41,45,56,62,259,272,287,327,355,470,478,488,513,515,512,513,518,538,554,554,554,553,551,549,487,474,457,454,452,447,443,439,432,357,345,334,323,302,285,274,264,251,220,194,184,176,160,149,144,141,138,137,135,134,132,131,129,128,126,125,124,122,122,120,120,119,118,118,118,118,117,117,117,117,117,117,117,117,117,117,117,116,116,115,115,115,115,114,113,113,113,112,111,110,108,108,108,108,107,107,108,109,110,111,112,112,112,112,112,112,112,112,112,112,111,111,110,110,111,111,111,111,111,111,111,111,111,111,111,111,110,110,110,111,111,112,113,113,114,114,116,116,117,119,119,121,123,124,125,126,127,128,128,129,130,130,130,131,131,132,132,132,132,132,132,132,132,132,132,132,133,132,133,133,133,133,133,134,134,134,134,134,134,135,135,135,135,135,137,137,137,137,137,137,138,138,138,138,139,139,140,140,139,140,139,139,139,139,139,139,139,139,139,139,139,139,139,137,137,137,137,137,137,136,136,135,135,135,134,134,133,133,133,132,131,131,131,131,130,129,129,129,128,127,127,126,125,125,125,124,123,123,122,121,120,120,119,118,118,117,116,116,114,114,114,112,112,111,111,110,110,109,108,108,108,107,106,106,106,106,105,104,104,104,104,104,104,104,104,103,102,102,102,102,102,102,102,102,102,102,102,102,102,102,102,103,103,103,104,104,104,103,103,103,103,103,102,102,102,102,102,102,102,102,102,103,103,103,103,103,103,104,104,104,105,105,105,106,106,106,107,107,108,108,108,108,108,108,108,108,109,109,109,109,109,110,109,109,109,108,108,108,108,108,108,108,108,106,106,106,106,106,106,106,105,104,104,104,104,104,104,103,102,102,102,102,101,101,100,100,100,100,100,99,98,98,98,98,98,97,96,96,96,96,96,94,94,94,94,94,93,92,92,92,92,92,91,91,91,90,90,90,90,90,90,90,90,90,90,90,91,91,91,93,93,93,93,93,92,92,92,92,92,92,92,92,93,93,94,95,95,97,97,99,100,101,103,104,105,106,107,107,109,109,111,111,110,110,110,110,109,108,108,106,105,103,101,97,92,46,43,1,1,1,1,1,1,1,1,1,1,1,1,1,1,1,1,1,1,1,1,1,1,1,1,1,1,1,1,1,1,1,1,1,1,1,1,1,1,1,1,1,1,1,1,1,1,1,1,1,1,1,1,1,1,1,1,1,1,1,1,1,1,1,1,1,1,1,1,1,1,1,1
syn_f001175-1-Pre,1,1,1,1,1,1,1,1,1,1,1,1,1,1,1,1,1,1,1,1,1,1,1,1,1,1,1,1,1,1,1,1,1,1,1,1,1,1,1,1,1,1,1,1,1,1,1,1,1,1,1,1,1,1,1,1,1,1,1,1,1,1,1,1,1,1,1,1,1,1,1,1,1,1,1,1,1,1,1,1,1,1,1,1,1,1,1,1,1,1,1,1,1,1,1,10,21,25,29,33,37,39,41,43,45,47,48,50,50,52,54,54,56,56,58,58,59,59,60,61,61,61,62,62,62,62,62,62,62,62,62,62,61,61,61,62,66,69,70,70,70,70,70,69,68,68,67,67,66,66,65,65,63,61,61,60,55,54,54,53,53,52,51,51,49,49,47,46,46,46,46,46,46,46,46,46,46,46,46,45,46,45,45,45,47,51,55,59,62,65,73,83,87,109,120,125,133,139,145,150,157,163,169,175,182,193,276,284,296,316,384,396,415,436,457,469,478,492,506,522,535,544,556,568,585,590,594,598,602,606,615,618,604,614,614,613,613,505,406,381,382,380,165,160,157,154,152,151,149,148,146,145,143,142,140,139,137,135,133,131,130,128,128,126,126,124,124,123,122,121,121,121,120,119,119,119,117,117,117,116,116,114,114,113,114,113,113,113,114,115,115,115,115,115,115,115,115,114,114,114,113,113,113,112,112,112,112,112,111,111,111,111,111,111,110,109,109,109,109,109,108,108,108,108,108,108,107,109,109,112,114,115,117,118,119,121,122,124,124,125,126,126,128,128,128,130,130,130,130,131,132,132,132,133,133,134,134,134,135,135,135,135,135,136,136,136,136,136,136,136,136,136,137,137,137,137,137,137,137,137,138,138,138,139,139,140,140,140,140,140,140,140,140,140,141,141,142,142,142,142,143,143,143,144,144,144,144,144,144,145,145,145,145,145,145,145,145,145,145,145,145,145,145,144,144,144,143,143,143,142,142,142,142,142,141,140,140,140,140,140,139,138,138,138,138,138,137,136,136,136,136,135,135,135,134,134,133,133,133,132,132,131,131,131,130,130,130,129,129,129,128,128,128,128,128,126,126,126,126,126,125,124,124,124,124,124,123,122,122,122,122,121,120,120,120,120,119,119,118,118,117,117,117,117,116,116,115,115,115,115,114,114,114,113,113,112,112,112,111,111,111,111,111,111,111,111,111,111,111,112,112,112,113,113,113,113,113,113,113,113,113,112,112,112,111,111,111,111,111,111,111,111,111,111,111,111,111,111,111,111,112,112,112,112,113,113,113,113,114,114,115,115,115,115,115,117,117,117,117,117,117,117,117,117,117,117,117,117,117,117,117,117,117,116,117,116,116,116,116,116,116,116,116,116,114,114,114,114,114,113,112,112,112,112,112,111,111,110,110,110,110,109,109,108,108,108,108,107,107,107,106,106,106,106,105,105,105,104,104,104,103,103,103,103,103,102,102,101,101,101,101,101,100,100,100,99,99,99,98,98,98,98,98,97,97,97,97,97,97,97,97,97,97,97,97,98,98,98,99,99,99,99,99,99,99,99,99,99,100,100,100,100,100,100,102,102,102,102,104,104,105,106,107,108,109,110,111,113,114,114,115,116,117,117,118,120,120,120,119,118,118,117,116,116,115,113,111,107,103,100,94,43,1,1,1,1,1,1,1,1,1,1,1,1,1,1,1,1,1,1,1,1,1,1,1,1,1,1,1,1,1,1,1,1,1,1,1,1
syn_f001176-1-Pre,1,1,1,1,1,1,1,1,1,1,1,1,1,1,1,1,1,1,1,1,1,1,1,1,1,1,1,1,1,1,1,1,1,1,1,1,1,1,1,1,1,1,1,1,1,1,1,1,1,1,1,1,1,1,1,1,1,1,1,1,1,1,1,1,1,1,1,1,1,1,1,1,1,1,1,1,1,1,1,1,1,1,1,1,1,1,1,1,1,1,1,1,1,1,1,1,1,1,1,1,1,1,1,1,1,1,1,1,1,1,1,1,1,1,1,1,1,1,1,1,1,1,1,1,1,1,1,1,1,8,21,25,29,32,36,38,40,42,44,45,47,48,49,51,51,53,53,55,55,55,57,57,57,57,58,58,58,58,58,58,58,58,58,57,57,57,59,63,64,65,66,65,64,64,64,63,62,62,61,61,59,58,57,55,55,48,47,47,46,45,45,44,43,42,41,41,41,41,41,41,41,41,41,40,40,40,40,40,40,40,40,41,43,45,49,52,55,58,61,65,68,72,76,376,414,433,457,476,505,530,551,566,566,566,564,561,548,536,524,520,522,523,523,522,455,448,371,359,345,332,316,303,268,231,214,202,190,179,168,159,151,146,141,136,133,131,129,127,126,125,124,122,121,119,117,115,113,111,109,107,105,105,103,103,102,101,100,99,99,98,97,97,96,95,95,94,93,93,92,92,92,91,90,90,90,90,88,88,87,87,87,86,85,85,84,84,84,84,84,84,83,83,83,83,84,83,83,83,83,83,83,83,83,83,83,83,83,84,84,84,84,85,85,86,86,86,87,88,88,88,90,90,91,91,92,93,94,94,95,95,97,97,98,100,101,102,103,105,105,107,108,108,109,110,110,111,112,112,113,113,113,115,115,115,116,117,117,117,117,119,119,119,119,120,121,121,121,122,123,123,123,124,125,125,125,126,127,127,128,129,129,130,131,131,132,133,133,133,133,134,135,135,135,135,135,135,135,136,137,137,137,136,136,136,136,136,136,136,136,136,135,135,135,135,134,134,134,134,134,134,133,132,132,132,132,132,132,130,130,130,130,129,128,128,128,128,126,126,126,126,124,124,124,122,122,122,121,120,120,120,118,118,118,117,116,116,116,115,114,114,114,113,112,112,112,111,111,111,110,109,109,109,109,107,107,107,107,107,106,105,105,105,105,105,105,105,105,105,104,104,104,104,104,104,104,104,104,104,104,104,104,102,102,102,102,102,102,102,102,102,102,104,104,104,104,104,104,104,104,105,105,105,105,106,106,107,107,107,107,108,109,109,109,109,109,109,111,111,111,111,111,111,111,111,111,111,111,111,111,111,111,111,111,111,110,110,110,110,109,109,109,109,108,108,107,107,107,107,106,106,105,105,105,104,104,103,103,103,102,102,101,101,100,100,100,100,99,98,98,98,98,98,97,96,96,96,95,94,94,94,93,92,92,92,91,90,90,90,90,88,88,88,88,88,87,86,86,86,86,86,87,87,87,87,87,88,88,89,89,89,89,89,89,89,89,89,90,91,91,92,93,93,95,95,97,97,99,101,101,103,103,104,104,106,106,107,107,107,107,106,106,106,105,104,103,100,98,96,92,89,37,1,1,1,1,1,1,1,1,1,1,1,1,1,1,1,1,1,1,1,1,1,1,1,1,1,1,1,1,1,1,1,1,1,1,1,1,1,1,1,1,1,1,1,1,1,1,1,1,1,1,1,1,1,1,1,1,1,1,1,1,1,1,1,1,1,1,1
syn_f001178-3-Pre,1,1,1,1,1,1,1,1,1,1,1,1,1,1,1,1,1,1,1,1,1,1,1,1,1,1,1,1,1,1,1,1,1,1,1,1,1,1,1,1,1,1,1,1,1,1,1,1,1,1,1,1,1,1,1,1,1,1,1,1,1,1,1,1,1,1,1,1,1,1,1,1,1,1,1,1,1,1,1,1,1,1,1,1,1,1,1,1,1,1,1,1,1,1,1,1,1,1,1,1,1,1,1,1,1,1,1,1,1,1,1,1,1,1,1,1,1,1,1,1,1,1,1,1,1,20,25,29,32,36,39,41,43,45,47,49,51,51,53,54,55,57,57,59,59,60,61,61,63,63,63,63,63,64,65,65,65,65,65,65,65,64,64,63,63,66,71,73,74,74,74,73,73,72,72,72,72,70,70,70,69,68,67,65,65,64,60,57,56,55,54,54,53,53,53,53,51,51,51,51,51,51,51,51,50,51,51,52,53,60,69,75,79,82,84,133,142,196,206,216,227,239,284,302,315,325,334,388,402,414,425,435,443,451,458,464,470,476,483,490,496,503,510,517,529,540,550,562,566,570,574,576,582,586,568,576,585,585,585,585,501,493,468,436,412,358,240,231,154,152,152,151,151,151,151,151,150,150,150,149,149,149,149,149,149,148,148,148,148,148,148,148,147,147,147,146,146,146,146,146,145,145,144,143,143,142,142,140,140,140,139,138,136,135,133,132,131,129,128,129,129,130,132,132,132,132,132,130,130,130,130,130,130,131,132,132,132,132,132,132,132,132,131,130,130,130,129,129,130,130,131,130,132,132,133,134,135,135,137,137,139,140,142,143,144,146,146,148,149,149,150,151,152,152,153,153,154,154,154,154,154,154,154,154,154,154,154,153,153,153,153,153,152,151,151,151,151,151,151,151,151,152,152,152,152,152,153,153,154,154,155,156,156,156,157,158,158,159,160,160,160,161,162,162,162,162,162,163,164,164,164,164,165,165,166,165,165,165,164,164,164,164,164,164,164,164,164,164,164,163,162,162,162,162,162,162,161,160,160,160,160,159,159,158,158,158,157,156,156,156,156,155,154,154,154,154,152,152,152,150,150,150,148,148,148,146,146,145,144,143,142,141,140,139,137,137,135,135,133,133,131,131,129,129,128,127,127,126,125,125,124,124,123,123,122,122,122,122,122,121,121,121,121,121,121,121,121,121,121,121,120,120,119,119,119,119,119,119,119,119,119,119,119,119,120,120,120,122,122,122,122,124,124,124,125,126,126,126,126,128,128,128,128,128,130,130,130,130,130,130,130,131,131,131,131,131,130,130,130,130,130,130,129,129,129,129,129,128,128,127,127,126,125,125,125,124,123,123,123,122,121,121,121,119,119,119,117,117,117,115,115,115,113,113,113,113,111,111,111,109,109,109,109,107,107,107,106,106,105,105,104,104,104,103,103,102,102,102,102,102,101,101,101,101,101,101,101,101,101,101,103,103,103,104,104,106,106,106,106,106,106,106,106,106,106,106,106,107,108,108,108,109,110,110,111,111,113,113,114,115,116,117,118,119,120,121,121,123,123,123,122,122,122,122,121,119,118,115,111,108,104,100,43,1,1,1,1,1,1,1,1,1,1,1,1,1,1,1,1,1,1,1,1,1,1,1,1,1,1,1,1,1,1,1,1,1,1,1,1,1,1,1,1,1,1,1,1,1,1,1,1,1,1,1,1,1,1,1,1,1,1,1,1,1,1,1,1,1
syn_f001180-0-Pre,1,1,1,1,1,1,1,1,1,1,1,1,1,1,1,1,1,1,1,1,1,1,1,1,1,1,1,1,1,1,1,1,1,1,1,1,1,1,1,1,1,1,1,1,1,1,1,1,1,1,1,1,1,1,1,1,1,1,1,1,1,1,1,1,1,1,1,1,1,1,1,1,1,1,1,1,1,1,1,1,1,1,1,1,1,1,1,1,1,1,1,1,1,1,1,1,1,1,1,1,1,1,1,1,1,1,1,1,1,1,1,1,1,1,1,1,1,1,1,1,1,1,1,1,1,1,9,19,25,29,33,36,38,40,42,44,46,47,48,50,50,52,52,54,54,56,56,56,58,58,58,59,60,60,60,60,60,60,60,60,60,59,58,58,59,64,66,67,67,67,67,67,66,65,65,65,63,63,63,61,59,59,58,57,51,49,48,48,47,47,46,46,45,44,44,43,43,43,43,43,43,42,42,42,41,41,41,41,41,41,41,43,46,50,53,91,97,134,142,150,159,168,175,181,189,197,270,281,292,305,362,377,405,414,423,432,443,455,466,482,504,517,520,521,525,528,531,531,519,526,536,542,459,450,400,393,387,377,365,168,157,150,145,142,140,138,136,134,133,131,129,127,125,123,121,119,117,116,115,113,113,112,111,110,109,108,108,108,107,106,106,105,104,104,104,104,103,103,103,102,102,102,101,101,101,100,100,98,98,98,98,98,99,99,99,99,99,99,99,99,99,99,98,97,97,97,97,96,96,95,95,95,95,95,96,96,96,98,98,98,98,99,100,100,101,101,101,102,102,102,103,103,103,104,104,105,106,107,108,109,110,112,114,114,116,116,117,118,119,120,120,121,122,122,122,124,124,124,124,126,126,126,126,128,128,128,128,129,130,131,131,132,133,133,134,135,135,135,135,137,137,137,137,137,138,138,139,139,139,140,140,140,140,140,140,140,140,140,140,140,140,140,140,139,139,138,138,138,138,138,136,136,136,136,135,134,134,134,133,133,132,132,132,132,131,131,131,130,130,130,130,129,129,129,129,128,128,128,128,127,127,127,127,126,126,126,126,126,126,125,125,124,124,124,123,123,122,122,122,121,121,120,119,119,119,117,117,117,117,116,115,115,114,114,113,112,112,112,111,111,110,109,109,109,109,108,107,107,107,107,107,106,106,105,105,105,105,105,105,105,104,104,104,104,104,105,105,105,105,105,105,104,104,104,104,104,104,104,104,104,104,103,103,103,103,103,103,103,103,103,103,104,103,103,104,104,104,104,104,104,104,104,104,105,105,105,105,105,104,105,104,104,104,103,104,103,103,103,103,103,103,101,101,101,101,101,101,101,100,99,99,99,99,99,99,97,97,97,97,97,97,96,95,95,95,95,95,94,93,93,93,93,93,92,92,92,91,91,91,90,90,90,90,90,89,89,88,88,88,88,88,86,86,86,86,86,86,85,84,84,84,84,84,84,84,84,85,85,85,86,86,86,87,88,88,89,89,90,90,90,90,90,90,90,91,91,92,92,92,94,94,95,96,96,97,98,98,99,101,102,103,104,105,106,107,107,109,109,109,109,109,109,109,109,108,107,105,104,103,101,99,96,46,44,1,1,1,1,1,1,1,1,1,1,1,1,1,1,1,1,1,1,1,1,1,1,1,1,1,1,1,1,1,1,1,1,1,1,1,1,1,1,1,1,1,1,1,1,1,1,1,1,1,1,1,1,1,1,1,1,1,1,1,1,1,1,1,1
syn_f001180-2-Pre,1,1,1,1,1,1,1,1,1,1,1,1,1,1,1,1,1,1,1,1,1,1,1,1,1,1,1,1,1,1,1,1,1,1,1,1,1,1,1,1,1,1,1,1,1,1,1,1,1,1,1,1,1,1,1,1,1,1,1,1,1,1,1,1,1,1,1,1,1,1,1,1,1,1,1,1,1,1,1,1,1,1,1,1,1,1,1,1,1,1,1,1,1,1,1,1,1,1,1,1,1,1,1,1,1,1,1,1,1,1,1,1,1,1,1,1,1,1,1,1,1,1,1,1,1,1,9,19,25,29,33,36,38,40,42,44,46,47,48,50,50,52,52,54,54,56,56,56,58,58,58,59,60,60,60,60,60,60,60,60,60,59,58,58,59,64,66,67,67,67,67,67,66,65,65,65,63,63,63,61,59,59,58,57,52,49,48,48,47,47,47,46,45,44,44,43,43,43,43,43,43,43,42,42,42,42,41,41,42,44,45,48,52,56,59,102,108,151,274,291,320,328,338,356,434,472,478,485,491,496,502,512,507,499,502,508,513,519,524,537,487,483,478,473,468,462,454,430,390,386,382,377,372,270,255,203,188,177,168,161,156,152,149,147,145,145,143,143,142,141,140,139,137,136,135,133,131,129,128,127,126,125,124,122,122,120,119,118,117,116,115,113,113,111,111,110,110,108,108,108,106,106,106,104,104,102,102,101,101,100,100,100,100,100,100,101,101,99,99,99,99,99,99,97,97,97,96,95,95,94,93,93,93,92,92,92,92,92,92,92,93,93,93,93,93,94,94,94,94,95,95,97,97,97,98,100,100,102,104,106,107,108,110,110,112,113,114,115,116,117,117,118,118,119,120,120,120,122,122,122,122,122,124,124,124,124,125,126,126,127,128,128,129,129,130,131,131,131,131,133,133,133,133,135,135,135,136,136,136,137,138,138,138,140,140,140,140,140,140,140,140,140,140,140,140,140,140,140,140,140,140,140,140,140,139,138,138,138,138,138,138,138,138,137,137,137,137,137,136,136,136,136,136,136,136,136,136,135,135,135,135,135,134,134,134,134,134,134,133,133,132,132,132,131,131,131,130,130,130,129,129,128,127,127,126,125,125,123,123,123,122,121,120,120,118,118,117,116,116,115,114,113,113,112,111,111,110,109,109,109,108,107,107,107,106,106,105,105,105,105,105,105,104,104,104,104,105,105,105,105,105,104,104,104,104,104,104,104,104,104,104,104,104,105,105,105,105,105,106,106,106,107,107,107,107,108,108,108,108,108,109,109,109,109,110,110,110,110,110,110,110,110,110,110,110,110,109,109,109,109,109,109,109,108,108,107,107,107,107,106,105,105,105,105,104,103,103,103,102,101,101,101,100,99,99,99,98,97,97,97,96,96,95,95,94,94,94,94,93,92,92,92,92,91,90,90,90,90,89,88,88,88,88,88,86,86,86,86,86,85,84,84,84,84,85,85,85,85,85,86,86,86,88,88,88,89,89,90,90,90,90,90,90,90,91,91,91,92,92,94,94,95,96,96,97,97,98,99,100,102,103,104,105,105,107,107,107,109,109,109,109,109,109,109,108,108,106,104,103,101,100,98,94,45,43,1,1,1,1,1,1,1,1,1,1,1,1,1,1,1,1,1,1,1,1,1,1,1,1,1,1,1,1,1,1,1,1,1,1,1,1,1,1,1,1,1,1,1,1,1,1,1,1,1,1,1,1,1,1,1,1,1,1,1,1,1,1,1
syn_f001181-1-Pre,1,1,1,1,1,1,1,1,1,1,1,1,1,1,1,1,1,1,1,1,1,1,1,1,1,1,1,1,1,1,1,1,1,1,1,1,1,1,1,1,1,1,1,1,1,1,1,1,1,1,1,1,1,1,1,1,1,1,1,1,1,1,1,1,1,1,1,1,1,1,1,1,1,1,1,1,1,1,1,1,1,1,1,1,1,1,1,1,1,1,1,1,1,1,1,1,1,1,1,1,1,1,1,1,1,1,1,1,1,1,1,1,1,1,1,1,1,1,1,1,1,1,1,1,1,1,1,1,1,1,1,1,1,16,23,27,31,35,38,40,42,44,46,48,48,50,52,52,54,55,56,57,57,58,59,59,60,60,60,60,61,61,61,60,60,60,60,60,60,60,61,65,67,68,68,68,67,66,66,66,65,64,64,63,62,62,60,58,58,56,53,53,53,53,52,52,51,51,49,49,47,45,43,43,42,41,40,40,40,40,38,38,38,38,39,41,46,50,55,59,72,83,94,111,138,150,158,167,266,280,296,374,388,401,412,423,432,440,449,460,471,483,492,511,531,538,544,549,557,565,575,561,553,555,556,555,554,421,362,355,173,160,153,147,141,137,135,133,132,131,129,129,127,127,125,124,122,120,119,117,116,115,113,112,111,110,108,108,106,105,104,104,102,102,101,100,100,99,98,98,96,94,94,93,94,94,94,94,94,94,94,93,92,92,92,92,92,90,90,90,90,90,88,88,88,88,88,88,88,88,88,88,88,88,88,88,88,88,88,88,87,87,87,86,86,87,88,88,89,89,91,91,93,94,94,96,96,98,100,100,102,102,104,104,105,106,107,107,108,108,109,110,110,110,112,112,112,113,113,114,114,115,116,117,117,117,118,118,119,120,120,121,122,122,123,124,125,125,126,127,128,129,130,131,131,132,133,134,134,135,136,136,138,138,139,140,140,140,140,141,142,142,142,142,143,144,144,144,144,144,144,144,144,144,144,144,142,142,142,142,142,142,142,141,140,140,140,140,139,139,138,138,138,137,137,136,136,136,135,135,134,134,134,133,132,132,132,130,130,128,128,126,125,124,123,123,122,121,121,120,119,119,119,119,119,118,117,117,117,117,117,116,116,116,115,114,114,114,114,113,112,112,111,111,111,109,109,109,109,107,107,107,107,107,107,107,106,105,105,105,105,105,105,105,105,105,105,104,104,104,104,104,104,103,103,103,104,103,104,104,104,104,104,104,105,106,106,106,106,106,106,107,107,107,108,108,108,108,109,109,109,110,110,110,110,110,110,110,110,110,110,110,110,110,110,110,110,110,110,110,110,110,110,109,109,109,109,108,108,108,108,107,107,107,106,106,106,105,105,104,104,104,104,103,102,102,102,102,101,100,100,100,99,99,98,98,97,97,96,96,95,95,94,94,94,93,92,92,91,91,90,90,89,88,88,88,88,87,87,87,87,86,86,87,87,87,87,87,87,87,87,87,87,87,87,87,87,87,87,87,88,88,89,90,90,90,91,92,94,94,96,96,98,98,100,100,101,101,102,103,103,103,103,102,102,103,103,102,102,100,97,95,94,91,87,83,1,1,1,1,1,1,1,1,1,1,1,1,1,1,1,1,1,1,1,1,1,1,1,1,1,1,1,1,1,1,1,1,1,1,1,1,1,1,1,1,1,1,1,1,1,1,1,1,1,1,1,1,1,1,1,1,1,1,1,1,1,1,1,1,1,1,1,1,1,1,1,1
syn_f001197-3-Pre,1,1,1,1,1,1,1,1,1,1,1,1,1,1,1,1,1,1,1,1,1,1,1,1,1,1,1,1,1,1,1,1,1,1,1,1,1,1,1,1,1,1,1,1,1,1,1,1,1,1,1,1,1,1,1,1,1,1,1,1,1,1,1,1,1,1,1,1,1,1,1,1,1,1,1,1,1,1,1,1,1,1,1,1,1,1,1,1,1,1,1,1,1,1,1,1,1,1,1,1,1,1,1,1,1,1,1,1,1,1,1,1,1,1,1,1,1,1,1,1,1,1,1,1,1,1,1,1,1,1,1,1,1,1,1,1,1,1,1,17,24,27,31,35,37,39,42,44,46,47,48,50,50,52,53,54,54,56,56,56,58,58,58,58,58,58,58,58,58,58,58,58,58,57,57,59,63,64,64,64,64,64,63,62,62,61,61,60,59,58,56,55,54,53,50,48,48,48,46,46,46,44,44,44,42,40,40,39,38,38,38,38,38,39,39,40,41,43,47,51,53,56,58,61,65,73,79,100,113,126,134,142,150,159,173,250,262,276,288,298,306,316,326,373,393,404,413,422,432,450,469,472,475,478,481,484,486,475,477,481,486,488,392,331,327,326,331,335,340,347,347,345,345,345,343,136,134,134,133,133,131,131,130,129,128,127,126,124,124,122,122,120,120,119,119,119,117,117,116,115,114,114,112,112,110,110,108,107,107,105,103,101,101,99,97,95,94,93,92,92,92,92,91,90,91,91,91,91,91,91,91,91,91,91,90,90,90,90,90,89,88,88,87,87,87,88,86,87,86,86,86,86,86,86,87,87,88,89,89,89,90,90,91,92,92,92,94,94,96,97,99,101,102,103,105,105,107,109,109,111,111,113,113,113,115,115,115,116,116,118,118,118,118,118,119,120,120,120,120,120,120,121,121,121,121,122,122,122,122,122,122,122,123,124,124,125,126,126,127,128,128,129,130,130,130,131,132,132,132,133,134,134,134,134,135,136,136,136,136,136,136,136,137,137,137,137,137,137,137,137,137,137,138,138,138,138,137,137,137,137,136,136,136,136,136,136,136,135,134,134,134,134,132,132,132,132,131,130,129,127,127,125,125,123,123,121,121,119,119,117,117,115,115,114,113,111,111,109,109,107,106,105,104,103,102,102,100,100,98,98,98,97,96,96,96,95,95,95,95,95,95,95,95,95,95,95,95,95,95,95,95,95,94,94,95,95,96,96,96,96,97,97,98,98,99,99,99,99,101,101,101,102,102,103,103,104,105,105,105,106,107,107,107,108,108,108,108,109,109,109,109,109,110,109,109,109,109,109,109,109,109,107,107,107,107,107,107,105,105,105,104,104,103,103,103,102,101,101,100,99,99,98,97,97,97,96,95,95,94,94,93,93,92,92,91,91,90,90,89,89,88,88,87,87,86,86,85,85,84,84,83,83,83,83,82,82,82,82,82,82,83,83,84,84,84,84,84,84,85,85,85,85,85,85,86,87,87,88,89,90,90,91,93,93,94,95,97,97,99,100,101,101,101,102,102,103,104,103,102,101,101,101,100,98,97,95,92,90,88,80,39,1,1,1,1,1,1,1,1,1,1,1,1,1,1,1,1,1,1,1,1,1,1,1,1,1,1,1,1,1,1,1,1,1,1,1,1,1,1,1,1,1,1,1,1,1,1,1,1,1,1,1,1,1,1,1,1,1,1,1,1,1,1,1,1,1,1,1,1,1,1,1,1,1,1,1,1,1
syn_f001214-1-Pre,1,1,1,1,1,1,1,1,1,1,1,1,1,1,1,1,1,1,1,1,1,1,1,1,1,1,1,1,1,1,1,1,1,1,1,1,1,1,1,1,1,1,1,1,1,1,1,1,1,1,1,1,1,1,1,1,1,1,1,1,1,1,1,1,1,1,1,1,1,1,1,1,1,1,1,1,1,1,1,1,1,1,1,1,1,1,1,1,1,1,1,1,1,1,1,1,1,1,1,1,1,1,1,1,1,1,1,1,1,1,1,1,1,1,1,1,1,1,1,1,16,23,27,31,35,39,41,43,45,47,49,51,51,53,54,55,56,57,59,59,60,61,61,62,63,63,63,64,65,65,65,65,65,65,65,65,65,64,64,64,64,65,71,72,74,74,73,73,73,72,72,71,71,71,70,69,69,68,66,65,64,64,62,56,55,54,53,53,51,51,50,50,50,49,49,49,49,49,49,49,49,49,49,49,49,48,48,48,49,49,51,59,244,262,267,426,440,465,483,524,528,532,537,543,550,565,575,565,560,559,560,559,557,548,536,537,535,481,477,474,469,412,406,399,392,385,376,367,354,345,335,322,309,299,291,279,267,256,247,209,197,161,157,155,153,152,150,149,148,148,147,146,145,145,144,143,143,143,143,142,142,141,141,141,140,140,140,140,140,140,140,139,139,139,139,139,139,138,138,137,136,136,136,134,133,132,131,130,128,126,125,122,122,123,122,122,122,123,123,124,124,124,125,126,126,126,125,124,124,125,125,126,126,126,126,127,127,127,129,129,129,129,131,131,131,131,132,132,132,133,133,132,132,133,133,133,133,134,134,135,136,138,139,141,142,144,145,146,148,148,150,151,152,152,153,154,154,155,155,155,155,156,156,157,157,157,157,157,157,157,157,156,156,156,156,156,156,155,155,155,154,154,154,154,154,154,154,155,155,155,156,156,156,156,156,156,156,156,157,158,158,158,158,158,158,158,159,159,159,159,159,159,159,159,159,159,159,159,159,159,158,158,158,157,157,157,157,157,157,155,155,155,155,155,155,155,154,154,154,153,152,152,152,152,151,151,151,150,150,149,149,149,149,149,148,147,147,147,147,146,146,146,144,144,142,142,141,140,139,139,137,137,137,135,135,134,133,132,132,130,130,130,130,130,129,128,128,128,128,127,127,127,126,126,125,125,125,125,125,124,123,123,123,123,123,123,123,123,122,122,121,121,121,121,121,121,121,121,121,120,119,119,119,119,119,119,120,120,120,120,121,121,121,122,122,123,123,124,124,125,125,125,125,125,126,126,127,127,127,127,128,128,128,128,128,128,128,128,128,128,128,128,128,128,128,126,126,126,126,126,126,126,126,124,124,124,124,124,122,122,122,122,122,120,120,120,120,119,118,118,118,117,116,116,116,115,115,114,114,114,112,112,112,112,110,110,110,110,109,108,108,108,107,107,106,106,105,105,105,105,104,104,104,103,103,103,102,102,102,102,102,102,102,102,102,102,103,103,104,104,104,104,104,105,105,105,105,105,105,106,107,107,107,107,108,109,109,110,111,113,113,114,115,116,118,119,120,121,122,123,125,126,127,126,126,126,126,125,124,120,120,115,111,106,99,44,1,1,1,1,1,1,1,1,1,1,1,1,1,1,1,1,1,1,1,1,1,1,1,1,1,1,1,1,1,1,1,1,1,1,1,1,1,1,1,1,1,1,1,1,1,1,1,1,1,1,1,1,1,1,1,1,1,1,1,1,1,1
syn_f001215-3-Pre,1,1,1,1,1,1,1,1,1,1,1,1,1,1,1,1,1,1,1,1,1,1,1,1,1,1,1,1,1,1,1,1,1,1,1,1,1,1,1,1,1,1,1,1,1,1,1,1,1,1,1,1,1,1,1,1,1,1,1,1,1,1,1,1,1,1,1,1,1,1,1,1,1,1,1,1,1,1,1,1,1,1,1,1,1,1,1,1,1,1,1,1,1,1,1,1,1,1,1,1,1,1,1,1,1,1,1,1,1,1,1,1,1,1,1,1,1,1,1,1,1,1,1,1,1,1,1,1,1,1,1,1,1,1,1,1,1,14,23,27,31,34,37,39,41,43,45,47,49,49,51,52,53,54,56,56,57,58,58,59,60,60,60,61,61,61,61,61,61,61,61,61,60,60,60,60,62,67,69,69,69,69,69,68,68,67,67,67,65,65,64,64,62,60,60,59,55,51,50,50,49,49,48,47,47,46,46,46,46,46,46,46,46,46,46,46,45,45,45,45,45,46,47,48,51,53,56,60,64,68,73,123,377,391,407,420,429,440,463,474,486,521,525,531,537,555,570,568,565,552,543,546,545,532,524,525,525,473,470,466,461,397,390,381,372,360,348,298,241,229,218,204,185,168,162,157,154,151,149,148,147,146,146,145,145,145,143,143,142,141,140,140,139,138,137,136,135,135,134,133,132,132,130,130,130,128,128,127,126,126,124,124,123,122,122,121,120,119,119,118,118,118,117,117,117,117,117,117,116,116,116,116,116,115,114,114,114,113,113,112,112,111,111,109,109,108,107,106,105,104,104,102,102,101,100,100,99,99,100,100,100,101,101,102,103,103,103,103,104,105,105,106,107,108,109,111,112,113,114,115,116,117,118,118,119,120,120,122,122,122,123,123,124,124,124,124,124,124,124,124,124,124,124,124,124,124,124,124,124,124,124,124,124,124,124,124,124,125,126,126,126,127,128,128,128,129,130,130,130,130,131,131,132,132,132,132,133,133,134,134,134,134,134,134,134,134,134,134,134,134,134,134,134,134,134,134,134,134,134,134,134,134,134,134,134,133,133,133,133,133,132,132,132,131,131,131,131,130,130,129,129,129,128,127,127,126,126,125,125,124,123,122,122,120,120,120,118,118,117,116,115,114,113,113,112,111,110,109,109,108,107,106,105,105,104,104,103,102,102,100,100,100,99,99,99,99,99,99,99,99,99,99,98,97,97,97,97,97,97,97,97,97,97,99,99,99,99,101,101,101,102,103,104,105,105,106,106,107,108,108,109,110,110,111,111,112,113,113,113,113,114,114,115,115,115,115,115,115,115,115,115,115,115,115,115,114,114,114,113,113,112,112,111,111,111,110,109,109,108,107,107,106,105,105,104,103,103,103,101,101,100,99,99,97,97,97,95,95,95,93,93,93,92,91,90,90,89,88,88,86,86,86,86,85,84,84,84,84,84,84,84,84,84,84,84,84,85,85,85,85,85,85,86,86,86,86,86,86,86,86,88,88,88,89,89,90,91,92,92,93,94,95,96,97,98,99,99,101,101,103,104,103,103,103,104,104,104,102,101,96,94,89,85,41,37,1,1,1,1,1,1,1,1,1,1,1,1,1,1,1,1,1,1,1,1,1,1,1,1,1,1,1,1,1,1,1,1,1,1,1,1,1,1,1,1,1,1,1,1,1,1,1,1,1,1,1,1,1,1,1,1,1,1,1,1,1,1,1,1,1,1,1,1,1,1,1,1,1
syn_f001225-2-Pre,1,1,1,1,1,1,1,1,1,1,1,1,1,1,1,1,1,1,1,1,1,1,1,1,1,1,1,1,1,1,1,1,1,1,1,1,1,1,1,1,1,1,1,1,1,1,1,1,1,1,1,1,1,1,1,1,1,1,1,1,1,1,1,1,1,1,1,1,1,1,1,1,1,1,1,1,1,1,1,1,1,1,1,1,1,1,1,1,1,1,1,1,1,1,1,1,1,1,1,1,1,1,1,1,1,1,1,1,1,1,12,22,26,30,34,36,38,40,42,44,46,47,48,50,51,52,53,55,55,55,57,57,57,59,59,59,59,59,59,60,60,60,59,59,59,59,59,59,61,65,66,66,66,66,66,66,66,64,64,64,64,62,62,60,59,58,56,53,49,48,48,47,46,46,46,44,44,44,43,43,43,43,43,44,44,44,44,44,44,44,44,44,44,44,44,46,49,53,57,61,65,73,82,88,96,109,136,156,172,186,199,209,275,289,303,315,326,341,371,381,391,434,443,452,462,473,483,502,521,525,529,534,542,550,552,538,539,543,546,550,554,484,480,477,475,464,379,387,386,385,383,382,381,379,358,149,148,146,146,145,143,143,141,141,139,138,137,135,133,131,129,127,127,125,124,123,122,122,120,120,119,118,118,117,117,115,115,115,114,113,113,112,111,111,110,108,107,105,105,103,103,103,103,102,101,101,101,101,101,101,101,101,101,100,99,99,99,99,100,99,99,99,98,98,98,98,98,98,98,97,97,97,95,95,94,93,93,93,93,93,95,95,97,98,99,101,102,104,105,107,108,110,111,113,115,117,117,119,121,121,123,123,124,125,126,127,127,127,127,128,129,129,129,129,129,129,130,131,131,131,131,131,131,131,131,132,133,133,133,134,134,134,136,136,136,136,138,138,138,139,140,140,140,140,142,142,142,142,144,144,144,145,146,146,146,146,146,146,146,147,147,147,147,147,147,148,148,148,148,147,147,147,146,146,146,146,146,146,146,146,146,145,144,144,144,144,144,143,143,142,142,142,142,141,141,141,141,139,139,139,137,137,137,136,135,135,134,134,133,133,132,131,131,130,129,129,129,128,127,127,127,127,125,125,125,125,125,123,123,123,123,123,122,121,121,121,121,120,119,119,119,118,118,118,117,117,117,116,116,116,115,115,114,114,114,114,114,114,113,113,113,113,112,112,112,112,112,112,112,112,112,111,112,112,111,110,110,110,110,109,109,109,109,109,109,109,109,109,109,109,109,109,109,109,109,109,110,110,111,111,111,112,112,112,113,113,113,114,114,114,114,114,115,116,116,116,116,116,116,116,116,116,116,116,116,116,116,116,116,116,116,116,116,116,115,114,114,114,114,114,114,114,113,113,112,112,112,112,111,111,111,110,109,109,109,108,108,107,107,106,106,106,105,105,104,104,104,103,102,102,102,101,101,100,100,100,100,99,98,98,98,98,97,96,96,96,96,96,94,94,94,94,94,93,92,92,92,92,92,92,92,92,92,92,93,93,93,94,94,94,94,94,94,94,94,94,95,95,95,97,97,97,98,99,99,99,100,101,102,103,104,105,105,107,107,107,108,108,108,108,108,108,107,107,107,107,107,107,106,105,103,102,100,98,95,44,43,1,1,1,1,1,1,1,1,1,1,1,1,1,1,1,1,1,1,1,1,1,1,1,1,1,1,1,1,1,1,1,1,1,1,1,1,1,1,1,1,1,1,1,1,1,1,1,1,1,1,1
syn_f001228-1-Pre,1,1,1,1,1,1,1,1,1,1,1,1,1,1,1,1,1,1,1,1,1,1,1,1,1,1,1,1,1,1,1,1,1,1,1,1,1,1,1,1,1,1,1,1,1,1,1,1,1,1,1,1,1,1,1,1,1,1,1,1,1,1,1,1,1,1,1,1,1,1,1,1,1,1,1,1,1,1,1,1,1,1,1,1,1,1,1,1,1,1,1,1,1,1,1,1,1,1,1,1,1,1,1,1,1,1,1,1,1,1,1,1,1,1,1,1,1,1,1,1,1,1,1,1,1,1,1,1,1,1,17,24,28,32,36,38,40,43,44,46,48,50,50,52,53,54,56,56,57,58,58,60,60,60,61,61,61,61,62,61,61,61,61,61,61,61,61,61,61,67,69,69,69,69,69,68,68,68,67,66,66,65,64,64,62,61,60,59,57,51,51,51,50,50,50,49,49,48,47,46,46,44,43,43,43,42,42,42,42,42,42,42,42,43,44,46,55,63,74,121,148,161,172,183,197,211,228,301,360,378,393,408,425,449,463,473,484,495,506,516,528,549,570,581,588,599,598,598,596,579,572,572,551,553,552,552,470,374,357,334,322,308,272,207,155,150,147,146,146,144,143,142,141,140,139,139,137,136,135,133,132,131,130,128,127,127,125,125,124,124,124,124,124,124,124,122,122,122,122,122,122,122,121,121,120,119,119,119,117,116,115,113,113,111,110,109,109,109,111,111,112,112,112,112,112,114,114,114,114,114,114,114,114,114,115,116,116,116,117,117,117,117,117,117,117,118,118,117,117,117,116,116,116,116,115,116,116,117,119,119,121,122,123,125,127,128,129,130,131,132,133,133,133,134,134,135,135,135,135,136,136,136,136,136,136,136,137,137,137,137,137,137,137,137,137,137,138,138,138,138,138,138,138,138,138,139,139,139,139,139,139,140,140,140,141,141,141,141,141,141,141,141,141,141,142,142,143,143,143,143,142,142,142,142,142,142,142,141,141,141,140,140,140,140,140,140,139,139,138,138,138,138,137,137,136,136,136,136,135,135,134,134,134,134,133,132,132,132,132,130,130,130,130,129,128,128,128,127,126,126,125,125,124,124,123,123,123,123,123,122,122,122,122,121,121,121,120,120,120,119,119,119,118,118,117,117,117,116,116,115,115,115,115,115,115,115,114,113,113,113,113,113,113,113,113,112,112,112,112,112,112,111,111,111,111,111,111,111,111,111,111,111,111,111,111,111,111,112,113,113,113,114,115,115,115,115,115,116,117,117,117,117,117,118,118,119,119,119,119,119,119,119,119,119,119,119,119,119,119,119,118,117,117,117,117,117,117,117,115,115,115,115,115,115,113,113,113,113,113,111,111,111,111,110,109,109,109,109,108,107,107,107,107,107,105,105,105,105,105,104,103,103,103,103,102,102,101,101,101,101,100,100,100,99,99,99,99,99,99,99,98,98,98,97,98,98,98,98,98,99,99,99,99,99,101,101,100,100,100,100,100,100,100,102,102,102,104,104,105,106,107,108,109,111,112,113,113,115,115,116,117,118,118,118,119,119,118,118,118,118,118,117,114,112,110,105,51,51,49,46,1,1,1,1,1,1,1,1,1,1,1,1,1,1,1,1,1,1,1,1,1,1,1,1,1,1,1,1,1,1,1,1,1,1,1,1,1,1,1,1,1,1,1,1,1,1,1,1,1,1,1,1,1,1,1,1,1,1,1,1,1,1,1,1,1,1,1,1
syn_f001236-0-Pre,1,1,1,1,1,1,1,1,1,1,1,1,1,1,1,1,1,1,1,1,1,1,1,1,1,1,1,1,1,1,1,1,1,1,1,1,1,1,1,1,1,1,1,1,1,1,1,1,1,1,1,1,1,1,1,1,1,1,1,1,1,1,1,1,1,1,1,1,1,1,1,1,1,1,1,1,1,1,1,1,1,1,1,1,1,1,1,1,1,1,1,1,1,1,1,1,1,1,1,1,1,1,1,1,1,1,1,1,1,1,1,1,1,1,1,1,1,8,21,26,30,34,37,40,42,44,46,48,50,50,52,53,54,56,56,58,58,60,60,60,62,62,62,62,62,63,64,64,64,64,64,64,63,63,62,62,62,62,68,70,71,71,71,71,71,71,69,69,69,68,67,67,67,65,63,63,61,61,57,54,53,53,52,52,51,51,50,50,48,48,46,45,44,43,43,43,43,43,43,43,43,43,43,43,42,42,43,43,44,44,47,49,52,55,59,68,94,103,113,149,159,167,173,181,189,198,282,344,358,369,384,398,433,447,474,489,501,511,520,539,552,567,575,587,602,603,602,600,594,575,575,571,553,555,441,435,223,208,191,174,157,150,146,142,141,140,138,136,135,134,132,131,129,127,126,124,123,121,119,119,117,116,115,114,113,113,113,113,112,111,111,111,111,111,111,110,109,109,109,109,108,106,105,105,104,104,104,104,104,104,104,104,104,104,104,103,102,102,102,101,100,100,100,99,99,98,98,98,98,98,98,97,97,97,97,97,97,97,97,98,99,99,100,101,101,102,102,104,104,104,104,105,105,105,105,106,106,106,106,107,107,109,109,109,110,111,112,113,113,115,115,115,117,117,118,119,120,120,121,122,122,122,124,124,124,125,126,126,126,126,128,128,128,128,128,128,129,129,130,130,130,130,130,131,131,131,131,131,131,131,131,131,131,132,132,133,133,133,133,133,133,133,133,133,133,133,133,133,133,133,133,133,133,133,133,133,132,131,131,131,131,131,131,129,129,129,129,129,128,127,127,127,127,126,125,125,125,125,124,123,123,123,123,123,122,122,121,121,121,120,120,120,120,120,119,118,118,118,117,117,116,116,116,115,115,114,114,113,113,113,112,111,111,111,111,110,109,109,109,109,108,108,108,108,107,107,107,106,106,106,106,106,106,106,106,105,105,104,104,104,104,104,104,104,104,104,104,104,104,104,104,103,103,103,103,102,102,102,102,102,102,102,102,102,102,102,103,103,103,103,103,103,103,103,104,104,104,104,104,104,104,105,105,106,106,106,106,106,106,106,106,106,106,106,106,106,106,106,106,106,106,106,106,106,105,105,105,105,105,104,104,104,104,104,104,103,103,103,102,102,102,102,102,102,101,100,100,100,100,100,99,99,98,98,98,98,98,97,97,97,96,96,96,96,95,95,95,94,94,94,93,93,93,93,92,92,91,91,91,91,90,90,89,89,89,89,89,88,88,88,87,87,87,87,87,87,88,88,89,89,90,90,91,91,91,91,91,91,91,92,92,92,92,93,94,94,94,96,96,97,98,99,100,101,102,103,104,105,105,106,107,108,109,109,109,111,110,109,109,108,107,107,105,104,104,103,102,101,98,96,48,46,1,1,1,1,1,1,1,1,1,1,1,1,1,1,1,1,1,1,1,1,1,1,1,1,1,1,1,1,1,1,1,1,1,1,1,1,1,1,1,1,1,1,1,1,1,1,1,1,1,1,1,1,1,1,1,1
syn_f001240-0-Pre,1,1,1,1,1,1,1,1,1,1,1,1,1,1,1,1,1,1,1,1,1,1,1,1,1,1,1,1,1,1,1,1,1,1,1,1,1,1,1,1,1,1,1,1,1,1,1,1,1,1,1,1,1,1,1,1,1,1,1,1,1,1,1,1,1,1,1,1,1,1,1,1,1,1,1,1,1,1,1,1,1,1,1,1,1,1,1,1,1,1,1,1,1,1,1,1,1,1,1,1,1,1,1,1,1,1,1,1,1,1,1,1,1,1,1,1,1,1,1,1,1,1,1,1,1,1,1,1,18,25,29,32,36,39,41,43,45,47,49,50,51,53,53,55,57,57,59,59,59,61,61,61,63,63,63,63,63,63,63,63,63,63,63,63,63,63,63,63,66,70,71,71,71,71,71,70,70,69,68,68,68,67,66,65,64,63,62,61,58,54,54,53,52,52,51,51,50,49,47,46,46,46,46,46,46,46,46,45,45,44,44,44,44,45,45,46,47,49,51,55,57,61,64,69,77,82,130,265,279,292,307,320,329,411,422,433,446,459,486,503,507,510,514,516,518,519,511,513,520,529,537,551,551,473,466,461,453,445,439,415,413,408,399,383,257,245,225,194,173,149,143,139,136,135,133,131,130,129,127,125,124,122,122,120,120,118,117,117,115,115,115,114,114,113,113,112,112,112,112,112,112,112,112,110,110,110,110,109,109,108,107,106,106,106,106,106,106,106,106,106,106,106,106,106,106,106,106,106,106,106,106,106,106,106,106,106,106,107,106,106,105,105,105,105,106,106,107,107,107,108,108,109,110,110,110,110,111,111,111,111,112,112,113,113,114,114,115,116,116,118,118,119,120,120,122,122,122,124,124,126,126,126,126,127,128,128,128,128,128,129,130,130,130,130,130,130,131,131,131,131,131,132,132,132,133,133,133,133,134,135,135,135,135,135,136,137,137,137,137,138,138,139,139,139,140,140,140,140,140,140,140,140,141,141,142,142,141,141,141,141,141,141,141,141,141,141,141,140,140,139,139,139,138,138,138,137,137,136,136,136,135,134,134,134,134,132,132,132,132,130,130,130,130,128,128,128,128,126,126,126,126,125,124,124,124,123,122,122,121,121,120,119,119,119,117,117,117,116,115,115,115,114,113,113,113,113,112,111,111,111,111,109,109,109,109,109,109,108,108,107,107,107,107,107,107,107,107,107,107,107,107,107,107,107,107,106,106,106,106,106,106,106,106,106,106,107,107,107,107,107,107,107,107,107,107,107,107,109,109,109,109,109,109,109,109,109,109,109,109,109,109,109,109,109,109,109,109,109,109,109,109,109,109,108,108,107,107,107,107,107,107,106,106,105,105,105,105,105,105,103,103,103,103,103,103,103,101,101,101,101,101,101,99,99,99,99,99,99,98,97,97,97,97,97,97,95,95,95,95,95,95,94,93,93,93,93,92,92,91,91,91,90,90,90,90,90,89,89,89,89,90,90,91,91,91,91,91,91,91,91,91,91,90,90,90,91,92,92,92,94,94,94,96,97,98,99,101,101,103,104,105,105,106,107,108,108,108,108,106,106,106,105,105,103,100,98,97,96,93,89,40,1,1,1,1,1,1,1,1,1,1,1,1,1,1,1,1,1,1,1,1,1,1,1,1,1,1,1,1,1,1,1,1,1,1,1,1,1,1,1,1,1,1,1,1,1,1,1,1,1,1,1,1,1,1,1,1,1,1,1,1,1,1,1,1,1,1,1
syn_f001251-2-Pre,1,1,1,1,1,1,1,1,1,1,1,1,1,1,1,1,1,1,1,1,1,1,1,1,1,1,1,1,1,1,1,1,1,1,1,1,1,1,1,1,1,1,1,1,1,1,1,1,1,1,1,1,1,1,1,1,1,1,1,1,1,1,1,1,1,1,1,1,1,1,1,1,1,1,1,1,1,1,1,1,1,1,1,1,1,1,1,1,1,1,1,1,1,1,1,1,1,1,1,1,1,1,1,1,1,1,1,1,1,1,1,1,1,1,1,1,1,1,1,1,1,1,1,9,21,25,28,32,35,37,39,41,43,45,45,47,48,49,50,52,52,53,54,54,54,56,56,56,56,56,56,57,57,57,56,56,56,56,55,56,58,61,63,64,64,63,63,62,62,61,60,60,59,59,57,56,55,53,51,49,45,45,44,43,43,43,42,41,40,40,40,41,40,40,40,40,40,40,40,40,40,40,40,40,40,41,43,45,48,51,54,56,60,67,76,93,116,129,139,260,273,394,424,437,451,467,512,532,537,545,552,568,580,574,563,562,562,561,559,543,536,471,467,461,456,450,369,353,287,198,183,172,164,159,155,152,150,147,145,144,142,141,140,139,139,137,136,135,135,134,133,132,130,128,126,125,123,121,120,118,117,115,114,112,112,111,109,109,108,107,106,105,104,103,102,101,100,99,99,97,97,98,98,99,99,100,99,99,99,99,98,98,97,97,96,96,96,96,94,94,94,94,92,92,92,90,90,90,88,88,88,87,87,87,86,86,86,86,85,85,85,85,85,85,84,84,85,85,85,87,86,87,88,89,90,91,92,93,94,95,96,98,99,100,101,102,102,104,104,104,105,106,106,107,107,108,108,108,108,108,110,110,110,110,110,110,110,110,111,111,112,112,113,113,113,114,115,115,115,116,117,117,118,118,119,119,120,121,121,121,122,123,123,123,125,125,125,125,125,125,127,127,127,127,127,127,127,127,129,129,128,128,127,127,127,127,127,127,127,127,127,127,127,127,127,127,127,127,127,125,125,125,125,125,125,125,125,125,125,125,125,125,124,123,123,123,123,123,123,122,121,121,120,120,120,118,118,118,117,116,116,116,116,116,116,114,114,114,114,114,113,112,112,111,110,110,109,109,108,107,107,106,105,105,104,104,103,102,102,102,102,101,100,100,100,100,100,100,99,99,99,99,98,99,99,99,99,99,99,99,99,99,98,97,97,97,97,97,97,97,97,97,97,98,98,98,99,99,99,100,100,100,100,102,102,102,102,102,104,104,104,104,106,106,106,106,107,108,108,108,108,108,108,108,110,110,110,110,110,110,110,110,110,110,110,109,109,109,108,108,108,108,108,108,107,106,106,106,106,106,105,104,104,104,104,103,103,102,101,101,101,100,99,99,99,99,97,97,97,97,95,95,95,95,93,93,93,93,91,91,91,91,89,89,89,89,87,87,87,87,87,85,85,85,85,85,84,84,84,84,84,84,85,85,85,85,86,86,86,86,86,86,86,86,86,85,85,85,85,87,87,87,89,89,89,91,91,93,93,95,96,97,99,100,101,102,103,103,104,105,105,106,106,105,105,104,104,104,103,102,101,98,97,94,91,87,36,1,1,1,1,1,1,1,1,1,1,1,1,1,1,1,1,1,1,1,1,1,1,1,1,1,1,1,1,1,1,1,1,1,1,1,1,1,1,1,1,1,1,1,1,1,1,1,1,1,1,1,1,1,1,1,1,1,1,1,1,1
syn_f001274-0-Pre,1,1,1,1,1,1,1,1,1,1,1,1,1,1,1,1,1,1,1,1,1,1,1,1,1,1,1,1,1,1,1,1,1,1,1,1,1,1,1,1,1,1,1,1,1,1,1,1,1,1,1,1,1,1,1,1,1,1,1,1,1,1,1,1,1,1,1,1,1,1,1,1,1,1,1,1,1,1,1,1,1,1,1,1,1,1,1,1,1,1,1,1,1,1,1,1,1,1,1,1,1,1,1,1,1,1,1,1,1,1,1,1,1,1,1,1,1,1,17,24,28,31,35,39,41,43,45,47,49,49,51,53,53,55,56,57,58,59,59,60,61,61,63,63,63,63,63,63,63,63,63,63,63,63,63,63,63,63,68,70,72,72,72,72,71,70,70,69,69,69,68,67,67,65,64,63,62,61,57,53,52,52,50,50,50,49,48,48,47,46,46,46,46,46,46,46,46,46,46,46,45,45,45,45,45,45,46,47,47,49,51,55,61,238,250,275,321,337,388,392,394,398,401,478,481,482,475,474,475,485,494,504,516,521,524,525,463,463,464,463,463,468,469,476,472,469,465,462,456,448,421,410,404,398,393,384,271,261,247,238,203,157,151,150,148,147,145,143,142,141,140,139,137,137,135,134,134,133,132,132,130,130,130,128,128,128,128,127,127,127,127,127,126,126,126,126,126,126,125,124,124,124,122,122,122,120,120,118,117,116,114,113,113,112,111,111,111,111,112,112,112,112,113,113,113,113,113,113,113,114,114,114,114,114,114,115,115,116,116,117,117,117,117,117,117,117,117,117,117,117,117,117,118,118,118,119,119,120,121,121,121,123,123,123,124,125,126,126,127,128,128,130,130,130,131,132,132,133,133,134,134,134,135,135,135,136,136,136,136,136,136,136,137,137,137,137,137,137,138,138,138,138,138,138,138,138,138,138,138,138,138,138,138,139,139,139,140,140,140,140,140,140,140,140,140,140,140,140,140,140,140,139,139,139,139,139,138,138,138,137,137,137,136,136,136,135,135,135,135,134,133,133,133,133,133,131,131,131,131,131,129,129,129,129,129,127,127,127,127,126,125,125,125,124,124,123,123,123,123,122,121,121,121,121,121,119,119,119,119,118,117,117,116,116,116,116,116,116,114,114,114,114,114,114,114,114,113,113,112,112,112,112,112,112,111,111,111,111,111,111,111,111,111,111,111,111,111,111,111,110,110,110,110,109,109,109,109,108,108,108,108,108,108,108,108,108,108,108,108,108,108,108,108,109,109,109,110,110,110,111,111,111,111,112,112,112,112,112,113,113,114,114,114,114,114,114,114,114,114,114,114,114,114,114,113,113,113,113,113,113,113,113,113,113,111,111,111,111,111,111,111,109,109,109,109,109,109,109,107,107,107,107,107,105,105,105,105,105,103,103,103,103,102,101,101,101,100,99,99,99,98,98,97,97,96,96,95,95,94,94,94,93,92,92,92,91,91,91,91,91,91,91,91,91,91,92,92,92,92,92,92,94,94,94,94,94,94,95,95,95,95,95,96,97,97,98,99,100,100,101,102,103,105,105,107,108,109,111,112,112,114,114,116,116,118,118,118,118,118,119,119,118,117,112,111,109,106,104,100,98,47,46,1,1,1,1,1,1,1,1,1,1,1,1,1,1,1,1,1,1,1,1,1,1,1,1,1,1,1,1,1,1,1,1,1,1,1,1,1,1,1,1,1,1,1,1,1,1,1,1,1,1,1,1,1,1,1,1
syn_f001281-3-Pre,1,1,1,1,1,1,1,1,1,1,1,1,1,1,1,1,1,1,1,1,1,1,1,1,1,1,1,1,1,1,1,1,1,1,1,1,1,1,1,1,1,1,1,1,1,1,1,1,1,1,1,1,1,1,1,1,1,1,1,1,1,1,1,1,1,1,1,1,1,1,1,1,1,1,1,1,1,1,1,1,1,1,1,1,1,1,1,1,1,1,1,1,1,1,1,1,1,1,1,1,1,1,1,1,1,1,1,1,1,1,13,23,27,31,35,38,40,42,44,46,48,50,51,52,53,55,55,57,59,59,59,61,61,62,63,63,63,63,63,65,65,65,65,65,65,65,64,63,63,63,64,69,72,72,73,73,73,72,72,71,71,70,70,69,69,68,67,66,65,63,63,60,56,54,53,52,51,51,51,51,49,49,49,49,49,48,49,48,48,48,48,48,48,49,49,49,49,51,55,61,130,207,217,227,236,245,255,268,362,382,394,405,414,422,432,447,463,474,484,492,499,505,511,518,527,535,543,556,568,579,598,607,613,623,623,622,621,596,598,597,574,575,576,512,507,502,416,399,377,270,160,157,155,153,152,151,151,150,150,150,150,150,148,148,148,148,147,147,147,147,146,145,145,145,144,144,143,142,142,142,141,141,140,139,139,138,137,137,135,135,133,133,132,130,130,128,127,127,125,126,126,126,126,126,128,128,128,129,129,128,128,128,128,128,128,128,127,127,127,127,128,128,128,128,128,128,128,128,128,128,128,129,129,129,129,129,130,130,131,131,132,134,134,136,138,139,140,142,143,145,147,148,149,151,152,154,154,156,156,158,158,160,160,160,161,162,162,163,163,163,163,163,163,164,164,164,164,164,164,164,164,163,162,162,162,162,162,162,161,161,161,161,160,160,160,160,160,160,160,160,160,160,160,161,161,162,162,162,162,163,163,163,164,164,165,165,165,165,165,165,165,166,166,166,167,167,167,167,167,167,167,168,168,168,167,167,167,167,167,167,167,167,167,167,167,166,166,166,166,165,165,165,165,165,165,164,163,163,163,163,163,162,162,162,161,161,160,160,159,159,158,158,158,157,156,156,156,154,154,154,153,152,152,151,151,150,149,149,147,147,146,145,145,143,143,142,141,141,139,139,139,137,137,137,135,135,135,134,133,133,132,131,131,131,129,129,129,127,127,127,127,125,125,125,125,125,125,125,125,125,124,124,124,124,124,124,124,124,123,123,123,124,124,124,124,124,124,125,125,125,125,126,126,126,127,127,128,129,129,130,130,130,131,132,132,132,133,134,134,134,134,134,135,136,136,136,136,136,136,136,136,136,136,136,136,136,136,136,136,136,136,136,135,134,134,134,134,134,134,133,132,132,132,131,130,130,130,129,128,128,128,127,126,126,126,124,124,124,122,122,122,121,120,120,120,119,118,118,118,117,116,116,115,115,114,113,113,113,113,111,111,111,111,111,109,109,109,109,109,107,107,107,107,107,106,105,105,105,105,104,104,104,104,104,104,104,104,105,105,106,106,107,107,107,107,107,107,107,107,107,109,109,109,110,111,112,112,114,114,116,117,118,119,120,122,123,124,126,126,128,129,130,132,132,131,131,131,131,131,130,129,127,125,124,121,116,111,104,1,1,1,1,1,1,1,1,1,1,1,1,1,1,1,1,1,1,1,1,1,1,1,1,1,1,1,1,1,1,1,1,1,1,1,1,1,1,1,1,1,1,1,1,1,1,1,1,1,1
syn_f001285-3-Pre,1,1,1,1,1,1,1,1,1,1,1,1,1,1,1,1,1,1,1,1,1,1,1,1,1,1,1,1,1,1,1,1,1,1,1,1,1,1,1,1,1,1,1,1,1,1,1,1,1,1,1,1,1,1,1,1,1,1,1,1,1,1,1,1,1,1,1,1,1,1,1,1,1,1,1,1,1,1,1,1,1,1,1,1,1,1,1,1,1,1,1,1,1,1,1,1,1,1,1,1,1,1,1,1,1,1,1,1,1,1,1,1,1,1,1,1,1,19,25,29,33,37,39,41,43,45,47,49,50,52,52,54,56,56,58,59,59,60,61,62,62,63,63,63,64,64,64,64,64,64,64,64,63,63,63,63,63,66,69,72,72,72,72,72,71,71,71,70,69,69,69,67,67,66,64,63,62,60,58,54,53,53,53,51,51,50,49,48,48,46,46,46,46,46,46,46,46,46,46,47,47,47,48,48,49,50,51,53,55,59,63,66,70,72,76,80,87,95,140,187,197,208,221,234,298,313,367,380,396,408,421,433,442,451,457,464,471,479,486,494,501,509,515,528,539,555,559,563,566,571,580,585,589,576,578,578,578,577,505,475,464,444,407,397,225,213,165,161,160,157,157,156,155,155,154,154,154,153,153,153,151,151,150,150,150,150,148,148,148,148,148,146,146,146,146,144,144,144,143,142,141,141,141,140,138,138,137,135,134,132,130,128,127,126,125,124,123,122,123,124,124,124,124,124,124,123,123,123,123,123,123,123,123,122,122,121,121,121,121,121,120,120,120,120,119,119,118,118,118,118,118,118,118,118,118,119,119,120,122,123,125,126,128,130,131,133,134,135,137,138,139,139,141,141,142,143,143,145,145,145,146,147,147,147,147,149,149,149,149,149,149,149,149,149,149,149,149,149,149,149,149,148,148,148,148,148,147,147,146,146,146,145,145,145,144,144,144,144,144,144,145,145,146,146,146,146,146,147,148,148,148,148,149,149,149,149,150,150,150,151,151,151,151,151,152,152,152,152,152,152,153,152,153,153,153,153,153,153,153,153,153,153,152,152,152,152,152,152,152,152,152,152,151,151,151,151,150,149,149,149,149,149,148,148,148,146,146,145,144,144,143,143,143,141,141,140,139,139,137,137,135,135,133,133,131,131,129,128,127,126,126,124,124,122,122,121,120,119,119,118,117,117,116,116,116,115,114,114,114,113,113,113,113,112,112,112,112,112,111,111,111,111,111,111,111,111,111,111,111,112,112,113,113,113,113,114,114,114,115,116,117,117,117,119,119,119,119,120,121,121,121,122,122,123,123,124,124,124,124,125,125,125,125,125,124,124,124,124,124,124,124,124,124,124,124,124,124,122,122,122,122,120,120,120,120,119,118,118,118,118,116,116,116,114,114,114,113,112,112,112,111,110,110,109,109,109,108,108,107,107,106,106,105,105,105,104,104,103,103,103,102,101,101,101,101,101,100,99,99,99,99,99,98,98,98,97,97,97,97,97,98,98,99,99,100,100,100,100,100,100,100,100,100,100,100,101,101,102,103,103,104,105,105,107,108,108,110,110,112,112,114,115,116,118,119,120,121,121,120,120,120,119,119,118,116,113,111,109,107,103,97,43,1,1,1,1,1,1,1,1,1,1,1,1,1,1,1,1,1,1,1,1,1,1,1,1,1,1,1,1,1,1,1,1,1,1,1,1,1,1,1,1,1,1,1,1,1,1,1,1,1,1,1,1,1,1,1,1
syn_f001292-2-Pre,1,1,1,1,1,1,1,1,1,1,1,1,1,1,1,1,1,1,1,1,1,1,1,1,1,1,1,1,1,1,1,1,1,1,1,1,1,1,1,1,1,1,1,1,1,1,1,1,1,1,1,1,1,1,1,1,1,1,1,1,1,1,1,1,1,1,1,1,1,1,1,1,1,1,1,1,1,1,1,1,1,1,1,1,1,1,1,1,1,1,1,1,1,1,1,1,1,1,1,1,1,1,1,1,1,1,1,1,1,18,25,29,33,36,39,41,43,45,47,49,50,51,53,53,55,56,57,58,59,60,60,61,62,62,63,63,63,63,63,63,63,63,63,63,63,63,62,62,63,69,71,71,71,71,71,70,69,69,68,68,67,67,66,65,64,62,61,61,58,52,52,50,50,50,48,48,48,47,46,45,45,45,45,45,45,45,45,45,45,45,45,45,45,45,45,45,47,47,51,55,59,271,286,298,382,392,399,404,413,421,426,426,473,477,484,494,509,529,533,536,539,542,490,493,495,504,509,517,513,509,505,499,493,487,476,452,451,446,435,427,419,413,321,307,290,266,193,175,168,164,160,157,155,153,152,150,150,148,147,147,145,145,144,143,142,140,138,137,136,134,133,131,130,129,128,127,126,125,124,123,122,121,120,118,118,116,116,114,114,112,112,110,110,109,108,107,107,106,105,105,104,104,103,103,103,103,103,103,103,103,103,103,103,103,103,103,103,101,101,101,101,101,101,99,99,99,99,99,98,97,97,97,98,98,98,98,99,101,101,103,104,106,108,109,111,111,112,113,114,115,116,117,118,119,120,120,121,122,123,124,125,125,127,127,128,129,130,132,132,132,134,134,134,135,135,136,137,137,137,137,137,137,138,138,138,138,138,138,138,138,139,140,140,140,140,140,140,141,141,141,141,142,143,143,143,143,144,145,145,145,147,147,147,149,149,149,150,151,151,151,151,151,151,151,153,153,153,153,153,153,153,154,154,154,153,153,153,153,153,153,153,153,153,153,152,152,151,151,151,151,151,151,151,151,151,151,151,151,150,150,149,149,149,149,149,149,147,147,147,147,147,145,145,145,145,145,143,143,142,141,141,140,139,139,138,137,137,137,136,135,135,135,135,133,133,133,133,132,131,131,130,130,129,128,128,128,127,126,126,125,124,124,123,122,122,121,120,120,120,119,118,118,116,116,116,116,116,115,115,115,115,115,115,115,115,115,115,115,115,115,115,115,114,114,114,114,114,114,114,114,114,114,114,115,115,115,116,116,116,117,118,118,118,119,120,120,120,121,122,122,122,122,124,124,124,124,125,125,125,125,126,126,126,126,126,126,126,126,127,127,126,126,126,125,125,125,125,125,125,125,125,125,123,123,123,123,122,121,121,121,120,120,119,119,119,117,117,117,116,115,115,114,114,113,113,112,111,111,110,110,110,109,108,108,108,107,106,106,106,106,104,104,104,104,102,102,102,102,101,100,100,100,100,99,99,98,98,98,98,98,98,97,98,97,98,98,98,99,99,100,100,101,101,101,100,100,100,101,101,101,100,101,102,102,103,103,104,105,106,107,108,108,110,111,112,114,116,117,118,119,119,121,121,122,122,123,122,121,121,121,121,120,120,119,118,117,116,109,105,98,45,1,1,1,1,1,1,1,1,1,1,1,1,1,1,1,1,1,1,1,1,1,1,1,1,1,1,1,1,1,1,1,1,1,1,1,1,1,1,1,1,1,1,1,1,1,1,1
syn_f001305-0-Pre,1,1,1,1,1,1,1,1,1,1,1,1,1,1,1,1,1,1,1,1,1,1,1,1,1,1,1,1,1,1,1,1,1,1,1,1,1,1,1,1,1,1,1,1,1,1,1,1,1,1,1,1,1,1,1,1,1,1,1,1,1,1,1,1,1,1,1,1,1,1,1,1,1,1,1,1,1,1,1,1,1,1,1,1,1,1,1,1,1,1,1,1,1,1,1,1,1,1,1,1,1,1,1,1,1,1,1,1,17,22,26,30,34,36,38,40,42,44,46,46,48,49,50,51,52,53,53,54,55,55,56,57,57,57,57,57,57,57,57,57,57,57,57,56,56,57,62,64,64,64,64,64,63,62,62,61,60,60,59,58,57,55,54,53,50,47,45,45,45,45,44,43,43,41,41,40,40,40,40,40,40,40,40,39,39,39,39,39,39,39,39,39,40,42,46,50,54,67,83,95,103,116,127,137,149,161,170,181,265,275,289,301,314,357,370,384,435,447,468,487,491,494,498,502,505,507,496,501,508,524,527,530,453,445,442,434,389,380,373,368,370,374,378,378,375,375,374,138,137,135,133,131,130,128,126,124,122,119,117,114,112,110,109,108,107,105,105,103,103,103,102,102,102,101,101,101,101,99,99,99,99,98,98,97,97,95,95,94,94,94,95,95,95,95,95,95,95,94,94,94,94,94,94,94,93,93,93,93,93,93,92,92,92,92,92,92,92,91,91,91,91,91,91,91,91,91,91,90,91,93,94,96,97,99,101,102,104,106,108,109,110,112,113,114,115,115,117,117,119,119,119,121,121,121,123,123,123,124,125,125,125,126,126,126,127,127,128,128,128,128,128,129,129,129,130,130,130,131,131,132,133,133,133,134,135,135,135,136,137,137,137,138,138,138,139,140,140,140,141,142,142,142,142,142,142,142,142,142,141,141,141,141,141,141,141,141,141,141,140,139,139,139,139,139,139,138,137,137,137,137,137,137,136,136,136,135,135,135,135,135,135,134,134,134,134,133,133,133,132,132,132,131,131,131,131,130,129,129,129,128,127,127,127,125,125,125,124,123,123,123,123,123,122,121,121,121,121,120,120,120,119,119,118,118,117,117,117,117,116,115,115,115,114,114,114,113,113,113,112,112,112,111,111,110,110,110,110,109,109,109,108,108,108,108,108,107,107,107,107,107,107,107,107,107,107,107,107,107,107,107,106,106,105,105,105,105,106,106,106,106,106,106,106,106,106,106,106,106,106,106,106,106,107,107,108,108,108,108,109,109,110,110,110,111,111,111,112,112,112,113,113,113,113,113,113,113,113,113,114,114,114,114,113,113,113,113,113,113,113,113,113,113,113,112,111,111,111,111,111,111,111,109,109,109,109,109,109,109,108,107,107,107,107,107,106,106,106,106,105,105,104,104,104,104,103,103,102,102,102,102,102,100,100,100,100,100,99,98,98,98,98,97,96,96,96,95,95,94,94,93,93,92,92,92,91,91,91,91,91,91,91,89,90,91,91,91,91,91,91,91,92,92,92,92,92,92,92,92,93,94,94,94,96,96,97,98,98,98,100,101,102,103,105,105,107,109,109,110,111,112,112,112,112,113,113,113,113,113,112,112,112,112,112,110,109,105,103,101,97,95,88,1,1,1,1,1,1,1,1,1,1,1,1,1,1,1,1,1,1,1,1,1,1,1,1,1,1,1,1,1,1,1,1,1,1,1,1,1,1,1,1,1,1,1,1,1,1,1
