id,Pescoço Front Vetor linha,Peito Front Vetor linha,Abdomen Front Vetor linha,Quadril Front Vetor linha,Coxa Front Vetor linha,Biceps Front Vetor Coluna,Pescoço Left Vetor linha,Peito Left Vetor linha,Abdomem Left Vetor linha,Quadril Left Vetor linha,Cintura Left Vetor linha,Coxa Left Vetor linha,height,chest_circ,waist_circ,hip_circ,thigh_circ,knee_circ,calf_circ,abd_circ,neck_circ,biceps_circ,split
syn_f000000-0-Pre,45.14714714714715,107.11411411411412,120.87687687687688,128.23123123123122,134.0,33.667667667667644,42.73873873873873,92.0,87.0,95.0,96.0,73.0,167.21,93.18,80.76,106.52,57.4,39.94,36.1,85.84,32.25,28.0,train
syn_f000002-3-Pre,62.12312312312315,122.38338338338338,128.0,131.0,147.0,41.0,48.0,102.0,93.87087087087087,108.0,100.79279279279274,87.54054054054052,158.07,108.36,82.43,111.4,69.65,49.91,43.47,97.47,39.02,36.78,train
syn_f000005-3-Pre,46.42942942942943,117.7057057057057,108.0,131.0,150.0,30.0,43.063063063063055,88.0,73.15015015015015,95.0,94.0,77.16216216216213,163.93,98.0,68.09,110.46,62.09,42.79,40.24,76.2,32.4,26.94,unknown
syn_f000006-0-Pre,49.82282282282284,104.0,126.0,136.0,133.0,38.0,46.0,87.05205205205203,87.39239239239242,99.0,87.0,65.0,179.28,91.41,77.43,108.37,56.02,37.31,33.64,83.09,33.82,24.74,val
syn_f000008-1-Pre,44.17417417417418,119.066066066066,138.0,151.0,158.0,42.0,46.0,83.0,101.0,107.0,105.0,83.0,174.57,98.91,85.33,123.8,70.84,44.42,38.54,97.13,34.71,36.73,train
syn_f000017-2-Pre,46.27727727727728,104.24224224224224,113.07107107107106,129.95595595595597,143.0,36.0,46.09009009009009,81.02402402402402,78.0,85.0,84.0,72.0,170.69,90.36,68.67,105.49,59.21,41.05,38.35,74.39,34.43,30.29,test
syn_f000027-2-Pre,49.0,139.0,126.4604604604604,144.0,141.0,42.0,55.0,125.0,103.0,121.0,125.0,89.0,161.01,124.51,102.44,118.18,68.29,44.73,39.32,101.12,40.73,38.49,test
syn_f000035-3-Pre,46.0,124.00500500500502,113.42442442442442,125.0,147.58958958958954,40.0,50.0,99.0,82.0,104.0,103.5855855855856,85.0,163.5,101.95,79.5,109.94,68.89,46.72,41.11,85.01,37.12,36.31,val
syn_f000049-0-Pre,59.1931931931932,130.12112112112112,138.07107107107106,140.0,138.0,36.0,56.84084084084084,108.0,101.66466466466466,111.0,104.85885885885888,76.0,170.84,109.83,93.81,109.76,62.23,40.37,36.4,99.68,41.21,29.92,train
syn_f000064-2-Pre,50.75675675675674,122.81981981981984,118.36036036036036,127.0,139.0,40.0,52.01201201201201,105.13013013013014,93.98098098098096,113.0,114.0,81.0,165.53,109.35,86.08,106.96,65.28,44.38,41.12,88.62,40.15,33.88,val
syn_f000075-3-Pre,58.50350350350351,119.0,119.0,129.0,143.0,41.0,47.49249249249249,94.0,84.11311311311312,99.0,95.0,81.0,174.21,101.99,75.36,104.72,63.06,42.6,41.07,82.45,37.04,34.38,train
syn_f000077-2-Pre,65.67867867867866,116.0,128.0,133.5935935935936,145.0,37.0,48.0,98.0,90.23823823823824,103.0,94.59159159159152,83.0,168.71,104.73,79.22,113.07,65.78,46.31,41.9,88.91,37.29,33.97,val
syn_f000078-2-Pre,52.07207207207208,125.7057057057057,118.0,120.0,124.0,35.0,54.36336336336336,107.0,86.34134134134132,101.33233233233231,101.5645645645646,76.68468468468467,163.01,108.99,88.82,99.9,59.11,42.98,39.0,89.49,41.47,31.6,unknown
syn_f000086-3-Pre,65.991991991992,117.82682682682685,130.0,132.0,146.0,39.0,53.0,98.37037037037038,104.4074074074074,116.0,101.44444444444446,82.0,166.93,104.47,85.6,111.1,66.79,44.57,41.67,92.94,39.16,35.48,test
syn_f000088-3-Pre,48.90590590590594,123.08608608608608,114.2002002002002,129.0,133.0,38.21021021021019,49.0,102.79079079079077,85.82682682682682,107.64664664664664,112.0,80.0,155.99,106.28,79.86,106.21,63.15,39.98,36.53,89.39,36.14,33.45,test
syn_f000090-1-Pre,57.15115115115111,126.0,131.0,139.0,143.0,38.0,52.6906906906907,105.0,97.0,113.46746746746749,113.0,80.0,170.71,110.03,87.41,110.94,62.51,43.02,39.11,94.36,38.53,32.31,test
syn_f000101-0-Pre,50.30930930930927,103.93793793793792,125.0,145.0,142.8218218218218,36.88388388388387,48.0,81.10510510510511,93.56156156156156,97.8048048048048,89.09009009009009,69.48648648648651,177.14,90.95,76.38,109.73,59.29,38.92,34.04,87.15,34.58,27.13,unknown
syn_f000115-1-Pre,48.07207207207208,91.0,111.0,125.0,134.0,30.0,43.91291291291292,66.88988988988987,73.0,77.68068068068067,75.90390390390394,68.0,164.67,77.48,61.25,99.99,56.3,37.38,34.27,72.47,30.9,25.49,test
syn_f000118-1-Pre,46.13013013013013,130.0,124.53053053053054,138.0,149.0,41.0,48.807807807807805,105.08208208208208,94.30430430430432,107.0,110.0,83.0,173.48,109.79,85.95,112.05,67.34,44.21,42.51,95.1,36.61,34.98,test
syn_f000138-3-Pre,39.0,107.1601601601602,79.0,103.0,120.0,33.0,42.02702702702702,82.0,54.918918918918905,72.0,81.0,72.0,145.75,84.26,58.32,98.95,55.77,39.88,36.43,62.35,31.03,27.28,unknown
syn_f000143-1-Pre,45.01301301301302,116.0,117.52652652652654,130.0,138.0,35.0,53.21321321321322,96.47647647647648,79.0,96.0,93.0,77.0,163.81,100.13,78.63,105.58,60.95,42.78,36.55,83.08,37.71,28.77,train
syn_f000153-0-Pre,51.30930930930933,117.0,124.0,128.0,125.0,35.0,42.01201201201201,97.0,93.98098098098096,98.0,94.0,69.12612612612611,165.42,98.52,81.97,103.03,56.53,35.95,34.34,87.45,33.23,28.65,test
syn_f000157-0-Pre,47.567567567567565,128.0,138.0,145.0,147.0,48.0,51.0,113.0,106.51051051051051,123.0,125.0,95.35135135135135,160.78,110.82,99.9,118.9,70.32,51.81,36.65,108.39,38.84,41.19,val
syn_f000164-3-Pre,52.26126126126124,127.81981981981984,126.0,131.0,147.0,41.0,50.0,100.0,92.0,107.0,104.6696696696697,78.0,165.34,108.35,86.59,106.09,64.53,40.89,41.46,88.82,37.8,37.88,val
syn_f000167-2-Pre,65.12612612612608,129.990990990991,126.07207207207205,138.0,147.0,40.0,48.23423423423424,96.46246246246248,89.74174174174175,103.0,95.39639639639636,76.54054054054052,158.59,105.68,88.04,112.65,63.32,43.58,38.75,90.48,37.54,34.73,train
syn_f000174-2-Pre,41.90990990990991,101.2072072072072,104.17117117117118,129.0,146.0,33.0,39.336336336336345,75.71271271271269,73.0,91.0,95.0,81.46846846846847,162.92,86.73,63.78,110.05,64.67,41.56,35.57,70.09,29.64,28.63,val
syn_f000184-1-Pre,47.46546546546544,116.0,111.0,119.5295295295295,125.0,36.0,51.0,104.0,73.0,85.0,90.0,71.0,158.48,104.03,78.48,96.92,54.04,40.83,36.98,82.16,37.75,31.47,train
syn_f000188-3-Pre,238.53153153153227,115.2072072072072,127.5855855855856,145.14414414414415,164.0,39.0,48.36336336336336,92.76976976976977,93.34134134134132,110.0,103.12912912912918,85.68468468468467,162.51,103.81,82.02,120.2,69.39,44.15,42.77,91.07,36.35,34.72,train
syn_f000218-2-Pre,44.18918918918919,104.2162162162162,113.0,122.0,133.0,31.0,47.888888888888886,86.0,81.0,94.0,91.0,74.0,167.54,92.34,68.35,106.36,58.31,38.19,35.44,74.57,34.76,28.02,train
syn_f000219-0-Pre,55.56656656656658,112.8008008008008,130.0,138.0,140.0,37.0,47.663663663663655,95.0,94.0,98.0,94.0,72.0,162.75,96.51,84.58,110.55,59.53,42.79,33.74,95.61,36.27,30.8,unknown
syn_f000220-2-Pre,48.0,133.0,121.1001001001001,135.0,143.0,45.0,62.333333333333314,112.0,100.0,119.0,114.66666666666664,82.0,156.39,116.03,100.52,112.68,63.74,46.49,42.53,100.46,42.56,41.29,train
syn_f000227-3-Pre,48.47047047047048,122.92392392392392,127.49749749749748,140.0,159.0,43.0,54.0,97.55755755755754,89.66466466466466,110.0,111.0,89.82882882882882,170.43,106.53,80.41,117.91,72.56,49.15,44.23,90.81,40.35,38.07,train
syn_f000250-1-Pre,46.41641641641641,117.0,131.0,139.0,141.0,36.0,47.0,101.0,91.55455455455456,103.0,100.09609609609606,75.0,163.55,99.56,87.57,107.02,59.15,39.4,36.22,94.21,35.42,30.3,train
syn_f000252-3-Pre,61.85685685685687,101.47047047047047,123.10410410410412,141.62562562562567,150.0,37.0,48.1921921921922,73.0,80.30430430430431,92.0,88.0,79.0,173.32,87.75,64.56,109.79,63.61,43.74,41.45,78.0,34.2,30.47,unknown
syn_f000282-3-Pre,55.995995995996,101.41341341341342,101.0,120.51751751751748,138.0,30.0,46.288288288288285,78.0,62.0,83.27627627627623,85.81981981981977,74.0,166.79,91.44,61.37,103.49,58.23,39.55,38.68,63.93,34.96,27.36,train
syn_f000289-2-Pre,48.41241241241244,123.0,117.8818818818819,131.0,145.0,40.0,50.0,102.0,88.38538538538538,109.0,109.0,84.0,165.51,105.77,85.79,108.38,66.67,46.59,40.25,87.33,37.64,36.58,val
syn_f000293-2-Pre,49.71471471471472,121.0,108.0,127.0,137.0,36.0,46.087087087087085,90.0,74.55455455455456,95.68068068068068,100.0,75.0,163.55,97.73,76.2,101.44,59.23,39.58,36.92,81.9,37.25,32.89,train
syn_f000314-0-Pre,45.0,110.93093093093094,120.94294294294292,134.0,140.0,36.10110110110111,49.0,97.0,86.11311311311312,96.86086086086084,93.0,70.82882882882882,174.04,96.52,77.95,105.3,58.03,38.02,35.83,83.49,34.35,29.55,unknown
syn_f000316-3-Pre,43.26926926926927,88.89589589589588,96.94394394394396,116.89389389389396,139.0,34.0,42.83483483483484,69.0,52.488488488488485,75.93893893893895,81.0,75.0,159.89,76.84,50.83,106.07,59.77,40.63,38.24,59.89,31.9,28.76,unknown
syn_f000318-3-Pre,46.53853853853855,143.0,119.94394394394396,132.05305305305302,145.0,45.0,53.82882882882882,103.0,98.02102102102106,118.1861861861862,121.990990990991,87.64864864864865,160.81,110.96,91.85,111.95,70.35,44.84,40.72,96.37,39.84,40.94,train
syn_f000329-2-Pre,47.84884884884886,125.42542542542544,125.03803803803804,139.0,147.0,40.0,56.0,102.95695695695696,93.0,110.0,113.0,83.81981981981983,166.67,107.45,90.58,110.28,64.18,44.35,39.59,96.13,40.71,35.4,train
syn_f000337-3-Pre,43.77977977977977,125.26226226226224,95.83983983983984,115.0,122.0,35.0,59.14414414414415,88.0,66.88588588588587,77.26426426426423,86.0,72.0,146.62,95.16,70.8,92.69,55.71,37.43,34.4,76.23,36.29,32.78,train
syn_f000343-2-Pre,46.06406406406407,112.38538538538538,93.0,99.0,121.0,33.25825825825828,51.58558558558559,80.1021021021021,69.0,81.90390390390391,83.80180180180179,69.0,156.67,89.07,72.51,93.93,54.56,35.32,37.96,72.27,38.09,28.36,train
syn_f000345-2-Pre,43.9129129129129,108.0,110.26626626626626,128.00200200200197,144.0,39.0,46.0,82.0,65.48848848848849,85.0,85.56156156156158,74.0,159.35,88.41,68.73,104.01,61.11,46.77,41.27,74.71,32.31,32.74,train
syn_f000346-2-Pre,43.0,123.7867867867868,112.03903903903904,130.0,138.0,39.0,50.66666666666666,105.0,84.55555555555554,101.44444444444446,108.0,84.0,156.59,109.03,86.18,108.52,64.05,46.17,39.57,85.28,36.03,37.09,train
syn_f000379-2-Pre,57.66766766766765,120.0,129.17517517517513,131.0,139.0,41.0,54.0,99.26426426426426,97.06906906906906,109.0,99.0,79.0,171.43,102.55,85.08,109.06,63.38,41.07,41.09,91.72,40.01,36.84,val
syn_f000382-2-Pre,40.0,114.31131131131131,102.1991991991992,121.0,137.0,35.0,46.0,85.0,75.98098098098097,93.0,91.84084084084084,73.0,165.89,90.5,71.55,101.07,57.96,39.08,40.43,75.32,32.71,31.96,test
syn_f000389-1-Pre,43.80780780780782,107.89589589589588,107.97197197197198,121.0,133.0,33.0,45.16516516516516,84.0,77.0,90.0,94.0,75.23423423423424,159.94,86.41,75.04,104.67,57.39,41.94,35.67,78.74,32.0,28.09,train
syn_f000389-2-Pre,46.80780780780782,108.79179179179177,104.97197197197198,119.0,134.0,34.0,46.83483483483484,84.0,75.0,91.0,95.0,75.23423423423424,159.94,88.76,73.61,104.95,58.82,42.47,37.67,76.61,32.87,29.48,train
syn_f000398-0-Pre,47.81981981981983,131.6036036036036,153.0,158.0,159.0,45.0,51.76276276276276,111.5965965965966,112.0,121.86986986986987,111.6066066066066,85.0,164.14,110.6,96.0,121.77,71.12,47.13,38.75,115.35,39.13,37.22,train
syn_f000402-3-Pre,45.0,129.2022022022022,110.74674674674677,132.0,150.0,40.0,55.34234234234235,102.0,81.63863863863861,111.0,108.0,81.0,161.76,106.86,82.07,111.81,66.23,40.91,40.65,85.94,37.81,35.05,train
syn_f000407-1-Pre,46.0,97.0,96.0,112.72672672672672,124.0,29.0,40.0,73.0,63.12812812812814,72.0,75.0,64.0,162.36,79.68,62.17,95.77,50.41,35.17,33.61,65.45,31.74,22.17,val
syn_f000409-3-Pre,48.65665665665665,115.0,115.48848848848849,134.78178178178177,149.2082082082082,39.0,51.0,89.0,87.9149149149149,105.0,100.50150150150148,87.0,161.44,97.36,79.28,112.52,68.65,48.72,44.5,83.82,37.45,33.25,train
syn_f000427-0-Pre,37.71371371371372,100.88188188188188,100.5835835835836,120.0,126.31431431431427,31.0,47.0,80.0,71.61361361361361,82.29829829829828,85.75975975975979,62.03603603603608,154.97,82.29,65.38,94.85,49.5,35.68,30.57,73.72,31.71,24.27,test
syn_f000432-3-Pre,50.2942942942943,132.0,127.75375375375376,147.0,166.6426426426426,46.0,54.0,115.0,94.003003003003,122.0,119.0,93.75675675675676,167.15,117.39,90.59,126.97,76.17,52.08,45.91,96.51,41.76,40.62,test
syn_f000438-0-Pre,43.0,106.0,117.17517517517511,132.0,136.35335335335344,32.0,42.141141141141134,85.0,77.0,88.81581581581582,91.87987987987992,67.0,171.79,88.38,73.2,101.46,53.95,36.88,31.97,78.08,32.66,24.09,train
syn_f000439-3-Pre,53.3513513513513,133.990990990991,121.0,131.0,147.0,43.607607607607605,52.132132132132114,114.0,91.0,114.0,111.75075075075074,85.0,157.64,118.62,87.66,108.4,69.37,47.23,43.11,93.58,39.33,38.22,train
syn_f000449-0-Pre,42.5945945945946,104.0,110.0,123.64864864864865,132.0,33.33033033033033,46.0,88.0,82.0,91.97297297297295,88.0,69.51351351351349,168.23,88.94,73.73,103.8,57.08,42.46,34.99,79.34,33.12,27.81,train
syn_f000464-3-Pre,60.8258258258258,142.49449449449452,134.0,137.0,145.0,43.0,57.0,112.0,104.29729729729728,122.83783783783784,125.0,82.0,159.82,123.59,97.61,117.52,66.26,43.18,41.92,103.24,43.67,39.47,train
syn_f000468-1-Pre,44.14714714714715,108.11411411411412,120.75375375375376,132.0,148.0,36.0,44.0,87.07707707707709,73.0,91.0,89.26726726726724,78.0,167.69,92.91,74.51,113.4,64.48,41.74,38.72,77.04,33.71,30.15,train
syn_f000470-0-Pre,45.0,117.0,122.0,133.0,146.0,39.33033033033033,54.78378378378381,95.0,90.0,104.62462462462464,104.2882882882883,82.0,166.74,96.18,85.21,116.13,63.68,47.63,37.83,91.6,38.19,33.5,val
syn_f000495-1-Pre,60.024024024024015,114.80780780780782,123.1021021021021,128.0,132.0,35.0,47.61261261261262,92.30330330330332,93.0,99.0,92.0,79.0,164.89,95.71,80.34,102.28,62.8,42.88,42.24,90.23,37.54,31.4,test
syn_f000503-1-Pre,37.0,92.0,110.0,120.72672672672672,129.0,31.0,39.58558558558559,80.82282282282281,66.02102102102106,80.1861861861862,83.99099099099101,69.0,162.22,81.1,61.11,98.66,55.24,37.76,36.74,69.88,28.12,27.28,test
syn_f000504-2-Pre,45.81081081081084,113.52252252252252,114.90990990990994,128.0,141.0,35.0,49.0,87.85085085085083,73.26026026026028,89.0,87.0,70.0,171.04,97.32,73.25,102.38,57.78,40.18,39.7,75.25,34.81,29.94,test
syn_f000505-2-Pre,51.23123123123125,138.0,137.0,138.0,146.0,41.0,56.90990990990991,119.0,105.64264264264264,121.0,115.61261261261257,81.0,169.42,118.2,99.14,115.93,64.64,42.26,39.58,102.99,41.52,37.78,val
syn_f000512-0-Pre,46.28628628628629,109.76376376376372,109.5835835835836,123.49749749749752,128.0,29.0,42.0,87.0,70.0,83.0,82.7717717717718,68.76576576576576,154.51,92.65,74.09,108.68,52.05,36.68,31.08,75.61,33.04,25.31,test
syn_f000520-2-Pre,44.0,115.21421421421422,114.68268268268268,126.50650650650653,139.0,40.0,51.92492492492494,98.01001001001003,88.0,103.0,103.62762762762765,79.0,164.39,100.64,79.44,109.35,62.52,44.81,38.0,84.98,37.12,34.22,train
syn_f000523-1-Pre,55.05805805805811,108.0,115.49349349349352,129.0,133.0,35.0,47.48648648648648,94.0,79.0,92.0,90.0,66.89189189189187,162.81,97.11,74.93,100.92,53.38,37.91,35.85,80.79,33.1,27.6,train
syn_f000535-2-Pre,61.07507507507505,107.66466466466473,120.78178178178176,129.0,143.0,38.0,51.0,93.33133133133134,92.0,107.0,105.4744744744745,85.0,174.48,99.29,80.99,110.21,67.0,47.27,42.34,83.72,36.28,34.0,train
syn_f000549-3-Pre,47.995995995996,128.0,122.45745745745744,134.0,148.0,44.0,52.73873873873873,106.0,96.003003003003,117.0,118.7117117117117,87.0,167.14,108.69,85.99,112.31,68.73,51.33,44.56,93.09,38.17,38.66,val
syn_f000559-2-Pre,52.74774774774778,136.0,144.81981981981988,145.0,155.0,45.0,51.141141141141134,114.0,116.0,128.0,117.87987987987992,86.0,170.81,117.95,104.64,120.93,70.88,49.89,41.03,111.11,39.67,40.79,train
syn_f000559-3-Pre,56.344344344344336,140.44644644644643,143.0,143.3733733733734,158.0,45.5975975975976,52.0,114.0,115.47347347347346,129.0,118.0,89.0,170.81,120.57,103.65,120.72,72.41,50.28,42.95,111.09,40.54,42.05,test
syn_f000564-0-Pre,43.0,128.0,127.0,147.0,155.0,41.0,51.0,111.55755755755754,98.0,105.91691691691692,105.0,81.0,170.79,109.6,91.01,115.45,64.01,43.27,38.75,97.87,36.43,33.83,train
syn_f000564-2-Pre,44.08608608608608,132.0,121.0,144.0,157.0,43.0,52.3093093093093,112.0,92.0,106.46746746746749,107.0,81.0,170.79,114.95,88.75,114.38,66.43,43.83,42.44,93.15,38.15,37.09,train
syn_f000567-1-Pre,47.8048048048048,134.0,130.30630630630628,158.97897897897894,171.0,51.0,57.01201201201201,121.0,113.01901901901904,130.3773773773774,132.15915915915917,98.37837837837832,165.43,121.71,102.47,132.84,75.91,50.47,40.98,107.18,41.27,44.01,test
syn_f000578-2-Pre,269.56356356356355,149.0,162.4314314314314,165.0,171.0,54.41441441441444,64.39039039039038,129.0,136.45145145145145,149.0,128.65465465465468,98.90090090090092,169.47,133.88,116.34,139.92,81.11,55.19,47.9,129.54,46.4,48.99,train
syn_f000579-2-Pre,40.45945945945945,108.37837837837836,87.48648648648651,102.0,112.0,30.86086086086084,42.91891891891892,76.0,70.0,83.0,86.0,64.0,153.53,83.25,65.8,90.73,50.52,35.25,30.37,67.92,31.05,26.77,train
syn_f000581-2-Pre,50.69769769769772,113.0,123.03803803803804,133.0,140.44244244244243,35.0,47.26126126126127,83.66366366366367,81.00300300300299,96.0,88.0,71.0,167.0,93.58,75.74,105.16,58.54,37.99,36.3,81.01,36.26,30.87,val
syn_f000584-2-Pre,59.93993993993995,108.0,108.0,116.25425425425423,127.3343343343343,31.0,41.18618618618619,83.64964964964963,72.25625625625628,78.98398398398399,76.0,61.0,162.69,90.97,71.31,95.38,50.97,33.12,35.43,72.19,32.55,29.78,train
syn_f000608-0-Pre,45.0,121.0,121.0,133.27327327327328,135.0,34.0,56.663663663663655,106.64364364364366,96.46746746746746,104.0,101.54354354354354,77.0,162.43,105.13,90.98,105.58,59.3,41.63,35.42,94.67,37.68,30.07,train
syn_f000615-0-Pre,59.70570570570571,106.92392392392392,116.74874874874874,128.84584584584587,134.0,34.0,50.0,89.0,82.0,89.08308308308307,86.0,69.0,171.26,93.15,74.08,103.95,58.39,41.49,35.62,82.51,36.87,29.33,test
syn_f000625-3-Pre,56.71471471471472,112.7057057057057,112.84384384384389,120.0,131.0,33.0,48.91291291291292,83.77977977977974,82.55455455455456,90.0,86.0,70.41441441441441,164.47,95.32,74.07,98.71,55.31,38.37,40.05,80.43,37.61,30.09,train
syn_f000642-1-Pre,45.5955955955956,91.0,119.2032032032032,136.0,145.0,48.0,39.89789789789789,59.0,66.67167167167167,80.0,84.14714714714711,69.0,184.19,72.01,59.32,111.01,60.4,41.97,40.52,65.13,29.91,28.16,test
syn_f000647-2-Pre,48.97897897897897,117.4204204204204,117.0,127.0,137.47447447447445,33.63163163163165,50.21021021021021,94.0,87.83383383383386,105.7707707707708,107.0,76.0,169.2,100.34,81.53,107.49,59.59,41.1,34.57,88.18,37.36,31.24,train
syn_f000653-3-Pre,47.435435435435465,114.0,97.00200200200204,113.0,133.0,35.0,43.37237237237237,82.0,60.07707707707706,80.0,85.0,71.0,146.26,88.61,63.35,95.63,57.65,38.96,35.03,72.89,32.61,30.37,unknown
syn_f000658-0-Pre,46.30930930930933,110.2092092092092,126.0,144.0,143.0,37.0,42.0,90.01001001001003,88.0,91.0,93.0,77.0,164.86,93.59,79.9,110.95,62.9,44.56,35.84,85.52,30.77,29.2,test
syn_f000658-2-Pre,54.51351351351349,112.90990990990991,124.0,140.79279279279285,149.61261261261262,39.0,44.0,92.0,85.76776776776774,94.0,95.0,82.0,164.86,97.64,80.29,111.18,65.72,45.35,39.58,83.14,32.7,32.25,train
syn_f000672-1-Pre,269.6636636636638,124.23023023023023,142.0,150.0,153.0,43.0,50.0,109.24924924924926,104.70870870870873,119.0,109.96396396396398,89.0,173.39,113.01,94.11,117.94,70.12,47.02,43.07,103.32,36.23,36.03,val
syn_f000698-1-Pre,44.18118118118119,119.0,125.2002002002002,128.0,134.05905905905905,34.0,48.66666666666666,96.22222222222224,95.44444444444446,107.44444444444446,104.0,71.0,156.75,97.71,82.1,103.93,56.12,37.49,33.6,95.06,35.32,30.7,train
syn_f000701-2-Pre,42.0,106.0,101.13813813813816,127.3093093093093,148.0,35.0,46.0,83.82282282282281,68.51051051051053,87.0,86.0,76.0,161.76,91.79,65.74,107.95,61.41,40.43,36.46,70.98,33.95,29.22,train
syn_f000708-3-Pre,47.83183183183184,134.72672672672672,128.42642642642645,139.0,163.59159159159157,46.0,55.0,108.0,94.18218218218216,120.0,110.92192192192192,100.0,171.96,117.14,90.56,120.57,78.85,51.23,49.85,93.32,40.91,42.15,train
syn_f000720-0-Pre,46.0,124.0,130.77977977977977,144.0,155.0,39.0,52.0,105.0,90.0,109.0,113.6906906906907,83.39639639639637,166.02,104.02,88.75,114.37,64.25,42.72,35.13,94.72,37.61,32.94,val
syn_f000738-2-Pre,58.30330330330324,124.31131131131131,134.0,138.0,147.0,40.0,50.0,106.0,92.1941941941942,110.0,107.6906906906907,82.0,165.88,108.87,87.32,110.37,65.82,43.01,37.82,94.09,38.27,35.95,train
syn_f000784-3-Pre,43.995995995996,130.41341341341342,103.9149149149149,125.0,136.10010010010012,36.0,48.11111111111112,102.0,73.0,93.07407407407408,97.0,70.0,167.41,106.64,75.66,102.39,57.08,36.81,39.23,76.69,36.34,32.07,test
syn_f000788-2-Pre,41.0,117.019019019019,103.62562562562567,125.0,142.0,33.0,46.0,88.0,76.04704704704704,92.11911911911908,96.8168168168168,76.0,169.53,97.2,73.39,108.41,60.41,40.0,39.58,75.55,33.73,29.18,test
syn_f000792-1-Pre,69.22722722722722,132.51551551551557,139.7157157157157,146.0,147.0,44.0,56.33933933933935,112.0,99.62062062062064,116.0,109.75375375375376,86.0,168.55,112.08,96.29,115.57,68.52,47.06,43.14,100.53,40.18,39.4,test
syn_f000793-3-Pre,42.16416416416416,116.1001001001001,102.48848848848849,120.0,139.0,33.0,48.0,90.0,75.0,90.2712712712713,92.49849849849852,73.0,161.7,95.22,69.3,103.52,59.77,39.1,40.16,75.31,35.47,29.56,test
syn_f000813-3-Pre,43.0,120.0,109.0,125.56156156156158,140.0,35.0,47.0,87.0,71.0,88.0,95.0,75.26126126126121,163.76,96.75,71.31,106.1,59.58,38.9,37.97,77.49,34.42,31.24,train
syn_f000830-0-Pre,46.0,120.0,112.0,124.0,130.0,34.0,49.07207207207205,98.0,87.51051051051053,96.1861861861862,99.990990990991,79.0,161.18,101.25,86.4,110.38,60.06,39.39,31.95,86.84,35.92,29.68,train
syn_f000834-3-Pre,50.0,151.23023023023023,139.52352352352352,157.0,150.0,51.0,61.64264264264264,129.0,119.0,131.31031031031029,133.0,86.25225225225228,174.05,135.39,109.47,129.33,69.02,46.69,44.47,112.35,44.45,45.56,val
syn_f000865-0-Pre,42.0,109.0,123.52152152152148,136.45145145145142,139.69769769769772,36.0,44.46246246246247,99.0,92.0,100.029029029029,95.0,82.0,165.06,97.15,78.54,110.02,64.27,43.74,33.26,90.29,33.04,30.14,train
syn_f000866-3-Pre,59.07207207207208,111.4114114114114,113.84384384384389,124.56156156156158,142.0,32.0,47.0,86.0,80.36336336336336,93.0,88.0,77.0,164.22,95.36,70.26,106.6,61.52,39.98,38.39,78.71,36.51,29.34,train
syn_f000869-1-Pre,59.59459459459464,129.0,134.7837837837838,141.0,141.0,49.943943943943935,49.4024024024024,110.35935935935936,105.86286286286288,116.0,104.83183183183183,84.0,183.89,115.34,93.31,114.0,68.02,43.81,42.7,95.93,39.24,33.59,train
syn_f000870-0-Pre,46.44644644644649,94.0,116.74674674674677,130.0,137.0,35.0,41.81381381381381,75.0,85.0,98.983983983984,95.033033033033,77.0,162.66,78.81,69.54,111.48,61.65,42.53,34.47,76.41,31.52,28.4,unknown
syn_f000872-0-Pre,47.0,109.0,121.0,135.0,139.0,36.24624624624624,61.42942942942943,99.0,86.7017017017017,101.0,100.96996996997,78.50450450450455,160.31,95.16,82.42,110.33,61.42,42.54,38.67,90.75,37.03,30.59,test
syn_f000875-3-Pre,49.13513513513513,120.0,116.6216216216216,129.0,144.0,39.0,48.86486486486487,91.0,88.29729729729729,107.0,103.91891891891896,83.0,160.03,98.59,74.49,108.88,65.73,44.57,39.46,87.21,36.09,33.96,val
syn_f000876-3-Pre,46.0,139.0,121.4314314314314,141.0,156.0,48.0,57.882882882882924,108.0,83.8118118118118,112.0,117.0,98.0,167.31,113.58,84.66,120.0,76.68,54.88,48.82,92.55,39.79,40.6,unknown
syn_f000877-3-Pre,53.43043043043042,123.0,114.32932932932934,134.0,153.0,38.0,49.0,82.85085085085083,77.26026026026028,101.46746746746749,104.0,84.0,170.76,98.66,69.17,113.07,68.42,42.9,44.97,78.26,36.96,33.61,train
syn_f000883-0-Pre,51.9069069069069,111.0,132.94294294294292,149.0,148.33633633633633,40.0,44.90690690690691,77.15815815815816,91.0,98.0,91.5165165165165,73.0,174.91,88.84,77.65,116.85,60.99,40.91,37.58,89.17,32.22,27.14,val
syn_f000895-2-Pre,45.0,128.2092092092092,121.94094094094096,127.0,132.0,37.0,49.0,103.0,82.0,93.029029029029,93.62762762762765,71.0,164.78,109.7,82.11,102.32,56.64,38.78,39.61,85.35,36.49,30.99,val
syn_f000898-2-Pre,41.75175175175176,100.0,106.0,132.0,139.0,32.0,44.0,72.0,73.70870870870871,86.5885885885886,85.0,73.0,174.11,84.85,65.46,104.39,58.71,41.02,38.33,70.22,31.47,26.39,train
syn_f000903-0-Pre,102.0850850850859,140.0,156.0,156.0,151.0,40.31831831831832,53.0,124.52952952952953,123.0,136.36436436436435,125.50150150150148,87.0,160.57,121.38,110.57,131.7,68.0,44.75,36.75,122.2,38.47,36.12,test
syn_f000919-0-Pre,47.49649649649649,120.0,119.10110110110104,127.0,129.82482482482482,35.0,58.03903903903904,108.0,100.0,108.9049049049049,105.63363363363362,72.95495495495493,151.31,104.42,90.09,103.27,56.27,40.16,34.6,94.47,41.86,31.86,val
syn_f000931-3-Pre,41.504504504504496,112.0,106.72072072072076,125.39639639639644,141.0,39.655655655655664,47.0,88.13013013013014,68.98098098098097,91.3773773773774,94.0,75.87387387387389,165.78,98.69,68.83,104.14,61.5,40.52,41.96,72.49,33.87,34.47,train
syn_f000943-2-Pre,48.504504504504496,126.0,115.36036036036036,131.0,143.0,38.0,50.98798798798799,109.0,88.0,107.3773773773774,107.0,78.0,165.06,106.3,85.95,108.75,62.47,41.05,36.62,85.16,38.07,34.25,test
syn_f000944-0-Pre,40.0,101.50150150150152,115.32732732732732,126.0,130.0,33.0,44.663663663663655,83.35635635635634,73.0,80.56656656656656,80.0,69.0,162.41,86.27,69.87,99.5,55.25,37.9,33.46,78.03,32.6,26.49,val
syn_f000946-3-Pre,46.84884884884886,132.71271271271272,118.03803803803804,132.28628628628633,150.0,39.0,52.0,97.0,90.0,108.0,112.0,86.33333333333331,166.27,107.65,86.88,115.18,67.65,45.77,41.57,90.93,38.86,35.88,test
syn_f000954-2-Pre,53.92492492492491,144.0,131.0,144.0,145.0,42.0,57.72672672672672,114.0,104.0,117.0,120.0,83.0,162.25,119.61,101.0,117.87,66.54,47.32,41.17,102.71,43.79,38.87,val
syn_f000960-2-Pre,45.680680680680695,122.0,117.23223223223223,129.0,140.0,37.0,46.21021021021021,99.0,79.0,93.7707707707708,98.0,79.0,169.07,102.7,81.6,106.52,62.73,38.42,37.58,83.9,35.69,31.97,unknown
syn_f000978-3-Pre,49.57557557557556,98.64364364364366,121.49049049049049,130.4284284284284,149.0,36.0,44.54054054054055,80.14414414414412,88.71171171171176,100.0,92.8378378378378,77.0,170.44,91.21,67.95,109.87,62.54,40.16,40.1,82.74,32.01,31.83,train
syn_f000985-3-Pre,63.56556556556558,146.0,152.65365365365363,156.0,170.0,52.0,58.65465465465465,128.75875875875877,112.7967967967968,134.40040040040037,130.1741741741742,99.0,179.24,131.62,107.53,129.51,79.37,51.2,48.26,110.29,44.25,46.45,train
syn_f000995-0-Pre,43.78778778778778,115.0,119.49049049049049,134.0,138.0,31.390390390390365,48.0,102.85085085085085,97.0,108.0,104.0,70.0,170.22,99.76,86.72,107.44,55.16,39.65,32.03,89.84,34.93,26.75,unknown
syn_f000999-0-Pre,47.05905905905905,117.30430430430432,128.01001001000998,135.0,135.0,35.0,49.91291291291292,102.77977977977974,101.0,118.0,116.0,83.0,163.77,102.14,90.65,111.55,62.22,46.07,36.47,94.72,36.91,30.66,train
syn_f001002-0-Pre,67.48148148148145,125.62962962962968,140.0,139.0,141.0,40.0,52.0,112.0,116.62062062062064,126.0,117.75375375375376,86.0,167.68,111.89,94.57,116.11,66.55,43.58,35.03,106.85,37.44,36.51,val
syn_f001012-3-Pre,54.12612612612608,127.990990990991,123.03603603603602,131.0,143.0,43.0,52.51651651651652,113.0,87.84884884884886,109.0,105.68768768768768,80.0,157.38,114.2,87.12,106.39,64.56,41.33,38.04,91.36,39.18,39.77,train
syn_f001044-2-Pre,49.51651651651652,137.0,118.65065065065062,128.0,137.0,40.0,57.3063063063063,120.0,96.2172172172172,111.0,118.0,91.0,152.95,122.14,96.81,108.32,71.07,50.36,34.07,96.59,42.21,36.57,val
syn_f001053-2-Pre,53.06906906906906,128.0,112.81181181181182,133.0,144.0,42.920920920920906,60.83783783783784,96.0,78.0,99.0,102.0,81.0,152.86,101.99,80.78,107.57,64.64,47.48,39.03,85.0,42.14,35.28,unknown
syn_f001070-2-Pre,45.0,118.71271271271272,124.0760760760761,132.28628628628633,141.0,38.0,50.11111111111112,98.0,87.81481481481478,106.0,96.0,79.0,166.76,101.49,80.5,108.27,63.48,45.73,41.57,88.94,37.37,34.57,test
syn_f001078-3-Pre,45.0,135.02602602602602,117.0,128.0,142.0,41.0,55.042042042042056,109.0,93.0,113.51251251251256,115.0,82.0,172.92,113.14,87.31,107.91,65.62,41.41,42.19,91.16,39.49,34.94,train
syn_f001083-0-Pre,46.43643643643642,116.93793793793792,126.0,143.29529529529532,157.0,44.81181181181182,46.006006006006,98.3983983983984,88.0,101.0,107.0,87.0,176.85,100.22,79.65,120.6,69.86,46.92,43.1,87.66,34.54,34.51,train
syn_f001084-3-Pre,45.0,129.50850850850853,100.043043043043,126.0,146.0,39.0,48.0,100.0,78.0,100.0,103.0,76.0,165.2,106.97,78.54,108.02,61.93,40.12,40.68,75.96,35.82,35.6,train
syn_f001089-3-Pre,48.0,139.58758758758762,119.7137137137137,135.4704704704705,135.90890890890887,46.0,65.01501501501501,116.004004004004,105.0,120.3883883883884,126.0,80.0,159.65,121.16,103.16,115.37,63.29,47.87,41.57,102.22,44.32,42.8,train
syn_f001091-0-Pre,45.5945945945946,116.0,119.0,125.0,128.0,35.0,53.66066066066065,101.0,88.0,96.0,94.0,75.0,167.85,100.22,80.97,104.1,58.83,40.97,34.08,87.51,37.75,29.68,train
syn_f001095-2-Pre,57.27727727727725,125.44844844844846,135.8568568568569,141.0,153.0,43.0,50.39639639639638,94.70570570570572,97.6276276276276,117.0,112.74774774774778,86.0,181.67,108.0,88.11,116.34,68.7,45.32,44.55,93.22,38.23,33.87,test
syn_f001097-0-Pre,50.29629629629629,122.0,133.0,139.0,141.0,36.390390390390365,47.63963963963964,100.90390390390392,97.4294294294294,107.0,104.0,80.7837837837838,168.21,101.94,88.4,110.49,62.87,40.5,34.65,96.75,37.31,32.42,train
syn_f001097-3-Pre,58.78378378378379,127.2162162162162,127.27027027027032,133.0,147.0,40.0,50.36036036036036,101.0,92.0,109.3213213213213,106.7747747747748,84.0,168.21,107.27,83.31,110.49,67.11,41.33,40.18,92.22,40.21,36.49,train
syn_f001109-1-Pre,46.76076076076076,137.0,145.16616616616616,151.0,158.0,46.0,51.0,119.0,108.74574574574572,124.0,118.07507507507512,88.73873873873879,162.92,121.82,103.61,120.75,72.14,48.9,38.65,109.34,38.51,39.95,train
syn_f001121-2-Pre,44.0,113.0,96.8418418418418,110.0,129.0,31.0,45.567567567567565,89.0,72.0,84.0,90.0,69.0,155.44,93.86,76.9,99.62,54.08,39.93,35.55,74.14,33.77,28.34,val
syn_f001130-0-Pre,44.0,123.0,119.0,146.49749749749753,153.0,41.0,45.567567567567565,106.0,96.0,101.0,106.72972972972974,84.45945945945942,155.15,103.16,88.42,113.93,61.92,42.09,33.67,94.0,34.88,33.45,test
syn_f001132-3-Pre,59.18518518518516,128.0,119.0,129.0,137.0,41.0,53.0,107.07707707707708,89.8118118118118,106.0,98.73273273273276,82.0,167.34,109.85,87.7,105.07,62.74,42.37,41.83,87.09,40.11,36.3,val
syn_f001149-0-Pre,52.44544544544544,128.0,143.7157157157157,153.0,155.0,42.0,48.0,106.0,102.0,116.7707707707708,119.28528528528528,85.0,168.22,110.74,95.35,119.24,67.84,46.05,37.58,105.39,38.95,35.89,train
syn_f001155-3-Pre,45.537537537537546,133.00300300300302,138.3273273273273,144.0,161.12312312312315,42.0,58.63963963963967,114.0,104.0,128.0,121.07507507507512,94.0,162.54,117.76,97.04,122.15,74.77,50.69,44.55,109.0,40.0,39.16,train
syn_f001172-0-Pre,44.88388388388387,115.0,129.13313313313313,135.0,136.54854854854858,36.0,48.0,102.40540540540542,93.29729729729728,105.0,95.45945945945948,70.0810810810811,159.97,101.06,85.88,105.72,56.84,37.39,33.58,91.47,34.06,29.45,train
syn_f001175-1-Pre,62.024024024024015,113.65365365365363,135.0,140.96496496496496,140.0,38.0,53.09609609609609,85.2922922922923,103.0,108.35235235235234,100.72672672672672,73.0,180.43,97.92,83.3,112.0,60.69,39.62,34.96,96.78,35.83,28.43,val
syn_f001176-1-Pre,46.25325325325326,92.0,105.0,123.0,136.0,30.58358358358359,42.0,68.23623623623624,69.3193193193193,89.0850850850851,84.0,72.0,162.12,76.71,58.71,101.99,57.24,38.56,35.66,68.08,30.31,26.25,unknown
syn_f001178-3-Pre,72.03903903903907,146.0,148.26326326326327,151.0,164.0,48.0,58.0,132.0,126.0,145.0,138.13813813813812,96.0,164.8,136.56,113.15,132.49,77.61,51.96,46.17,119.84,44.15,44.33,train
syn_f001180-0-Pre,43.17717717717716,103.0,118.005005005005,135.0,133.0,35.0,44.0,83.0,81.0,95.23123123123122,97.0,72.0,163.78,88.37,71.4,106.28,57.22,38.4,30.45,77.79,32.63,26.5,unknown
syn_f001180-2-Pre,48.83283283283282,108.0,115.42442442442442,131.1781781781781,138.0,36.0,46.0,84.0,78.15015015015015,98.0,98.0,77.0,163.78,92.54,70.11,105.53,60.56,39.09,34.25,75.05,34.39,29.34,unknown
syn_f001181-1-Pre,42.346346346346365,95.79179179179177,107.97197197197198,125.94694694694698,142.0,30.0,40.0,69.0,68.48848848848849,78.0,79.0,70.23423423423424,160.14,81.64,61.41,105.63,59.09,39.93,38.1,73.15,29.42,24.93,test
syn_f001197-3-Pre,51.95895895895896,112.0,96.93893893893892,120.0,136.0,30.0,46.0,80.0,55.0,74.0,79.0,73.0,157.02,90.36,60.93,98.69,57.86,35.8,35.69,66.94,34.96,26.74,train
syn_f001214-1-Pre,48.0,139.0,143.2372372372372,156.0,159.0,45.0,57.510510510510514,124.0,116.02502502502504,137.87187187187186,136.0,100.36036036036036,167.38,122.97,106.44,129.82,78.28,54.24,45.88,114.34,41.59,40.44,val
syn_f001215-3-Pre,45.0,130.0,105.0,124.0,134.0,40.0,54.83183183183184,96.0,79.46646646646647,99.69169169169172,103.0,81.0,158.01,103.73,83.03,104.25,64.47,42.3,41.82,84.6,37.52,35.26,unknown
syn_f001225-2-Pre,60.32732732732734,112.72672672672672,125.42642642642645,137.47147147147157,146.0,37.0,44.141141141141134,92.970970970971,86.47347347347346,97.18418418418418,89.0,74.0,172.55,98.54,74.47,113.8,60.68,42.03,38.0,82.85,33.64,29.78,val
syn_f001228-1-Pre,43.015015015015024,122.0,130.0690690690691,138.0,141.0,39.05305305305305,52.34234234234235,107.0,96.3193193193193,112.0,102.0,80.0,161.99,108.72,92.19,108.39,63.79,46.18,37.94,96.48,36.9,34.88,train
syn_f001236-0-Pre,42.0,110.9169169169169,111.55455455455456,129.12112112112112,131.0,33.0,45.960960960960975,89.0,85.8118118118118,93.47647647647648,99.0,77.09009009009014,168.69,89.17,78.24,104.95,57.29,40.66,31.4,82.82,33.86,28.02,test
syn_f001240-0-Pre,44.0,112.0,116.0,131.0,141.0,38.282282282282296,48.51351351351352,101.0,90.0,103.88288288288288,102.0,79.0,163.08,97.18,84.31,106.21,62.3,43.22,34.97,90.07,35.71,31.45,val
syn_f001251-2-Pre,50.86186186186183,99.50850850850853,103.043043043043,115.0,127.0,29.0,45.0,73.0,64.1721721721722,78.0,76.0,69.0,165.35,81.28,62.33,92.54,54.05,35.49,35.26,64.83,31.28,25.35,test
syn_f001274-0-Pre,45.0,126.0,125.55455455455456,137.12112112112112,137.1871871871872,37.0,50.0,103.6106106106106,88.0,102.0,100.0,81.0,168.51,105.85,89.01,108.13,64.44,43.4,39.16,92.74,36.71,33.96,train
syn_f001281-3-Pre,108.10510510510602,133.0,161.00700700700702,160.0,167.0,48.14914914914914,55.0,108.62462462462464,124.70870870870873,137.0,123.96396396396398,101.0,172.66,121.13,100.19,132.15,81.41,51.3,46.76,113.89,41.67,43.99,test
syn_f001285-3-Pre,49.04204204204204,146.0,133.39339339339338,149.0,150.8978978978979,46.0,56.06006006006005,120.0,108.23823823823824,125.0,127.0,87.6306306306306,169.16,124.93,100.74,122.7,70.19,45.75,42.8,105.04,41.84,42.05,train
syn_f001292-2-Pre,52.71371371371373,111.05905905905904,128.10410410410412,140.62562562562567,153.0,41.0,48.0,87.66266266266268,92.11311311311312,105.0,104.4744744744745,82.0,173.36,100.06,74.74,116.33,67.57,45.08,41.64,89.72,36.96,33.63,test
syn_f001305-0-Pre,76.24124124124137,94.76976976976977,126.52352352352352,140.0,135.0,38.0,42.0,72.62462462462463,85.0,87.0,87.96396396396398,66.0,173.8,86.08,68.91,112.32,57.83,38.62,36.74,82.3,29.48,26.13,test
syn_f001318-0-Pre,43.69969969969969,112.01201201201204,118.2372372372372,134.0,147.0,35.0,48.0,93.0,79.78978978978978,96.0,95.0,75.97297297297303,166.06,96.6,80.47,110.45,60.91,46.04,35.63,82.0,35.12,31.0,train
syn_f001324-3-Pre,64.08308308308307,138.83583583583584,145.0,146.87787787787784,158.0,44.0,52.54354354354355,103.27827827827826,105.88788788788791,126.0,114.0,88.20720720720726,176.07,117.18,96.83,120.72,71.03,47.62,44.26,105.36,39.6,39.51,train
syn_f001328-3-Pre,116.42242242242293,104.6016016016016,93.90790790790788,109.0,127.0,27.0,45.13513513513513,81.70270270270271,61.29729729729729,79.0,83.0,68.0,161.95,94.27,62.71,91.71,53.42,38.45,38.69,63.47,33.34,26.35,train
syn_f001346-3-Pre,45.01001001001001,119.46646646646649,99.35635635635634,112.0,130.0,37.0,56.321321321321335,100.0,80.90790790790788,102.0,108.0,75.0,148.11,103.98,76.42,102.22,57.79,41.9,34.06,81.33,39.93,34.18,train
syn_f001352-1-Pre,47.78578578578578,115.6176176176176,125.0,140.5935935935936,145.64464464464464,38.0,47.06006006006005,94.3173173173173,92.47647647647648,108.0,97.79579579579575,80.6306306306306,169.05,98.66,81.43,112.99,64.5,44.31,39.62,90.41,35.68,30.61,train
syn_f001365-1-Pre,49.2042042042042,120.61061061061062,137.77977977977977,149.0,161.07007007007007,41.0,49.18918918918919,104.56756756756756,100.0,120.97297297297295,122.0,95.0,167.2,105.28,88.23,124.65,75.12,50.75,43.56,100.04,37.83,36.3,val
syn_f001395-2-Pre,53.39539539539544,105.71271271271272,111.03803803803804,125.28628628628633,136.0,34.71571571571573,46.98798798798799,89.13013013013014,73.0,94.0,98.0,86.0,166.12,94.77,68.25,109.14,65.45,42.73,41.17,77.02,34.84,30.17,val
syn_f001398-0-Pre,54.2942942942943,127.0,128.87687687687688,146.0,149.0,42.0,53.36036036036036,105.09609609609608,107.4294294294294,118.0,124.0,87.7837837837838,168.74,107.47,95.92,117.42,66.41,47.62,41.07,102.27,42.17,37.38,train
syn_f001402-2-Pre,43.0,118.0,114.94794794794792,129.5935935935936,141.0,30.0,52.510510510510514,93.0,76.02502502502503,96.87187187187186,99.26426426426428,74.0,168.48,98.04,74.43,103.69,59.32,37.15,35.91,80.64,37.62,25.21,unknown
syn_f001404-0-Pre,40.0,110.0,123.29929929929932,133.0,133.0,32.0,46.13513513513513,94.70270270270272,83.0,93.0,90.45945945945948,70.0,161.09,95.22,79.76,103.14,55.15,38.2,32.78,87.33,32.6,26.21,train
syn_f001406-3-Pre,50.95395395395394,132.50850850850853,118.043043043043,136.0,148.0,43.0,51.16216216216216,105.0,90.57657657657656,114.0,116.64864864864865,86.0,164.77,111.22,90.42,113.03,68.13,47.24,44.95,90.33,39.72,38.58,test
syn_f001417-0-Pre,46.0,128.2162162162162,130.0,148.0,155.0,42.0,51.21021021021021,111.0,109.0,122.0,125.0,90.20720720720716,168.86,108.17,98.53,119.82,68.71,49.96,39.36,106.28,38.32,36.79,train
syn_f001420-1-Pre,40.0,113.16516516516516,110.0,123.0,121.0,34.0,55.15315315315316,91.0,88.0,100.0,96.0,71.0,154.85,93.28,79.61,97.22,53.28,40.16,36.6,85.19,36.37,30.44,test
syn_f001443-3-Pre,51.15315315315313,106.24924924924926,108.33633633633632,116.0,131.0,35.0,47.0,82.0,73.0,87.0,86.0,69.25225225225228,171.88,92.4,68.42,97.19,56.12,36.36,38.84,72.04,34.58,26.95,train
syn_f001448-3-Pre,66.68568568568458,117.30430430430432,135.0,136.0,153.0,42.0,51.0,98.0,98.15015015015015,116.0,112.0,89.0,162.73,105.84,81.37,113.73,70.48,47.05,45.71,95.06,39.27,37.97,train
syn_f001454-1-Pre,47.0,119.81981981981984,120.72072072072076,129.39639639639643,134.0,38.0,50.0,101.0,78.15315315315314,89.07207207207205,87.0,70.0,165.34,102.31,81.04,103.85,56.86,38.13,36.26,83.23,37.02,31.94,val
syn_f001461-3-Pre,53.91591591591592,119.0,118.07107107107106,130.0,149.0,37.0,47.90990990990991,81.02402402402402,82.64264264264264,99.6696696696697,95.30630630630628,77.0,170.17,96.42,70.33,105.35,62.42,44.64,44.42,79.96,38.12,31.76,train
syn_f001464-0-Pre,45.10310310310311,118.4184184184184,140.8818818818819,146.0,149.0,38.31831831831832,46.0,98.0,96.0,110.72572572572574,106.0,78.39639639639637,166.01,101.43,88.12,113.08,63.02,41.66,36.98,96.64,34.94,31.14,train
syn_f001466-3-Pre,57.41341341341348,125.02602602602602,130.01401401401404,141.2632632632633,157.0,41.0,51.258258258258266,102.0,90.18218218218216,106.3863863863864,99.0,80.0,172.31,110.57,83.77,116.28,67.13,45.34,40.85,90.14,37.84,35.18,val
syn_f001491-2-Pre,44.0,119.18818818818818,108.35835835835836,127.0,139.0,40.5955955955956,47.0,100.0,76.0,95.54554554554554,94.0,83.1531531531532,157.28,102.71,78.01,106.52,63.7,42.51,36.09,80.32,34.79,34.01,train
syn_f001498-0-Pre,49.25225225225225,140.0,157.0,152.0,151.0,46.64364364364363,54.0,128.0,130.0,138.0,134.0,89.0,166.42,127.85,117.54,129.24,68.16,51.61,40.2,123.3,40.66,43.26,train
syn_f001500-2-Pre,50.24324324324323,132.13513513513513,125.45945945945942,143.0,155.0,42.0,55.6936936936937,111.0,100.34834834834837,117.45645645645646,117.55855855855856,87.0,175.93,115.26,97.67,116.34,68.92,47.47,44.13,99.11,39.03,37.42,train
syn_f001500-3-Pre,52.24324324324323,135.0,123.45945945945942,141.0,155.0810810810811,42.75175175175176,56.0,111.0,98.34834834834837,119.0,118.55855855855856,88.7837837837838,175.93,117.31,96.05,116.43,70.27,47.72,46.03,96.31,39.88,39.18,train
syn_f001506-0-Pre,46.0,140.0,149.0,148.0,146.0,42.0,57.46246246246247,125.01001001001003,124.0,132.0,128.0,87.0,164.38,120.91,106.77,125.32,65.66,47.11,38.0,117.45,40.88,36.93,val
syn_f001523-1-Pre,62.51351351351349,100.90990990990991,116.0,127.0,133.0,33.0,48.288288288288285,90.0,79.78978978978978,99.0,93.0,70.0,166.09,91.48,74.11,100.95,56.8,38.34,35.03,80.2,36.28,29.9,train
syn_f001527-2-Pre,43.0,129.0,124.0,133.0,145.0,38.0,50.663663663663655,104.0,98.0,112.43343343343344,108.0,79.0,162.5,109.31,90.41,107.66,62.95,44.84,41.49,97.96,36.46,34.48,test
syn_f001536-0-Pre,44.74374374374375,126.0,119.55455455455456,133.0,140.0,38.0,49.06006006006005,104.0,83.0,97.0,95.20420420420425,75.0,169.07,104.85,84.49,103.8,57.58,38.03,36.99,87.19,36.58,30.62,train
syn_f001541-3-Pre,48.995995995996,133.41341341341342,115.9149149149149,133.0,143.10010010010012,38.0,49.43843843843844,103.0,88.0,110.0,112.0,85.0,166.79,113.98,85.55,108.99,67.56,40.76,41.74,85.01,38.27,34.66,val
syn_f001546-3-Pre,49.72072072072072,100.0,98.0,110.4744744744745,132.0,34.0,45.61561561561562,79.16916916916918,72.27527527527528,90.0,86.0,73.0,159.43,87.21,65.64,96.01,57.92,40.77,37.4,66.03,32.82,29.2,unknown
syn_f001547-2-Pre,45.57057057057057,122.0,120.74974974974975,132.0,143.0,39.0,52.23123123123125,109.0,89.27527527527528,108.0,107.9069069069069,83.0,158.24,109.26,85.52,110.47,65.11,41.36,36.07,92.73,37.43,34.01,unknown
syn_f001550-0-Pre,68.85585585585589,112.52952952952953,123.0,134.0,132.0,35.0,48.1921921921922,85.91791791791792,91.0,97.0,92.45345345345343,69.0,173.68,94.06,81.51,106.58,55.76,40.3,37.01,85.84,34.84,26.24,unknown
syn_f001555-1-Pre,42.0,118.4204204204204,106.30330330330332,131.0,149.0,38.0,48.0,92.0,84.0,98.11911911911908,102.0,84.47747747747746,169.53,98.29,82.06,112.34,65.46,45.46,39.62,81.71,34.38,33.73,train
syn_f001593-3-Pre,64.75975975975976,103.07307307307303,107.29829829829832,119.35035035035035,131.0,42.0,48.54354354354355,87.27827827827826,79.0,92.0,84.04804804804803,69.79279279279274,176.73,95.57,66.89,97.32,55.31,32.75,33.45,70.0,32.09,30.03,unknown
syn_f001595-3-Pre,48.84884884884886,125.0,113.0760760760761,130.0,147.0,42.0,53.0,101.0,82.57957957957956,108.27627627627623,112.0,87.0,165.9,105.57,79.81,110.51,68.56,46.13,41.33,83.0,40.17,37.3,test
syn_f001605-2-Pre,78.22522522522524,139.0,158.009009009009,163.0,171.0,52.0,63.0,118.0,117.43643643643644,137.0,129.76876876876878,97.68468468468468,181.76,122.2,100.43,132.23,79.29,52.03,45.16,113.52,43.48,41.19,train
syn_f001619-0-Pre,47.89089089089089,116.51551551551556,119.7157157157157,133.17617617617617,139.0,32.787787787787806,45.18918918918919,88.0,89.0,98.97297297297295,97.24324324324324,78.51351351351349,167.88,94.95,78.46,112.79,63.7,44.71,35.13,88.57,36.14,27.27,test
syn_f001621-0-Pre,43.0,110.0,103.0,131.0,137.0,31.0,42.0,83.0,63.0,74.07207207207205,81.35135135135135,72.70270270270271,165.81,88.38,67.13,104.42,56.55,37.16,33.73,71.7,32.64,22.28,train
syn_f001639-2-Pre,63.14214214214216,132.0,139.0,143.0,153.0,46.84784784784787,54.807807807807805,113.91791791791792,111.60860860860862,125.0,112.45345345345343,86.0,173.62,120.36,98.55,117.23,69.06,47.06,43.67,100.12,40.88,39.89,test
syn_f001645-0-Pre,44.73173173173174,101.0,111.64964964964966,128.0,131.0,32.0,44.43543543543544,90.1161161161161,83.0,92.0,85.48048048048048,67.0,161.27,91.53,75.82,100.89,54.78,38.81,33.8,80.06,33.18,27.05,unknown
syn_f001653-3-Pre,49.10110110110108,133.62262262262266,107.3983983983984,129.0,149.0,42.27227227227226,50.71171171171172,104.0,87.0,109.27627627627623,116.0,85.0,165.88,113.22,87.68,110.66,67.08,43.54,42.16,85.79,38.57,35.83,unknown
syn_f001666-3-Pre,44.689689689689686,107.0,88.0,107.0,125.0,30.0,44.0,73.9149149149149,56.97397397397398,71.0,71.16516516516515,64.0,154.18,84.02,59.97,89.49,51.2,34.21,34.04,60.89,33.32,28.54,train
syn_f001670-2-Pre,54.993993993994,100.41341341341342,109.45745745745744,124.51751751751748,143.0,32.0,43.0,75.0,68.0,84.62462462462463,83.7117117117117,73.0,167.17,84.93,62.83,102.66,59.35,36.82,36.46,68.92,34.75,26.46,test
syn_f001671-1-Pre,48.0,128.98898898898904,130.13313313313313,138.0,144.0,42.0,54.3153153153153,116.58258258258256,102.0,117.4894894894895,118.9279279279279,84.0,159.69,114.84,96.67,113.35,65.25,46.98,37.88,100.83,40.27,37.07,val
syn_f001672-1-Pre,48.0,128.01001001001003,127.84884884884885,143.08908908908904,153.0,46.0,53.61261261261262,116.0,96.72672672672672,113.57957957957956,114.11711711711712,90.0,163.79,114.92,93.87,119.98,70.23,48.41,40.31,97.45,39.99,39.5,train
syn_f001674-2-Pre,66.29329329329329,124.73373373373371,133.62062062062063,131.46046046046047,144.0,41.77577577577577,49.09309309309309,103.0,93.0,107.0,104.5165165165165,84.0,175.49,109.98,89.97,110.17,67.44,40.92,40.61,92.18,40.29,35.28,test
syn_f001678-3-Pre,44.03203203203204,131.0,126.6806806806807,132.14014014014015,139.3983983983984,42.0,48.0,103.0,93.42242242242244,111.0,114.0,84.0,155.7,112.82,85.97,110.95,67.38,44.56,38.84,98.49,35.57,36.65,train
syn_f001683-0-Pre,51.26126126126124,106.90990990990991,134.0,142.0,137.0,35.0,43.13813813813813,90.0,97.38538538538538,101.0,97.0,79.54954954954957,165.92,94.44,81.61,112.66,65.37,45.89,39.28,96.17,33.48,29.98,train
syn_f001684-3-Pre,57.15315315315313,124.0,124.33633633633632,136.0,147.0,42.0,50.141141141141134,99.0,92.47347347347346,117.81581581581582,121.0,87.01801801801804,171.41,108.56,84.42,114.43,68.51,44.22,41.87,88.01,39.07,39.21,val
syn_f001709-2-Pre,59.57157157157155,115.0,130.97397397397395,144.0,156.0,41.0,48.63963963963964,100.0,92.0,113.0,108.7747747747748,83.0,168.36,107.12,85.1,112.8,67.16,44.96,42.44,91.26,36.72,36.12,train
syn_f001711-1-Pre,57.88888888888887,122.0,132.0,133.0,133.0,36.0,52.888888888888886,105.0,106.0,115.0,105.22222222222224,72.0,167.82,106.56,93.96,108.05,57.18,41.14,37.24,99.26,39.7,33.06,test
syn_f001713-2-Pre,55.37837837837839,128.0,135.0,137.0,143.72972972972968,36.0,52.0,109.0,101.0,112.0,103.0,77.0,168.04,112.36,94.23,107.62,61.0,41.6,38.22,99.67,38.96,33.49,unknown
syn_f001715-0-Pre,39.0,101.0,107.0,126.44244244244244,142.0,32.0,48.97297297297296,76.96396396396392,73.01801801801804,90.74774774774778,92.72972972972974,82.0,155.35,77.83,67.29,107.41,60.8,43.38,35.29,79.15,31.57,28.96,test
syn_f001717-0-Pre,38.0,101.0,115.35835835835836,129.74974974974975,138.0,34.17417417417417,39.51651651651652,90.0,79.84884884884886,97.8938938938939,94.84384384384384,80.0,156.96,88.18,72.98,105.16,60.52,41.09,36.77,83.64,29.17,29.45,unknown
syn_f001718-1-Pre,44.25325325325326,87.8008008008008,97.81581581581575,115.0,121.0,27.0,43.58558558558559,71.0,62.51051051051053,73.0,76.0,64.0,162.39,75.42,59.92,102.23,49.71,33.82,32.03,62.91,33.11,23.09,test
syn_f001724-1-Pre,54.66766766766765,122.32532532532534,128.0,128.0,131.0,35.799799799799786,50.0,102.0,86.26026026026028,94.0,87.34834834834834,65.0,171.59,102.93,87.12,99.15,54.92,40.73,36.88,90.1,37.27,30.79,train
syn_f001731-2-Pre,44.85885885885885,109.64564564564566,106.0,125.49249249249247,145.0,41.0,47.0,84.0,73.0,93.0,93.1741741741742,82.0,180.31,95.18,70.07,108.92,66.21,40.92,39.58,74.72,34.64,30.9,train
syn_f001737-3-Pre,44.83883883883884,127.55955955955956,90.65065065065062,114.0,127.05805805805808,35.0,45.0,87.0,71.0,90.05105105105105,95.0,71.0,153.66,97.59,71.66,97.61,57.23,38.84,38.53,71.44,34.69,32.16,val
syn_f001745-3-Pre,47.36036036036036,105.39039039039034,114.0,132.4744744744745,157.0,36.0,43.0,76.87587587587589,64.67967967967965,89.04004004004003,92.58258258258256,85.61261261261257,159.29,88.68,65.21,113.54,70.34,45.85,42.04,75.88,31.89,29.85,train
syn_f001774-0-Pre,42.0,97.0,101.0,117.0,122.07007007007007,25.0,47.71171171171172,74.54354354354356,74.0,80.27627627627623,79.0,60.0,166.56,76.45,65.21,90.53,45.6,33.68,31.72,70.51,33.65,21.0,val
syn_f001782-3-Pre,49.20120120120119,123.96796796796798,129.0,137.9149149149149,148.0,43.0,58.900900900900936,98.80880880880883,98.27127127127125,119.0,114.31231231231232,93.0,155.4,105.98,89.64,114.01,72.54,48.42,43.03,99.28,41.24,39.77,train
syn_f001805-0-Pre,41.0,114.18818818818818,102.35835835835836,115.0,125.0,30.0,45.66666666666666,82.0,75.44444444444446,85.44444444444446,88.0,66.0,156.95,91.19,71.22,92.94,50.44,34.99,32.38,75.79,34.16,24.93,train
syn_f001808-3-Pre,45.0,119.997997997998,115.2302302302302,130.36436436436435,153.0,39.0,48.0,94.70270270270272,81.0,103.0,105.0,86.0,160.35,102.32,75.68,111.3,67.87,46.42,41.55,85.66,36.72,35.33,train
syn_f001840-3-Pre,45.52352352352352,129.3923923923924,109.74974974974975,131.0,147.0,42.0,51.76576576576576,97.46246246246248,77.0,102.28228228228228,110.0,82.0,158.42,105.23,78.59,108.35,66.21,42.62,41.23,80.93,38.41,39.29,train
syn_f001862-3-Pre,54.51451451451453,124.18818818818818,125.0,124.0,135.0,38.0,53.0,105.0,96.0,106.0,97.8648648648649,73.0,157.36,109.57,83.73,100.61,57.94,38.38,37.05,96.75,39.85,34.32,val
syn_f001863-0-Pre,49.66566566566567,145.0,160.39539539539544,173.0,176.28328328328325,51.0,53.1951951951952,128.0,120.0,138.95095095095098,133.0,100.0,178.94,128.45,108.5,139.75,81.21,51.24,40.83,116.01,40.02,44.1,test
syn_f001866-3-Pre,47.01301301301302,120.4064064064064,110.26326326326328,130.0,145.0,39.982982982983,49.91291291291292,92.88988988988989,76.10910910910911,92.68068068068068,93.0,80.0,163.59,100.3,71.71,110.59,63.79,42.77,40.38,79.06,37.38,34.98,train
syn_f001869-1-Pre,45.0,124.2022022022022,128.74674674674677,144.0,149.0,40.00500500500502,59.32732732732731,110.0,97.46746746746746,112.0,110.54354354354354,81.0,162.35,109.09,97.03,116.02,64.58,46.76,35.82,97.16,38.68,36.78,val
syn_f001872-2-Pre,56.06706706706706,139.32532532532534,138.17517517517513,148.0,153.67667667667672,44.0,53.7087087087087,117.0,100.87787787787788,114.26526526526528,116.3903903903904,82.0,172.11,122.41,100.26,117.39,67.17,45.25,44.81,100.01,42.29,37.95,val
syn_f001884-2-Pre,59.13413413413412,108.32532532532534,113.58758758758756,129.58158158158153,137.0,34.0,50.0,93.0,75.2822822822823,89.0,86.90090090090087,72.0,172.12,95.02,72.7,102.54,59.3,40.0,38.86,72.68,36.37,29.11,train
syn_f001885-2-Pre,45.43343343343341,121.995995995996,105.2302302302302,135.0,154.0,37.0,48.26426426426427,94.0,77.0,99.63563563563564,109.0,86.0,161.12,98.92,77.34,116.4,68.81,46.76,41.23,81.14,36.74,33.19,val
syn_f001890-3-Pre,53.12612612612608,120.990990990991,113.0,117.0,129.0,37.0,50.0,97.75575575575576,83.46646646646647,97.69169169169172,93.0,77.0,157.98,104.57,77.98,97.18,61.02,41.41,42.31,81.59,38.19,34.82,val
syn_f001899-3-Pre,61.02102102102104,122.0,131.0,139.0,150.0,40.0,52.0,101.0,95.64264264264264,106.0,92.61261261261257,75.94594594594594,169.37,110.71,85.09,109.88,61.87,42.22,38.58,91.9,38.44,37.23,train
syn_f001900-3-Pre,48.758758758758745,114.15815815815812,87.90590590590591,111.0,132.0,36.0,46.0,92.0,72.0,88.30430430430431,98.0,80.0,152.85,97.88,68.4,99.84,63.35,44.08,39.45,69.84,35.67,32.14,unknown
syn_f001909-1-Pre,61.07507507507505,110.33233233233236,121.0,128.51551551551552,135.0,43.0,47.0,94.15815815815816,85.0,99.65865865865868,98.0,79.0,175.04,98.99,77.59,107.23,63.54,43.44,38.24,81.22,37.52,31.5,unknown
syn_f001935-1-Pre,44.0,113.0,118.56356356356356,131.0,144.0,34.77577577577577,46.0,78.74474474474474,77.0,93.0,94.50450450450457,78.0,174.78,90.89,75.84,113.33,61.61,42.57,40.41,79.28,33.36,28.72,train
syn_f001937-0-Pre,42.0,105.69869869869868,97.29929929929932,113.0,123.0,27.0,40.71471471471472,84.40940940940942,67.0,77.28728728728726,79.0,72.0,161.75,85.22,66.89,98.43,53.17,36.05,32.86,69.16,31.15,23.63,train
syn_f001941-1-Pre,48.20720720720722,118.23723723723722,137.4354354354355,146.0,149.0,37.0,49.0,90.8118118118118,94.0,108.0,104.0,82.0,177.05,97.41,85.32,112.65,65.89,42.44,39.49,91.65,34.65,32.02,train
syn_f001957-0-Pre,72.952952952953,100.1991991991992,115.90790790790788,131.0,136.0,31.0,38.88588588588589,69.23623623623624,70.3193193193193,80.0,89.0,77.0,162.28,82.54,67.6,107.14,60.89,39.3,34.81,74.35,30.13,26.06,unknown
syn_f001960-2-Pre,48.59259259259258,95.81481481481484,106.59259259259257,127.0,146.0,33.0,44.0,71.78378378378378,63.43243243243245,82.97297297297297,87.24324324324323,72.48648648648651,167.87,79.01,62.41,104.4,59.3,41.3,37.78,65.63,32.25,29.53,unknown
syn_f001962-1-Pre,45.05205205205205,130.25125125125123,129.1061061061061,138.0,145.6026026026026,37.26926926926927,48.15315315315316,101.0,94.84084084084084,108.89489489489488,107.55855855855862,79.0,182.28,109.71,85.67,112.47,63.78,41.54,39.25,91.87,36.31,30.33,val
syn_f001985-0-Pre,47.026026026026045,117.0,129.0,131.0,134.0,38.99299299299298,45.0,94.88988988988989,86.0,100.31931931931932,96.09609609609606,81.0,163.86,97.34,83.09,107.19,62.76,44.47,35.3,88.55,35.11,34.37,train
syn_f001989-0-Pre,47.015015015015024,116.0,114.13813813813816,122.0,123.0,34.0,45.0,84.0,79.9149149149149,89.36436436436435,90.0,73.0,161.66,90.82,81.43,96.43,55.13,37.87,35.8,82.89,34.69,27.9,unknown
syn_f001989-1-Pre,48.015015015015024,118.79879879879876,112.06906906906907,120.0,124.0,35.0,46.0,84.0,77.0,89.0,91.50150150150148,74.0,161.66,93.32,80.35,96.72,56.48,38.26,37.68,80.71,35.56,29.38,unknown
syn_f001989-2-Pre,49.16416416416416,121.1001001001001,109.97697697697696,118.0,126.0,36.0,46.26426426426427,85.0,74.0,90.0,92.0,75.0,161.66,96.26,79.04,96.95,57.92,38.67,39.61,78.71,36.48,30.78,train
syn_f001990-3-Pre,57.46946946946946,131.0,139.0,139.0,150.0,39.0,55.006006006006,103.0,100.15715715715714,119.0,112.0,84.93693693693695,176.95,113.75,88.32,114.03,68.06,45.29,43.26,100.19,40.62,36.63,val
syn_f001994-0-Pre,52.5705705705706,114.52952952952953,135.10410410410412,143.0,143.0,41.0,49.0,98.0,94.0,106.7597597597598,100.0,77.0,173.86,100.71,83.18,115.97,63.79,44.32,37.57,94.35,34.45,31.67,val
syn_f002000-3-Pre,43.84884884884886,119.71271271271272,94.0760760760761,110.0,123.0,31.0,46.01201201201201,86.0,60.0,76.3773773773774,82.15915915915917,72.0,166.66,97.0,66.4,95.87,54.79,33.94,34.7,66.07,34.91,27.07,val
syn_f002003-2-Pre,52.36636636636635,118.44844844844846,123.42842842842845,128.0,138.0,47.0,47.0,86.0,79.22322322322321,92.0,92.0,76.0,181.25,98.42,72.16,105.44,60.59,39.61,40.31,76.4,35.28,31.59,train
syn_f002007-0-Pre,43.2942942942943,127.0,133.75375375375376,147.0,148.0,41.0,48.960960960960975,107.0,96.0,112.0,109.73273273273276,83.09009009009014,166.96,107.58,89.35,114.17,66.29,47.88,38.96,100.32,35.65,32.26,train
syn_f002014-3-Pre,45.0,141.59459459459458,104.6216216216216,115.0,129.0,39.95695695695696,62.14414414414415,103.0,85.0,107.0,106.0,81.0,160.42,111.86,82.73,98.97,63.78,43.11,40.7,84.82,41.06,37.05,test
syn_f002017-1-Pre,44.07207207207208,88.7057057057057,94.68768768768774,108.0,120.0,24.932932932932943,40.0,65.47647647647648,59.0,70.21821821821823,74.0,62.0,164.08,74.63,53.01,93.09,48.36,33.76,34.09,57.18,28.56,21.43,train
syn_f002033-2-Pre,46.995995995996,129.0,128.45745745745745,139.0,148.0,40.017017017017,47.0,109.0,100.4294294294294,118.3213213213213,110.0,86.7837837837838,167.87,112.69,92.85,114.12,67.33,44.68,42.29,96.44,35.5,35.75,val
syn_f002041-2-Pre,46.81981981981983,127.0,112.17117117117118,121.0,131.0,38.0,51.0,96.0,83.68268268268264,99.0,100.0,73.0,162.67,103.61,81.24,97.85,57.02,39.57,37.34,83.45,37.24,32.42,train
syn_f002051-2-Pre,56.13413413413412,126.65065065065068,132.0,137.79079079079077,142.0,39.0,54.2912912912913,103.0,100.87787787787788,115.0,104.7807807807808,79.0,171.75,109.95,89.46,109.99,62.75,42.08,41.95,94.19,39.6,33.29,train
syn_f002116-2-Pre,65.52452452452451,132.6856856856857,134.0,139.0,146.0,39.0,53.0,108.34534534534532,97.0,114.0,107.0,78.0,179.17,111.53,93.34,111.58,64.45,43.86,40.57,96.7,41.4,34.51,train
syn_f002117-1-Pre,48.78378378378379,104.2162162162162,119.27027027027032,135.64864864864865,141.72972972972968,37.0,42.18918918918919,90.0,74.21621621621622,92.0,93.0,80.0,167.87,92.3,74.04,110.72,64.15,42.98,40.29,76.69,32.25,31.88,train
syn_f002123-0-Pre,48.32132132132131,99.0,123.0,133.8048048048048,134.0,38.0,41.0,87.0,88.44444444444446,100.0,92.33333333333331,76.0,156.55,85.12,72.79,107.81,60.67,42.97,38.22,86.04,30.84,30.46,train
syn_f002134-3-Pre,55.45345345345345,134.86186186186188,131.0,135.0,145.66366366366367,43.0,51.0,106.62462462462464,98.0,116.0,115.0,87.0,173.56,116.01,92.64,112.32,68.18,43.97,42.07,93.35,38.65,37.33,test
syn_f002142-1-Pre,44.53853853853855,117.0,130.97197197197198,131.94694694694698,136.0,38.655655655655664,48.42942942942943,102.40940940940942,105.0,115.0,102.0,81.0,159.86,101.92,87.93,110.94,64.84,47.43,39.78,99.39,35.58,31.5,train
syn_f002142-2-Pre,125.75475475475348,118.59659659659658,129.39139139139138,130.0,139.0,40.0,48.71471471471472,101.40940940940942,105.7017017017017,116.28728728728726,102.96996996997,83.0,159.86,104.13,87.63,111.06,66.32,47.99,41.75,98.2,37.04,32.88,train
syn_f002143-1-Pre,41.49349349349349,96.4064064064064,105.52652652652654,119.0,128.3253253253253,30.0,44.063063063063055,77.18318318318316,62.15015015015016,75.23123123123122,81.0,67.16216216216213,164.61,78.6,57.44,98.04,53.28,34.41,32.14,69.8,32.41,22.4,train
syn_f002152-1-Pre,48.74774774774778,109.045045045045,127.0,136.0,141.0,38.0,46.85885885885887,90.970970970971,82.47347347347346,90.0,87.0,67.0,171.37,96.66,74.28,101.95,56.06,38.76,37.85,80.63,33.98,29.95,train
syn_f002173-3-Pre,42.30030030030031,119.01201201201204,102.6186186186186,119.0,137.0,33.0,49.0,92.0,66.38838838838842,91.0,90.0,76.0,166.7,99.15,69.41,100.06,61.08,41.34,41.42,74.79,36.1,30.36,train
syn_f002201-2-Pre,40.0,107.01201201201204,103.6186186186186,124.0,137.0,30.0,44.58858858858859,84.95695695695696,64.0,81.17517517517518,82.0,71.0,166.88,92.49,65.34,100.59,56.79,40.2,37.68,68.05,31.72,26.89,train
syn_f002202-1-Pre,46.07607607607608,121.2902902902903,112.0,127.0,135.0,40.90890890890893,50.0,100.0,87.0,96.0,92.8858858858859,77.11711711711712,157.87,105.6,85.16,104.3,60.18,41.03,38.44,85.25,37.42,33.63,train
syn_f002204-3-Pre,53.75975975975976,129.07307307307303,125.29829829829832,138.0,154.0,43.0,51.39339339339338,99.57157157157158,88.0,106.55755755755752,106.53753753753756,86.0,176.11,110.11,86.83,114.04,68.21,46.47,42.54,89.72,38.16,37.8,train
syn_f002219-0-Pre,41.0,101.0,93.45545545545548,114.0,127.0,32.559559559559574,44.53153153153153,87.0,72.0,80.0,85.60360360360363,76.54054054054052,158.75,83.15,70.57,99.03,56.8,39.53,33.09,71.57,31.28,26.79,train
syn_f002237-1-Pre,47.86586586586587,123.69869869869868,126.0,133.0,137.2932932932933,37.0,47.0,103.0,98.0,108.0,97.0,70.62162162162167,161.56,106.15,88.27,106.29,58.14,40.17,34.24,94.87,36.78,30.2,val
syn_f002238-1-Pre,41.26926926926927,111.0,110.97197197197198,130.0,146.0,36.0,48.33033033033033,88.0,79.0,96.0,99.0,83.0,159.57,91.21,74.67,108.43,64.45,45.42,36.61,80.4,33.76,30.1,train
syn_f002253-1-Pre,36.0,89.68468468468467,93.0,113.38738738738743,123.0,24.0,39.0,59.37737737737734,53.0,60.0,67.21921921921921,59.0,156.35,67.81,54.57,91.28,47.61,32.68,32.82,58.53,28.24,20.34,val
syn_f002270-2-Pre,44.25225225225225,122.0,113.72072072072076,128.0,137.0,37.0,45.6876876876877,95.0,82.0,100.47847847847852,105.27627627627623,77.0,165.53,100.06,80.12,104.42,60.8,45.04,39.97,82.11,34.89,34.61,train
syn_f002299-1-Pre,44.88888888888887,116.0,121.29629629629628,129.0,134.0,33.0,50.0,95.0,89.0,96.0,91.0,65.0,167.47,98.55,81.08,100.02,54.15,38.02,35.87,86.43,35.33,28.6,train
syn_f002300-2-Pre,52.34834834834837,118.033033033033,129.0,135.987987987988,143.70870870870868,44.0,49.0,94.0,97.0,103.0,90.0,72.0,174.71,102.25,85.71,109.57,61.64,36.58,37.36,91.08,37.29,33.5,train
syn_f002305-2-Pre,53.23123123123125,120.0,134.55455455455456,139.0,151.0,41.75175175175176,48.0,98.49049049049049,98.62062062062064,107.0,99.75375375375376,80.0,168.21,103.49,84.74,110.82,64.06,42.85,39.49,94.94,35.97,35.02,train
syn_f002306-1-Pre,53.024024024024015,122.80780780780782,114.0,115.0,123.0,35.0,49.53753753753753,101.0,87.0,101.0,95.62762762762765,72.0,164.84,104.15,88.06,95.75,56.42,40.34,36.31,83.49,36.14,33.09,train
syn_f002310-2-Pre,53.15015015015011,120.0,139.2302302302302,143.0,153.0,41.0,49.0,96.0,86.59459459459458,103.83783783783784,107.0,86.0,160.55,101.91,82.32,115.37,67.53,47.3,40.06,96.1,37.52,35.2,test
syn_f002320-2-Pre,46.12612612612613,114.31831831831832,120.39339339339338,124.0,137.0,38.0,47.21021021021021,97.0,81.83383383383386,98.0,97.0,80.20720720720715,168.82,101.65,77.24,103.21,63.48,43.39,41.52,83.17,34.83,33.64,train
syn_f002324-2-Pre,53.83883883883885,114.8898898898899,132.33133133133134,143.0,152.48548548548547,42.0,47.34534534534535,86.51751751751755,86.7967967967968,105.40040040040036,103.1741741741742,81.0,179.72,98.52,75.49,113.48,66.83,43.73,41.24,84.68,35.48,33.62,train
syn_f002346-0-Pre,88.32432432432435,111.0,140.13513513513516,149.0,153.0,38.11311311311312,52.0,95.3173173173173,101.0,109.77977977977974,98.79579579579575,80.0,168.82,101.19,84.59,118.52,65.4,45.55,40.21,99.72,36.28,32.82,train
syn_f002354-0-Pre,50.86186186186183,130.0,133.5215215215215,135.0,141.0,40.0,53.98798798798799,96.86986986986986,100.0,108.0,104.0,69.12612612612611,165.71,105.16,89.05,107.06,56.69,35.74,31.59,95.04,38.51,33.2,test
syn_f002355-3-Pre,56.995995995996,114.41341341341342,108.45745745745744,124.75875875875874,142.0,38.0,47.0,85.0,59.57957957957956,81.27627627627623,86.0,76.0,167.13,95.49,62.3,104.58,61.54,42.92,41.66,68.76,36.18,32.73,train
syn_f002374-0-Pre,51.8898898898899,122.0,140.0,143.93293293293294,145.0,35.0,48.0,103.15815815815816,90.73073073073073,100.0,97.0,79.52252252252254,175.5,108.01,89.16,111.46,64.28,43.38,39.34,95.33,35.55,28.99,val
syn_f002382-2-Pre,53.441441441441455,132.11411411411413,127.75375375375376,130.0,136.0,41.0,53.0,112.0,96.0,114.0,113.73273273273276,80.0,167.72,116.05,90.79,109.68,63.66,44.08,42.01,96.15,40.41,35.19,unknown
syn_f002388-1-Pre,39.0,109.0,99.13513513513516,116.64864864864865,128.0,28.0,47.960960960960975,83.0,63.81181181181179,73.47647647647648,76.0,60.0,168.44,88.42,67.53,93.29,48.64,35.16,31.75,68.08,33.05,22.99,train
syn_f002390-0-Pre,45.4014014014014,110.0,111.55955955955956,122.0,130.0,33.0,47.0,93.83683683683684,88.38538538538538,98.0,101.0,72.54954954954957,165.78,93.79,76.71,101.87,54.34,36.8,35.25,84.58,35.45,29.54,test
syn_f002390-3-Pre,51.10110110110108,121.31131131131131,104.1991991991992,116.0,134.0,36.0,50.0,94.0,80.0,99.0,105.0,75.0,165.78,100.32,72.18,101.44,59.23,38.06,41.06,77.81,38.28,33.46,train
syn_f002399-2-Pre,51.85885885885885,138.0,130.50150150150148,146.0,156.0,43.0,54.0,107.0,96.81881881881884,116.0,119.72672672672672,85.0,180.31,115.5,91.92,119.42,68.6,45.94,43.6,94.12,41.5,35.14,train
syn_f002405-0-Pre,47.38238238238239,126.0,145.0,148.0,148.0,42.0,53.0,102.55755755755754,110.0,118.08308308308308,114.0,78.0,170.54,104.49,97.72,117.58,63.0,45.74,38.81,107.11,39.25,34.94,train
syn_f002405-2-Pre,49.34034034034035,130.0,141.23223223223223,145.0,153.0,44.0,55.0,103.0,107.0,120.0,115.0,82.0,170.54,108.63,95.61,117.16,66.06,46.32,42.46,105.01,40.81,37.39,train
syn_f002414-2-Pre,47.2012012012012,124.90390390390388,121.5255255255255,137.0,151.0,48.0,49.0,101.0,81.84084084084083,105.0,105.0,88.0,182.84,107.03,79.13,115.86,68.83,42.58,40.19,81.09,36.06,31.83,val
syn_f002446-3-Pre,62.95795795795794,129.0,126.0,134.0,149.0,41.0,49.09009009009009,101.02402402402402,95.64264264264264,114.3303303303303,111.0,92.0,169.17,111.68,86.45,115.47,71.65,45.99,42.1,94.11,39.19,37.84,test
syn_f002454-1-Pre,51.86586586586587,136.0,117.0,144.0,152.0,44.3923923923924,59.663663663663655,121.0,113.46746746746746,118.0,128.0,103.0,162.2,122.07,102.34,120.77,75.23,51.31,43.65,100.45,43.07,41.73,val
syn_f002455-1-Pre,50.66866866866864,105.96796796796798,112.0,117.0,121.0,32.0,47.86786786786787,88.0,73.41841841841841,86.0,86.24924924924926,65.0,154.92,92.06,71.23,92.08,49.9,35.52,33.14,80.12,34.99,27.8,val
syn_f002472-2-Pre,58.2852852852853,109.05905905905904,123.10410410410412,134.0,146.0,37.0,48.49249249249249,90.33133133133134,77.11311311311312,90.86086086086084,89.0,72.0,173.95,94.84,72.9,105.61,59.38,38.45,37.4,78.09,35.0,31.37,unknown
syn_f002475-2-Pre,58.41241241241244,116.0,143.0,140.92392392392395,146.0,43.0,47.43843843843844,99.25025025025025,116.1941941941942,122.0,108.0,82.0,166.19,104.11,90.12,117.39,65.52,44.52,40.93,107.31,37.13,38.43,train
syn_f002478-2-Pre,44.0,114.0,103.29629629629628,125.0,139.0,33.0,47.0,92.0,77.40140140140139,94.0,95.20120120120116,74.18018018018017,167.08,95.64,73.98,106.79,58.6,40.27,38.88,76.46,33.98,27.96,unknown
syn_f002484-0-Pre,45.0,111.0,108.13113113113111,123.0,127.63263263263264,34.0,54.00900900900898,103.17617617617616,84.0,95.45545545545548,97.1231231231231,86.0,151.03,98.32,78.64,101.16,58.49,43.49,31.78,84.47,36.18,29.67,test
syn_f002489-1-Pre,63.514514514514445,138.82182182182183,141.98098098098097,147.0,153.0,43.0,53.6906906906907,123.0,109.0,127.0,123.34834834834834,86.0,170.78,123.77,104.57,121.68,69.01,45.45,37.8,103.01,42.15,36.05,val
syn_f002492-0-Pre,41.997997997998,102.0,110.9149149149149,135.0,148.0,36.0,37.43843843843844,79.25025025025025,69.19419419419421,88.0,92.6906906906907,79.39639639639637,167.36,83.58,64.88,114.79,64.69,46.9,36.62,74.17,29.81,27.85,unknown
syn_f002494-2-Pre,41.497497497497534,105.0,117.45545545545548,132.0,147.0,38.88488488488491,42.91591591591592,81.75575575575576,86.0,96.69169169169172,93.0,80.0,158.18,91.89,74.19,106.16,65.05,43.1,42.44,84.33,32.68,31.67,train
syn_f002510-3-Pre,42.0,130.0930930930931,100.5885885885886,131.0,146.36636636636638,39.0,51.3153153153153,96.0,79.91591591591589,101.978978978979,108.0,77.81081081081078,159.21,98.9,75.54,106.88,63.16,43.75,38.16,82.48,36.64,34.57,test
syn_f002515-1-Pre,41.84884884884886,113.0,127.03803803803804,140.0,147.0,37.0,43.0,91.0,91.0,105.82482482482482,98.40240240240234,83.0,167.14,95.47,81.1,113.51,66.47,43.75,35.05,89.39,31.81,30.23,train
syn_f002516-3-Pre,43.0,122.56656656656656,100.4224224224224,114.0,136.0,35.17417417417417,46.86786786786787,86.56856856856857,66.2092092092092,87.0,94.0,76.0,154.35,96.15,69.12,102.46,61.86,42.52,39.84,76.04,34.18,31.95,test
syn_f002522-2-Pre,47.34034034034035,101.7197197197197,108.46446446446448,119.01101101101102,124.0,31.0,45.90990990990991,74.97597597597598,81.64264264264264,89.0,88.0,71.0,169.68,85.26,67.73,99.65,55.38,35.1,33.29,72.34,34.07,24.73,train
syn_f002523-2-Pre,54.38738738738736,111.50150150150152,106.32732732732732,127.0,140.0,36.0,42.18618618618619,71.64964964964963,71.12812812812814,90.0,91.033033033033,79.0,162.35,88.73,70.07,105.63,62.4,44.25,43.5,73.64,34.24,33.18,train
syn_f002527-2-Pre,73.01801801801798,110.90990990990991,128.0,133.0,137.0,34.41441441441444,50.6876876876877,93.0,101.0,108.0,96.13813813813812,76.0,165.34,101.98,83.78,107.37,61.29,37.42,37.38,91.76,37.65,31.08,test
syn_f002528-1-Pre,45.0,134.0,129.0,138.0,144.0,45.0,48.81681681681681,113.0,102.04004004004004,120.994994994995,118.8228228228228,91.0,156.75,115.96,96.96,114.89,70.6,44.42,35.43,104.05,36.87,38.19,train
syn_f002536-1-Pre,51.3123123123123,128.67167167167167,130.0,142.0,147.0,40.48648648648648,48.45645645645645,96.0,96.0,108.00700700700702,106.0,75.0,175.96,103.57,89.22,110.08,60.8,42.12,38.41,93.25,36.02,32.78,train
syn_f002558-2-Pre,54.41941941941943,124.0,135.0,139.0,143.0,43.0,51.0,101.0,95.0,105.0,97.1951951951952,76.72072072072075,179.76,108.93,91.08,108.15,62.98,39.64,39.0,95.21,39.21,37.0,val
syn_f002571-3-Pre,44.0,114.74974974974975,90.7787787787788,110.77277277277278,127.26026026026028,32.0,47.0,88.0,63.760760760760775,82.9049049049049,86.0,78.0,151.33,93.99,70.0,101.28,60.32,41.66,39.51,68.83,35.38,30.87,unknown
syn_f002573-2-Pre,51.75975975975976,117.0,133.2982982982983,142.0,153.0,37.49849849849849,51.006006006006,92.0,91.0,103.35535535535536,95.57957957957962,80.06306306306305,176.6,99.83,82.44,112.34,65.99,43.2,43.83,93.07,38.49,33.75,test
syn_f002573-3-Pre,56.09109109109106,120.87587587587586,133.0,140.59059059059064,156.0,38.173173173173154,52.006006006006,93.0,90.15715715715714,104.0,96.0,83.0,176.6,101.17,81.79,112.43,67.41,43.43,45.71,91.76,39.4,35.64,train
syn_f002596-2-Pre,45.0,119.82182182182184,129.4904904904905,139.4284284284284,152.0,39.0,46.24024024024024,90.0,88.0,100.0,96.8168168168168,86.0,170.2,99.93,81.61,115.14,67.8,41.91,39.17,86.02,34.67,34.16,val
syn_f002598-2-Pre,51.39539539539544,118.0,122.03803803803804,126.0,136.44244244244243,34.0,49.0,100.0,90.0,105.45145145145148,103.6906906906907,77.0,166.21,104.84,80.99,107.92,59.24,39.89,34.2,86.47,37.6,32.67,test
syn_f002601-0-Pre,45.71471471471472,112.0,106.0,119.56156156156158,129.0,30.0,41.087087087087085,91.88988988988989,79.55455455455456,89.0,92.09609609609606,69.58558558558559,164.18,93.58,73.69,100.19,51.23,36.5,31.86,77.43,31.69,25.74,train
syn_f002625-1-Pre,45.0,110.12112112112112,111.0,122.0,132.0,31.0,46.0,87.73073073073073,78.0,87.88088088088091,87.0,67.0,169.79,91.55,77.28,101.73,55.5,38.05,36.28,77.51,34.87,27.67,train
syn_f002631-1-Pre,46.969969969969966,110.73373373373371,126.24124124124126,134.0,145.0,36.0,49.0,95.0,85.92192192192195,100.7597597597598,100.49549549549543,74.0,174.82,97.44,78.52,108.58,59.47,41.27,35.89,85.1,35.07,31.62,train
syn_f002638-1-Pre,43.01001001001001,114.0,118.35635635635634,131.89689689689692,137.74974974974975,36.0,46.0,88.84784784784787,84.8598598598598,102.0,103.0600600600601,80.99099099099101,149.27,92.19,78.16,106.33,61.27,45.85,35.35,89.97,34.17,30.42,unknown
syn_f002654-0-Pre,41.0,108.0,128.0,139.0,145.0,31.0,43.0,84.0,84.11311311311312,91.0,90.0,69.82882882882882,174.44,89.2,74.75,109.09,57.72,40.82,37.09,85.21,31.42,26.25,train
syn_f002665-2-Pre,44.0,131.80780780780782,134.1021021021021,146.0,155.24024024024027,44.0,56.3123123123123,104.71671671671672,93.1721721721722,110.0,105.27627627627623,86.0,165.09,108.39,89.04,118.84,70.06,48.91,40.53,97.87,39.11,37.11,val
syn_f002668-0-Pre,47.43543543543544,126.0,130.00300300300302,135.0,130.7717717717718,36.61961961961961,54.13513513513513,103.98198198198196,100.0,104.0,100.27027027027026,72.0,154.98,105.13,91.13,105.74,56.23,39.81,35.29,99.16,39.91,31.59,train
syn_f002668-2-Pre,51.3383383383383,133.0,125.84484484484484,131.0,134.0,38.0,55.567567567567565,103.0,94.01801801801804,106.0,102.0,74.0,154.98,109.21,89.67,104.67,59.39,40.71,39.13,96.83,41.88,34.19,val
syn_f002682-1-Pre,52.664664664664656,144.0,146.87487487487488,146.4154154154154,143.0,48.0,57.630630630630606,119.58258258258256,116.0,129.0,126.0,92.0,159.16,121.81,104.28,121.78,69.91,49.27,40.59,113.61,43.04,41.95,test
syn_f002695-0-Pre,53.87087087087092,127.0,144.0,149.0,143.0,38.0,52.24324324324324,110.86486486486488,104.86486486486488,114.0,102.02702702702705,79.0,175.23,111.28,95.65,114.81,65.48,41.35,34.34,100.81,37.83,31.19,test
syn_f002727-1-Pre,39.0,105.71271271271272,95.0,116.0,129.0,32.0,44.13813813813813,77.0,60.385385385385376,72.65365365365358,75.3303303303303,64.0,167.32,84.14,63.48,96.28,52.91,38.07,35.92,65.38,31.48,26.17,val
syn_f002734-0-Pre,45.63863863863864,117.0,128.0,131.0,133.0,32.0,46.0,83.0,82.04704704704704,92.0,86.81681681681681,64.47747747747746,170.62,93.94,80.73,103.64,53.23,36.4,34.24,83.31,34.6,22.65,test
syn_f002740-2-Pre,39.0,106.93293293293294,81.71271271271269,99.0,109.0,30.0,55.5135135135135,75.978978978979,56.0,64.0,69.0,58.29729729729729,148.76,78.96,59.13,85.17,45.55,33.84,29.6,60.72,31.21,24.45,unknown
syn_f002753-2-Pre,48.3113113113113,129.1071071071071,131.36536536536534,131.0,139.0,37.0,46.53753753753753,107.0,88.76776776776774,107.0,100.0,78.0,164.45,110.74,89.87,106.73,62.16,41.31,39.98,89.95,34.97,33.8,train
syn_f002764-2-Pre,42.62662662662663,106.6016016016016,99.81581581581575,124.0,134.0,33.0,45.0,75.64964964964963,60.0,75.98398398398399,78.033033033033,67.04504504504501,162.26,81.52,58.17,99.64,53.99,34.9,35.59,66.23,33.13,27.6,val
syn_f002765-2-Pre,42.0,128.8338338338338,138.1091091091091,141.12112112112112,150.1871871871872,40.99299299299298,47.81081081081081,110.21621621621622,91.0,109.97297297297295,109.0,81.0,168.03,112.98,90.76,116.14,65.15,44.55,37.79,96.45,34.07,35.84,train
syn_f002769-2-Pre,47.063063063063055,134.5225225225225,130.90990990990994,139.0,148.0,44.0,55.009009009009006,112.0,101.93093093093094,119.36636636636638,122.0,86.0,170.52,116.52,94.76,115.63,67.83,45.68,41.07,101.21,40.69,38.82,train
syn_f002773-0-Pre,38.16416416416416,103.1001001001001,106.97697697697696,124.0,126.2082082082082,30.607607607607605,39.0,81.70270270270271,64.59459459459458,78.83783783783784,83.0,65.16216216216219,161.29,85.29,68.17,97.42,52.39,36.61,31.26,70.89,28.26,23.96,train
syn_f002781-0-Pre,43.90990990990991,119.0,131.17117117117118,143.0,145.0,41.0,50.0,116.0,99.0,111.983983983984,114.0,85.04504504504501,162.69,110.39,91.14,113.1,63.25,44.3,34.98,98.83,36.58,35.12,val
syn_f002782-0-Pre,50.72672672672672,120.0,144.0,155.0,153.33633633633633,41.0,48.49249249249249,109.0,109.0,122.0,113.4744744744745,90.0,173.61,108.97,92.31,125.83,73.71,46.35,36.1,104.98,38.23,35.97,val
syn_f002784-3-Pre,44.758758758758745,125.0,103.81181181181182,117.0,128.0,36.0,49.06906906906906,94.0,74.97397397397398,93.0,97.0,71.0,153.58,100.23,76.74,94.53,55.73,40.88,37.92,78.45,36.37,32.88,train
syn_f002787-0-Pre,44.0,110.0,120.0,136.0,134.0,34.0,47.0,92.66366366366368,88.0,100.62462462462464,98.0,73.0,167.35,92.42,78.09,104.2,56.96,40.34,34.36,88.44,34.47,28.49,train
syn_f002798-3-Pre,75.96196196196198,128.0,146.84584584584584,150.0,158.0,45.46246246246247,56.0,108.91791791791792,105.30430430430432,117.03803803803804,101.45345345345343,86.98198198198196,173.28,114.94,93.38,118.35,70.88,46.87,46.27,101.51,40.52,39.93,val
syn_f002811-2-Pre,68.3963963963964,133.6576576576577,137.68468468468467,143.0,151.0,43.0,54.0,112.0,98.32632632632632,114.0,111.0,85.0,173.9,117.05,92.52,114.34,68.54,47.44,41.7,100.57,40.21,38.55,train
syn_f002811-3-Pre,68.11711711711712,138.0,135.36936936936934,141.0,153.0,44.0,56.0,112.45145145145143,97.65265265265263,115.0,111.00600600600598,87.0,173.9,119.99,90.95,114.43,69.84,47.73,43.57,99.07,40.99,40.54,unknown
syn_f002826-3-Pre,316.70470470470445,137.67167167167167,151.0,148.0,159.0,51.0,63.0,115.69169169169167,118.75275275275274,130.0,112.06906906906907,96.0,176.21,127.12,95.68,123.19,75.79,49.58,45.47,107.69,43.89,44.34,train
syn_f002831-1-Pre,44.0,113.0,114.0,125.75875875875874,133.0,35.0,47.0,98.0,86.59859859859861,101.0,99.20120120120116,75.0,166.65,102.38,77.41,110.06,58.67,40.58,34.86,85.52,35.57,30.07,test
syn_f002832-0-Pre,56.36536536536539,96.0,123.0,134.0,136.0,37.0,45.0,77.0910910910911,75.0,85.0,84.0,70.0,172.33,82.57,68.37,103.69,57.75,41.55,36.28,75.93,33.34,27.52,unknown
syn_f002835-2-Pre,55.41641641641641,107.01001001001003,109.84884884884885,123.0,138.0,37.0,47.0,89.59659659659661,85.0,101.13013013013013,103.0,78.0,163.55,95.62,74.7,104.12,62.2,40.1,37.12,81.85,37.69,31.6,val
syn_f002837-0-Pre,64.95495495495486,115.0,131.0,139.0,141.0,35.0,43.0,94.0,93.0,102.3773773773774,92.15915915915916,76.12612612612611,165.74,99.04,86.85,109.64,61.92,40.97,31.42,89.86,33.21,29.96,train
syn_f002848-3-Pre,49.0,136.8058058058058,133.33233233233233,143.0,160.0,46.0,54.36336336336336,107.0,97.65865865865868,123.0,127.5645645645646,92.0,162.57,115.02,92.9,120.71,73.88,50.54,43.5,101.11,40.59,40.74,train
syn_f002869-3-Pre,43.16416416416416,114.1001001001001,110.97697697697696,123.78178178178176,137.0,35.0,52.88588588588589,89.23623623623624,75.3193193193193,92.0850850850851,92.0,76.0,161.97,96.63,70.22,101.27,59.0,40.09,37.33,79.12,36.88,30.7,unknown
syn_f002873-3-Pre,43.5945945945946,108.4324324324324,86.27027027027032,113.29729729729728,136.0,32.0,46.489489489489486,86.0,58.02502502502503,78.0,86.0,79.63963963963965,168.75,92.1,59.12,102.56,62.73,41.33,42.93,64.08,34.48,30.36,test
syn_f002879-3-Pre,49.69969969969969,138.01201201201204,125.0,142.0,144.0,43.0,56.0,113.0,92.0,110.07407407407408,112.0,81.33333333333337,166.91,116.22,94.33,111.19,64.56,41.83,41.49,94.29,41.16,37.15,train
syn_f002903-2-Pre,41.68668668668669,127.6016016016016,127.0,134.0,148.0,39.0,53.44144144144143,105.64964964964965,96.12812812812814,112.0,102.033033033033,87.0,162.02,111.59,92.2,109.9,68.68,44.56,36.7,96.82,35.92,34.59,train
syn_f002935-0-Pre,50.72472472472475,100.17217217217215,108.2002002002002,123.0,130.0,30.0,41.0,71.0,78.0,83.54554554554554,80.31231231231232,60.3063063063064,156.69,80.12,65.86,98.3,48.54,35.59,30.1,74.62,30.85,23.29,train
syn_f002938-1-Pre,48.90990990990991,130.0,122.5855855855856,132.85585585585585,130.0,37.0,53.21321321321322,108.0,95.0,112.0,116.0,76.0,163.01,111.34,92.4,109.24,57.84,39.78,37.91,95.92,40.33,33.4,train
syn_f002943-0-Pre,52.41241241241244,113.2092092092092,122.94094094094096,136.92392392392395,140.0,38.0,47.0,93.42342342342344,88.0,102.92792792792795,102.0,78.0,165.17,97.65,81.71,108.88,62.14,43.42,37.71,86.75,35.98,32.4,val
syn_f002945-3-Pre,45.49249249249249,103.0,107.97697697697696,122.0,138.0,34.30630630630631,40.58558558558559,78.0,74.53153153153158,95.0,92.0,78.0,161.54,87.3,64.16,102.62,60.11,39.51,39.77,71.45,29.8,29.98,val
syn_f002955-1-Pre,44.76076076076076,115.9029029029029,104.33233233233231,126.0,139.0,36.0,46.0,82.0,77.49149149149144,91.0,97.0,76.0,162.99,91.35,75.89,104.98,58.83,43.56,40.06,77.84,34.79,29.05,train
syn_f002967-3-Pre,45.18518518518516,117.81481481481484,108.0,121.0,137.0,34.344344344344336,49.0,80.0,74.62062062062063,92.84484484484484,91.0,71.93693693693695,167.92,93.82,71.41,102.78,57.59,39.66,41.91,75.83,34.31,29.92,train
syn_f002987-3-Pre,64.65065065065063,117.12812812812814,123.0,141.68068068068067,154.0,38.0,47.89189189189189,95.0,99.0,110.0,100.0,86.0,172.9,105.2,81.55,113.77,67.45,43.84,40.84,91.5,34.66,34.07,test
syn_f002988-2-Pre,55.3813813813814,127.0930930930931,144.2942942942943,148.0,155.0,45.0,52.0,102.28928928928929,105.48848848848849,119.0,108.43843843843842,88.0,159.1,112.69,94.81,118.91,71.52,47.59,41.37,108.77,38.28,39.29,test
syn_f002997-0-Pre,46.52452452452451,119.0,127.14614614614608,136.3973973973974,139.11311311311312,36.0,48.64564564564565,93.0,97.0,105.29929929929926,104.0,69.0,179.34,98.1,86.8,106.97,57.55,39.24,36.18,93.42,36.56,28.49,train
syn_f003005-3-Pre,58.22622622622623,103.14214214214216,114.0,126.0,147.0,40.0,47.0,80.93193193193193,79.35835835835832,102.0,100.0,88.0,178.42,92.39,65.65,111.65,68.37,43.63,46.12,75.63,36.23,34.54,train
syn_f003040-3-Pre,54.961961961961975,137.0,126.69169169169167,137.2082082082082,151.0,41.0,51.95795795795794,98.2112112112112,94.8998998998999,115.0,110.94294294294292,84.0,172.37,108.12,91.74,111.95,68.15,43.93,44.67,94.37,41.35,36.86,train
syn_f003065-1-Pre,39.0,112.7937937937938,102.7137137137137,124.0,131.0,35.0,46.98198198198196,98.0,76.48848848848849,89.0,91.43843843843842,73.23423423423424,160.14,97.12,71.82,98.75,56.94,36.42,34.29,76.14,32.01,27.37,test
syn_f003067-2-Pre,60.41941941941943,102.8898898898899,117.0,125.02002002002,136.0,42.84784784784787,52.0,88.0,81.0,92.0,85.1951951951952,69.0,180.32,93.92,75.46,99.22,57.01,36.43,37.78,78.69,36.78,28.23,test
syn_f003069-2-Pre,52.6906906906907,110.0930930930931,112.2942942942943,124.0,133.0,33.64364364364363,46.0,81.0,79.0,90.0,87.0,67.0,159.14,91.53,70.06,97.48,54.73,37.1,34.09,79.35,35.58,30.21,train
syn_f003087-1-Pre,53.32332332332332,154.0,160.62062062062063,167.0,171.0,52.4894894894895,58.3063063063063,133.0,122.34834834834837,141.54354354354354,134.11711711711712,100.0,176.18,135.01,117.29,136.01,80.76,50.41,43.29,119.74,44.61,45.01,val
syn_f003098-3-Pre,65.71371371371373,123.0,136.10410410410412,145.62562562562567,159.0,44.0,51.0,104.91791791791792,106.60860860860862,122.0,113.0,89.98198198198196,173.31,109.45,88.2,117.85,72.91,51.33,48.0,96.24,38.91,39.89,test
syn_f003106-2-Pre,43.74374374374375,127.0,123.10910910910911,135.0,140.0,41.0,48.0,101.0,95.0,109.22022022022026,98.79579579579575,75.0,169.25,105.77,83.59,105.51,61.06,39.7,37.58,90.74,35.0,35.18,train
syn_f003121-2-Pre,41.0,108.2022022022022,110.49349349349352,125.0,135.0,35.294294294294275,47.0,93.94294294294296,79.0,93.0,91.0,67.37837837837833,162.65,95.22,72.88,101.27,56.02,39.03,38.35,81.9,33.49,30.84,val
syn_f003124-1-Pre,54.71371371371373,122.0,141.0,151.0,156.0,44.0,51.09309309309309,98.15815815815816,106.73073073073073,123.0,115.5165165165165,84.0,175.06,105.14,90.54,119.58,69.17,45.1,41.96,100.49,39.56,35.74,test
syn_f003142-2-Pre,59.12612612612613,116.0,118.78678678678676,132.0,148.0,40.0,46.36036036036036,93.0,86.0,103.0,97.0,82.0,168.59,100.77,78.45,111.13,65.72,44.41,40.12,82.35,36.23,34.3,val
syn_f003144-3-Pre,64.5375375375375,103.0,127.0,144.0,149.0,36.0,47.0,85.67767767767765,92.7557557557558,101.0,98.3903903903904,87.0,171.57,99.16,76.37,112.54,68.35,43.21,41.13,85.79,35.84,32.87,test
syn_f003156-2-Pre,42.967967967967965,117.38538538538538,107.6806806806807,118.0,130.0,34.0,47.93393393393396,88.80880880880883,83.0,94.0,102.0,75.0,155.96,96.57,77.44,100.97,56.43,41.07,36.66,81.83,34.25,32.51,unknown
syn_f003156-3-Pre,43.18118118118119,123.0,105.2002002002002,116.0,132.0,35.0,47.96696696696698,88.80880880880883,80.63563563563562,95.0,102.31231231231232,76.0,155.96,99.02,76.26,100.16,58.32,41.56,38.66,80.23,35.19,33.9,unknown
syn_f003172-3-Pre,46.78778778778778,133.0,120.98098098098096,133.0,145.6106106106106,40.0,50.60960960960962,98.0,87.45145145145145,106.0,106.0,84.0,170.34,107.19,82.43,108.11,66.24,44.36,43.36,86.76,37.03,34.78,val
syn_f003184-2-Pre,51.57357357357358,120.019019019019,119.0,126.53853853853856,137.0,37.0,48.0,96.0,87.23823823823824,96.0,92.79579579579575,76.0,169.23,101.1,82.6,101.43,60.25,41.3,41.26,85.5,36.13,31.73,train
syn_f003189-1-Pre,45.29129129129132,106.17417417417415,112.96996996996998,128.0,138.0,33.0,44.81981981981981,91.38138138138136,76.95195195195197,90.0,89.0,77.0,150.96,90.98,75.96,104.94,58.0,39.26,30.53,84.76,34.03,27.18,unknown
syn_f003191-3-Pre,60.49849849849846,130.0,116.2372372372372,131.0,144.0,40.69169169169172,54.41141141141141,104.0,85.59859859859861,110.17517517517518,110.0,85.0,166.41,109.99,86.6,112.41,68.01,43.31,42.56,85.88,41.26,36.24,test
syn_f003205-1-Pre,49.519519519519534,113.4064064064064,109.0,133.0,142.0,37.0,48.063063063063055,91.0,78.0,97.23123123123122,99.4144144144144,82.0,163.88,95.4,74.42,108.68,62.14,39.56,34.38,81.07,37.61,32.37,train
syn_f003205-3-Pre,56.6226226226226,122.21421421421422,103.36536536536534,129.0,144.0,39.0,50.0,92.0,73.15015015015015,99.0,102.0,82.0,163.88,100.96,71.2,109.2,65.24,40.27,38.24,76.7,39.72,35.42,train
syn_f003207-2-Pre,42.0,106.90990990990991,90.72072072072076,115.0,132.0,28.0,46.0,73.0,60.57657657657657,78.0,85.0,70.0,166.12,81.62,60.36,100.64,55.52,37.41,37.55,63.8,33.85,25.31,test
syn_f003211-3-Pre,49.39039039039038,116.25625625625628,126.26526526526528,135.0,150.0,40.0,52.042042042042056,96.2112112112112,98.7997997997998,116.0,113.0,94.5585585585585,172.59,106.13,80.05,118.01,71.78,46.39,45.91,91.53,38.43,37.88,train
syn_f003214-0-Pre,43.02902902902903,110.0,106.13313313313311,124.0,128.0,37.0,47.0,90.0,80.0,88.59059059059058,92.0,81.0,159.14,91.71,75.99,100.9,56.23,38.48,31.97,78.92,34.2,30.97,unknown
syn_f003215-2-Pre,41.83583583583584,115.1001001001001,106.48848848848849,123.0,137.0,37.0,47.0,88.82282282282281,76.51051051051053,89.1861861861862,88.0,75.0,161.81,94.1,73.66,102.26,60.3,41.84,38.75,76.49,34.67,31.19,train
syn_f003221-2-Pre,44.03603603603604,121.0,132.46846846846847,151.0,161.0,38.0,51.744744744744736,105.93193193193191,97.17917917917916,119.6026026026026,112.0,85.0,178.4,106.19,85.13,119.56,69.85,43.97,43.05,93.96,37.17,32.98,train
syn_f003234-3-Pre,54.09209209209206,133.19319319319317,119.78278278278276,133.0,146.0,44.0,53.0,111.8228228228228,94.51051051051051,116.1861861861862,117.0,90.0,160.58,117.76,90.56,111.64,70.27,47.22,40.85,91.65,39.08,37.58,train
syn_f003237-2-Pre,43.97097097097097,112.49449449449452,100.26626626626626,113.0,121.0,34.0,44.0,89.0,66.16816816816822,81.4894894894895,87.0,67.0,160.01,92.45,68.83,92.75,52.35,34.0,35.92,71.91,33.49,28.99,train
syn_f003242-1-Pre,51.05005005005003,147.33233233233236,140.56356356356355,157.0,169.0,48.0,56.75675675675676,123.86486486486488,114.0,132.0,137.02702702702703,96.0,175.23,129.13,107.01,130.08,76.35,52.19,42.19,110.87,43.12,43.11,train
syn_f003242-2-Pre,54.10010010010007,148.0,137.78178178178177,155.0,171.0,48.85085085085086,57.75675675675676,123.0,111.13513513513512,133.0,138.02702702702703,97.0,175.23,131.58,105.52,129.89,77.66,52.48,44.03,108.3,44.07,44.4,train
syn_f003255-1-Pre,59.7077077077077,105.1791791791792,114.0,130.0,143.0,38.54754754754754,45.0,93.04904904904905,85.0,96.75775775775772,94.75075075075074,82.0,157.78,94.5,72.98,112.36,63.79,42.58,34.61,84.06,36.4,31.55,train
syn_f003262-2-Pre,43.0,111.96096096096096,101.0,113.0,126.60060060060056,33.0,54.31831831831831,94.0,67.0,83.0,86.0,73.3423423423423,153.97,94.03,71.55,96.68,56.78,36.92,35.2,75.18,35.67,29.34,train
syn_f003266-0-Pre,46.21021021021021,112.31831831831832,132.0,150.06606606606607,158.0,43.0,48.0,96.0,106.28528528528528,115.0,107.30630630630628,89.0,169.26,100.73,84.16,122.73,70.61,48.97,40.13,96.35,34.87,34.78,train
syn_f003270-2-Pre,46.76076076076076,110.9029029029029,109.16616616616616,120.67167167167167,131.0,30.0,42.81381381381381,91.0,69.12812812812814,78.01601601601601,76.0,65.0,162.96,93.66,70.88,96.81,53.5,31.94,32.86,73.37,33.53,26.12,val
syn_f003283-3-Pre,60.29329329329329,118.73373373373371,127.0,129.0,146.0,38.0,51.0,99.0,95.73073073073073,112.0,103.5165165165165,80.0,175.11,105.3,79.88,107.55,65.25,42.74,43.4,90.69,37.48,33.87,train
syn_f003288-3-Pre,45.85685685685687,118.05905905905904,119.0,128.62562562562567,151.0,34.05305305305305,48.0,86.0,78.49549549549548,92.0,85.0,73.13513513513516,173.86,97.1,72.78,105.09,61.57,39.49,40.65,78.86,35.08,30.49,train
syn_f003298-1-Pre,37.0,93.0,95.94394394394396,116.94694694694698,128.0,28.0,43.0,79.0,54.29729729729729,66.0,67.0,62.081081081081095,160.62,78.38,56.24,95.36,49.88,37.02,31.85,64.65,29.52,22.0,train
syn_f003301-1-Pre,46.0,118.0,142.55855855855856,152.0,153.5495495495495,48.0,57.0,111.013013013013,97.09809809809808,112.0,107.91591591591587,81.61261261261257,185.87,109.91,84.2,118.79,66.81,46.19,39.26,99.58,39.29,33.24,train
syn_f003308-0-Pre,41.0,113.9029029029029,126.33233233233231,139.0,141.03803803803805,39.67967967967968,41.0,95.0,87.15015015015015,102.23123123123122,99.0,80.16216216216213,163.02,95.34,84.98,117.08,64.18,45.44,35.5,86.46,31.72,32.01,train
syn_f003310-0-Pre,45.15515515515517,108.0,129.52352352352352,145.0,146.87887887887888,35.0,51.7927927927928,86.0,94.0,99.0,92.50450450450457,67.67567567567562,174.37,89.27,79.64,114.03,57.56,41.14,37.14,90.56,37.27,26.79,val
syn_f003319-2-Pre,48.25525525525524,101.19319319319315,103.78278278278276,117.4194194194194,133.0,31.0,41.0,79.995995995996,68.0,89.0,87.0,72.0,160.03,88.24,69.54,99.11,57.57,39.94,36.42,74.64,32.07,26.74,unknown
syn_f003331-3-Pre,67.16816816816817,122.31831831831832,115.39339339339338,130.06606606606607,152.0,42.0,50.09009009009009,107.0,83.64264264264264,108.6696696696697,105.0,88.0,169.09,112.49,81.56,114.57,69.88,48.75,45.71,83.69,39.17,37.79,val
syn_f003335-0-Pre,41.0,105.0,106.87487487487488,129.0,133.0,34.0,45.43243243243245,88.0,76.65765765765764,88.0,89.1351351351351,72.27027027027032,158.65,86.77,71.82,101.75,55.73,37.69,32.91,79.64,31.98,26.04,train
syn_f003339-2-Pre,47.59759759759761,115.69869869869868,113.0,125.0,140.0,38.0,48.69369369369369,92.1161161161161,83.0,96.26326326326324,93.0,77.0,160.92,99.71,78.29,103.54,61.74,41.21,37.94,82.0,36.19,33.2,train
syn_f003341-1-Pre,42.0,114.0,127.98098098098096,146.0,153.0,39.0,45.60960960960962,98.43743743743744,90.45145145145143,108.56856856856854,105.32732732732734,83.90090090090092,170.11,99.6,83.9,118.07,67.16,43.76,40.7,90.6,33.57,33.68,train
syn_f003356-0-Pre,48.04104104104103,111.0,124.0,138.0,142.0,37.30630630630631,47.91291291291292,97.88988988988989,98.55455455455456,109.68068068068068,108.0,79.0,163.5,99.03,86.81,108.63,61.8,42.06,33.4,94.45,35.1,31.75,unknown
syn_f003358-0-Pre,51.624624624624616,110.0,120.84884884884885,128.0,131.0,35.0,47.76276276276276,95.0,84.95895895895896,93.13013013013013,92.6066066066066,72.0,164.05,94.8,77.94,105.39,57.69,40.57,34.96,84.22,36.22,29.11,unknown
syn_f003366-2-Pre,49.0,137.0,138.1021021021021,141.0,140.0,39.607607607607605,61.0,117.0,109.0,125.0,121.15915915915916,75.0,165.27,118.5,101.38,118.06,61.39,41.81,36.38,106.54,43.54,34.25,train
syn_f003379-3-Pre,291.67067067067103,142.4184184184184,139.94094094094095,139.0,154.0,50.0,59.71171171171172,113.0,109.57957957957956,131.0,125.18018018018024,95.02702702702696,166.24,120.57,97.86,120.31,75.4,50.99,45.54,104.72,45.24,45.71,train
syn_f003409-1-Pre,48.047047047047045,118.3923923923924,112.74974974974975,131.0,137.0,36.0,48.0,88.0,84.0,96.40940940940942,97.0,75.0,159.08,95.78,84.02,103.93,58.46,42.64,38.04,85.02,37.14,30.78,train
syn_f003411-1-Pre,46.0,128.0,111.03603603603602,115.0,118.26126126126128,34.0,54.33033033033029,100.0,86.06206206206207,97.24224224224228,94.37537537537536,70.0,157.88,105.05,85.7,101.31,54.34,38.94,32.03,85.69,38.13,31.7,test
syn_f003414-2-Pre,42.0,121.50150150150152,122.0,126.0,133.0,37.36836836836835,51.02702702702703,97.0,94.93693693693696,110.0,104.0,72.0,162.34,101.33,83.45,103.26,57.2,39.34,36.19,93.37,35.96,30.83,test
syn_f003422-2-Pre,51.15315315315313,148.0,143.16816816816817,157.0,154.2192192192192,47.0,53.85885885885887,128.0,114.47347347347346,133.0,134.87987987987992,91.01801801801804,171.29,130.32,107.26,127.67,70.37,46.78,41.8,111.77,41.33,41.59,train
syn_f003425-3-Pre,45.328328328328325,112.2002002002002,97.48848848848849,108.0,122.7917917917918,29.0,46.0,88.64564564564563,62.0,78.0,78.99099099099101,64.0,162.33,94.99,63.68,90.26,51.14,32.09,35.03,65.12,34.6,26.35,train
syn_f003429-0-Pre,46.0,120.0,113.74674674674677,120.0,125.0,37.655655655655664,58.02702702702703,111.0,97.0,102.88288288288288,107.0,82.89189189189187,162.75,105.34,90.24,98.91,59.18,40.36,37.66,90.74,38.19,31.92,train
syn_f003430-3-Pre,64.41241241241244,135.2092092092092,127.94094094094096,136.07607607607605,147.0,39.0,55.0,111.0,97.0,116.0,114.0,86.45045045045043,165.52,118.15,89.38,112.46,67.81,44.12,41.98,92.87,43.38,37.61,train
syn_f003437-1-Pre,46.0,129.0,123.26126126126128,136.0,136.0,40.0,60.534534534534544,111.0,98.82682682682682,117.0,120.0,84.0,155.48,110.64,94.18,111.5,63.32,46.3,36.09,102.51,40.71,36.32,test
syn_f003448-0-Pre,52.59759759759761,107.69869869869868,121.29929929929932,142.0,152.0,35.35435435435434,42.0,80.82282282282281,84.51051051051053,101.1861861861862,103.0,82.35135135135135,160.99,91.65,75.26,118.58,65.81,44.69,35.0,84.2,33.2,28.32,train
syn_f003460-1-Pre,45.0,128.88888888888889,114.7777777777778,122.0,126.0,37.0,57.51651651651652,105.07107107107106,91.0,103.8938938938939,106.0,78.4234234234234,156.97,110.08,91.06,101.12,59.92,42.71,36.0,89.56,39.52,33.56,unknown
syn_f003462-3-Pre,47.5375375375375,116.24924924924926,103.16816816816817,122.0,141.0,39.0,52.3093093093093,94.0,70.52052052052056,92.0,95.0,77.0,171.16,98.38,69.78,103.14,61.16,42.74,41.45,71.84,39.09,35.06,train
syn_f003472-2-Pre,44.995995995996,122.41341341341342,124.45745745745744,139.0,147.0,41.0,47.0,101.0,90.21621621621622,108.0,103.0,86.0,167.29,106.21,83.63,111.95,68.28,45.9,40.97,91.67,35.35,34.22,train
syn_f003476-2-Pre,43.05605605605605,134.57557557557558,114.8088088088088,131.0,144.0,41.81281281281281,59.75675675675676,116.0,95.6216216216216,112.70270270270272,118.67567567567568,92.0,152.56,118.27,91.78,113.55,70.0,48.6,39.96,96.14,37.75,35.51,unknown
syn_f003478-1-Pre,56.57157157157155,108.6176176176176,132.9479479479479,146.0,153.0,37.0,48.0,87.49049049049049,88.0,105.0,100.0,83.0,168.48,98.07,76.9,118.91,68.09,44.09,36.48,85.28,35.17,32.29,test
syn_f003489-1-Pre,45.0,122.0,107.35835835835836,116.0,123.0,35.0,45.66666666666666,105.0,83.0,90.0,87.33333333333331,70.0,157.33,103.55,82.81,98.43,54.39,38.22,33.36,81.14,35.61,29.95,train
syn_f003499-2-Pre,52.75175175175176,133.63163163163165,143.36236236236238,146.0,154.0,49.0,51.0,113.0,110.70870870870873,128.4114114114114,126.0,92.0,173.97,118.73,101.29,121.31,73.18,46.2,40.3,104.37,39.09,40.11,train
syn_f003504-1-Pre,41.0,109.0,110.26126126126128,127.0,131.0,32.0,48.83483483483482,83.0,70.42242242242244,80.0,82.0,69.76576576576576,155.28,90.26,71.29,99.98,54.43,36.15,30.25,78.25,32.59,26.28,unknown
syn_f003505-0-Pre,46.0,125.0,124.0,143.0,135.0,44.0,53.86486486486488,103.0,99.0,110.0,111.0,89.0,147.49,106.59,95.72,112.43,63.65,43.85,34.18,101.6,36.8,35.9,test
syn_f003512-1-Pre,42.8048048048048,104.61561561561564,124.2042042042042,138.0,144.0,34.703703703703695,49.0,96.0,87.1721721721722,106.0,108.13813813813812,82.0,164.91,95.4,78.99,112.76,65.05,42.97,38.74,82.9,35.7,31.24,train
syn_f003529-2-Pre,47.024024024024015,106.0,132.0,139.0,151.0,41.0,47.0,94.0,98.0,112.0,102.74774774774778,85.0,180.61,102.0,81.19,116.81,67.25,45.04,41.14,89.06,34.2,32.63,test
syn_f003546-3-Pre,43.83883883883884,117.55955955955956,82.65065065065062,96.0,113.0,28.0,46.91891891891892,74.0,50.0,67.70270270270271,74.0,61.35135135135136,154.02,88.05,55.74,87.11,48.96,33.14,35.5,58.95,34.8,25.31,train
syn_f003547-3-Pre,38.83883883883884,109.77977977977976,89.65065065065062,105.0,120.0,27.0,48.31831831831831,80.0,68.99599599599603,87.49949949949948,86.0,65.0,154.14,87.98,68.4,91.22,50.96,35.81,34.52,70.61,33.28,24.96,train
syn_f003563-3-Pre,65.09409409409409,136.0,132.0,139.4154154154154,143.0,46.0,55.16516516516516,115.0,106.48848848848849,125.0,114.87687687687684,82.76576576576576,159.2,120.48,101.68,116.06,65.52,44.56,40.86,104.4,42.89,39.58,train
syn_f003568-2-Pre,44.1911911911912,125.0,114.81281281281284,128.0,141.0,38.0,51.0,105.0,77.0,101.0,104.7747747747748,80.7837837837838,169.38,105.21,77.59,108.74,64.2,45.84,43.85,84.8,37.38,33.87,test
syn_f003591-1-Pre,38.0,101.9029029029029,103.16616616616616,120.67167167167167,135.0,31.25825825825828,44.0,86.0,66.53253253253254,82.43343343343344,87.0,75.46846846846847,163.12,87.67,68.35,102.53,58.15,39.86,33.19,69.72,30.79,28.02,train
syn_f003593-1-Pre,54.18518518518516,119.0,129.29629629629628,132.0,137.81481481481484,37.0,47.888888888888886,100.0,91.0,104.0,100.22222222222224,80.0,167.77,105.71,84.31,106.91,64.44,40.91,36.46,89.35,35.08,30.29,train
syn_f003609-1-Pre,52.39039039039038,120.12812812812814,127.26526526526528,147.0,152.0,47.0,49.0,102.33133133133134,94.11311311311312,114.0,117.0,95.0,173.43,107.98,86.57,123.18,73.26,47.89,42.79,92.54,38.55,38.19,train
syn_f003609-2-Pre,54.26026026026025,124.0,125.26526526526528,145.0,153.0,47.0,50.0,103.33133133133134,92.0,115.0,118.0,96.0,173.43,109.74,84.57,122.22,74.51,48.23,44.67,90.25,39.41,39.84,train
syn_f003621-0-Pre,46.84884884884886,125.0,121.03803803803804,136.0,140.0,37.0,51.26126126126127,100.33633633633632,100.003003003003,112.0,106.7117117117117,75.0,166.65,102.51,89.61,108.16,60.32,41.58,35.24,94.82,38.02,31.16,train
syn_f003623-1-Pre,48.56056056056056,136.24424424424424,129.0,141.0,145.0,41.0,51.0,108.0,101.0,109.0,114.84684684684686,81.0,179.33,114.15,95.76,112.39,63.56,41.2,39.53,100.38,39.65,32.03,unknown
syn_f003625-0-Pre,45.13013013013013,122.0,134.26526526526527,144.68068068068067,143.0,40.72772772772774,49.7927927927928,107.74474474474474,101.92192192192196,114.7597597597598,109.0,77.0,173.9,107.39,88.39,113.5,63.42,40.46,37.56,96.4,35.72,33.76,train
syn_f003629-2-Pre,48.99699699699701,111.0,121.0,133.71271271271274,133.28328328328325,36.0,50.144144144144136,89.0,83.56156156156155,91.0,90.0,70.0,177.39,99.09,76.55,105.25,57.27,37.84,37.57,80.35,35.44,31.54,train
syn_f003638-3-Pre,51.03003003003005,108.3993993993994,95.06906906906907,114.6186186186186,134.0,32.63163163163165,41.73573573573573,79.0,62.9149149149149,82.63563563563565,88.0,81.0,161.65,90.1,67.26,106.56,63.12,41.5,42.66,63.11,31.92,30.15,train
syn_f003648-1-Pre,53.20720720720722,97.23723723723722,119.71771771771772,133.0,137.0,37.0,45.0,73.69169169169169,75.0,84.09409409409409,87.0,68.0,177.06,86.38,66.46,107.84,57.19,37.9,34.2,75.15,32.53,28.8,unknown
syn_f003658-0-Pre,44.0,126.0,131.0,129.0,128.07007007007007,37.0,47.16216216216216,103.0,96.57657657657656,103.0,101.64864864864865,76.0,165.87,106.04,92.77,103.98,57.61,41.58,33.82,97.78,35.11,30.65,train
syn_f003659-2-Pre,46.1911911911912,118.019019019019,129.0,134.0,141.0,43.0,47.0,88.02402402402402,94.64264264264264,100.3303303303303,94.0,79.0,169.51,99.88,83.79,108.73,64.73,43.39,41.28,89.83,35.77,35.11,train
syn_f003672-3-Pre,52.36136136136139,120.7197197197197,123.23223223223223,132.01101101101102,151.0,38.65765765765767,53.45945945945945,94.0,85.85585585585588,102.0,100.0,83.0,169.83,103.0,76.22,109.99,66.49,44.31,45.93,86.01,39.32,35.2,test
syn_f003676-3-Pre,41.0,122.0,132.0,138.0,146.0,37.0,49.888888888888886,103.37037037037038,89.40740740740739,106.0,99.0,74.0,167.56,106.87,84.32,108.72,58.78,35.94,33.8,88.77,34.26,32.18,train
syn_f003691-0-Pre,40.0,97.0,108.0,121.45145145145142,124.69769769769772,27.0,42.83783783783784,83.84684684684686,75.0,84.92792792792795,85.64864864864865,66.0,165.43,84.09,69.0,98.86,52.5,35.04,30.2,75.78,31.13,22.01,train
syn_f003702-2-Pre,37.0,102.0,90.0,112.0,128.0,27.126126126126135,39.28228228228228,83.0,52.0,69.29829829829828,75.0,62.0,155.4,84.17,59.45,93.85,50.4,35.11,29.31,63.64,28.62,25.05,train
syn_f003738-1-Pre,48.17717717717716,136.0,128.01001001000998,144.0,147.95295295295296,42.0,49.087087087087085,117.0,89.0,106.0,103.09609609609606,80.58558558558559,163.48,118.33,95.07,114.74,65.7,40.88,37.55,93.54,37.73,36.25,train
syn_f003742-1-Pre,52.45345345345345,120.93093093093094,131.0,144.0,151.0,43.0,47.50750750750751,102.66866866866866,90.0,106.0,100.0,81.82882882882882,174.19,105.54,87.03,112.76,67.37,46.14,40.07,88.63,36.19,35.0,test
syn_f003745-1-Pre,58.37837837837839,99.4324324324324,125.0,136.0,139.0,32.0,48.0,86.0,86.0,93.5775775775776,85.75375375375376,71.0,168.84,93.0,75.0,104.25,58.42,39.26,36.63,87.35,33.79,28.05,unknown
syn_f003746-3-Pre,56.57157157157155,137.6176176176176,144.97397397397395,151.5935935935936,161.0,46.0,55.0,117.0,111.64264264264264,134.0,126.30630630630628,95.0,169.26,124.66,98.53,126.89,76.3,51.18,45.59,107.85,42.12,41.68,test
syn_f003749-1-Pre,40.0,109.0,109.0,122.05005005005012,130.0,32.0,45.0,79.44844844844843,71.99599599599603,86.50050050050052,87.0,64.3423423423423,154.26,85.52,70.53,97.51,51.19,37.88,34.41,78.06,32.25,26.45,train
syn_f003761-0-Pre,42.0,115.50150150150152,113.65465465465462,129.72672672672672,137.0,35.0,44.81381381381381,93.0,83.74374374374372,94.0,93.0,77.0,162.35,93.59,82.23,104.56,58.48,41.48,36.7,83.7,33.07,31.27,train
syn_f003768-0-Pre,45.0,114.0,121.0,134.0,142.0,35.71571571571573,42.49249249249249,95.0,88.0,98.0,93.0,76.82882882882882,173.98,96.7,79.64,112.49,61.46,42.37,37.64,86.42,32.46,29.39,train
syn_f003768-3-Pre,49.07507507507505,122.33233233233236,114.78178178178176,128.0,148.0,38.0,46.0,95.0,83.11311311311312,100.13913913913916,95.4744744744745,83.82882882882882,173.98,103.38,75.92,112.12,65.72,43.3,43.25,80.18,34.83,34.2,train
syn_f003774-3-Pre,134.02702702702695,114.22122122122124,129.0,141.86886886886884,156.0,41.0,49.0,93.0,100.96196196196196,111.0,98.0,83.0,165.61,104.19,79.89,114.07,66.46,49.21,41.59,92.75,35.87,37.11,test
syn_f003786-3-Pre,44.0,120.88888888888889,106.7777777777778,115.0,131.0,37.0,48.783783783783775,99.0,78.65765765765764,95.0,90.0,77.0,157.34,101.21,81.02,97.48,59.86,41.91,39.09,80.89,35.2,32.32,test
syn_f003795-1-Pre,53.60360360360356,133.0,132.8418418418418,139.0,135.0,42.76576576576579,50.0,116.0,100.01801801801804,114.0,107.0,74.0,155.44,116.47,98.32,111.19,59.81,42.33,35.66,101.59,36.67,36.65,val
syn_f003798-1-Pre,49.41641641641641,117.0,113.42442442442442,133.0,142.58958958958954,36.0,45.38738738738738,88.0,80.36336336336336,96.57957957957956,96.0,79.0,163.9,96.89,81.88,109.14,60.26,38.97,34.1,81.69,35.85,30.05,val
syn_f003802-1-Pre,52.31031031031034,124.0,143.04704704704704,154.0,156.87887887887888,41.0,50.94294294294295,105.0,107.32632632632632,119.20920920920923,114.00600600600598,90.0,173.98,110.53,94.86,123.6,71.54,52.14,41.18,103.5,37.59,36.86,val
syn_f003816-2-Pre,53.25525525525524,93.59659659659658,115.0,134.4194194194194,145.0,35.559559559559574,45.0,79.1161161161161,83.10610610610613,92.0,93.0,83.9279279279279,160.68,86.69,63.51,109.23,65.52,43.92,40.71,79.43,33.3,30.35,train
syn_f003819-1-Pre,45.716716716716704,110.0,109.2302302302302,123.0,131.83583583583584,34.0,47.0,93.0,84.0,95.0,89.48048048048048,71.0,160.95,93.55,77.2,101.29,55.99,41.57,34.77,80.2,35.12,27.8,train
syn_f003838-2-Pre,49.20620620620622,129.0,119.0,128.0,140.0,42.0,60.86186186186187,111.0,102.61461461461462,115.8268268268268,122.3303303303303,82.0,165.5,113.33,99.12,111.17,64.08,45.38,37.11,97.84,42.88,37.31,train
syn_f003849-2-Pre,58.63463463463462,122.0,114.0,124.6946946946947,131.34634634634637,34.94494494494495,44.11711711711712,90.0,79.0,94.0,89.0,72.0,157.14,98.06,77.56,101.95,57.62,38.68,34.19,79.65,36.11,29.83,unknown
syn_f003857-2-Pre,46.36336336336333,116.0,121.49049049049049,124.0,128.0,33.0,50.39039039039038,97.0,92.45145145145143,102.0,95.0,72.0,170.64,100.84,79.01,99.1,57.62,37.01,38.05,88.1,36.24,29.7,train
syn_f003860-1-Pre,49.5945945945946,134.0,137.13513513513516,145.0,149.0,41.0,53.0,105.0,104.0,115.0,114.7747747747748,86.7837837837838,168.71,109.51,94.0,115.12,65.57,44.61,39.29,103.0,39.94,36.72,val
syn_f003863-1-Pre,38.97097097097097,94.0,97.13313313313311,118.0,128.0,29.0,38.76576576576576,77.46246246246247,69.87087087087087,83.0,84.0,69.0,159.86,81.11,64.47,97.25,53.99,36.44,32.62,68.31,29.01,23.6,unknown
syn_f003868-1-Pre,57.48048048048048,122.39039039039034,130.10510510510517,142.0,145.0,41.655655655655664,51.01501501501501,100.995995995996,90.89289289289287,105.0,102.0,84.0,159.8,107.58,89.87,113.47,65.79,46.82,40.62,92.86,40.03,36.16,train
syn_f003874-2-Pre,53.29329329329329,134.73373373373371,133.62062062062063,138.46046046046047,151.0,43.0,53.207207207207205,113.0,102.92192192192196,117.7597597597598,116.49549549549543,87.0,174.68,117.12,95.68,116.65,68.88,44.34,39.08,98.25,40.33,37.29,test
syn_f003874-3-Pre,57.61661661661661,137.73373373373371,131.62062062062063,136.0,153.0,44.838838838838825,54.207207207207205,113.0,101.92192192192196,119.0,117.49549549549543,88.0,174.68,120.1,94.12,116.83,70.22,44.56,40.92,96.53,41.31,39.01,train
syn_f003875-3-Pre,55.00900900900899,134.0,128.36036036036035,135.0,139.0,44.0,55.0,102.13013013013014,92.98098098098096,114.0,117.15915915915916,81.0,165.3,110.6,85.8,111.33,65.25,42.09,37.55,96.89,41.32,38.41,train
syn_f003876-0-Pre,45.0,112.0,133.0,144.0,146.0,36.30630630630631,46.63663663663664,97.0,93.68268268268264,103.66766766766769,99.0,78.0,162.66,97.07,83.38,113.19,62.83,41.9,35.2,95.92,34.77,30.57,test
syn_f003880-3-Pre,58.04804804804809,128.05205205205203,137.0,142.0,154.0,40.0,48.55855855855856,101.0,101.2822822822823,113.0,106.0,86.0,171.85,111.6,87.85,116.31,69.78,44.89,45.29,95.77,39.27,36.08,train
syn_f003881-0-Pre,39.0,94.0,99.7137137137137,122.0,133.09109109109113,29.0,43.0,81.0,63.93293293293294,81.30830830830828,84.0,73.0,158.86,80.34,64.2,101.97,54.96,38.7,32.84,70.31,31.71,24.9,unknown
syn_f003884-2-Pre,47.0,141.0,133.4314314314314,149.0,155.0,46.0,58.78978978978979,129.3893893893894,115.0,133.7707707707708,137.0,88.0,168.47,128.88,106.56,126.79,70.71,49.96,44.7,108.68,41.69,40.91,test
syn_f003885-0-Pre,42.55055055055054,110.31131131131131,112.0,129.68268268268264,140.0,32.0,45.0,91.71671671671672,76.1721721721722,91.47847847847852,95.0,75.0,166.23,93.7,74.65,106.55,60.12,43.07,36.71,81.14,33.27,25.56,train
syn_f003888-1-Pre,59.7347347347347,133.32532532532534,134.58758758758756,134.0,133.67667667667672,39.0,55.0,118.0,107.87787787787788,118.0,110.3903903903904,78.0,171.45,116.65,96.72,110.82,60.54,39.92,35.29,101.77,39.63,34.55,train
syn_f003921-0-Pre,41.0,95.0,120.2372372372372,136.8138138138138,148.0,34.0,42.0,77.0,80.78978978978978,97.0,99.0,85.0,166.63,82.63,67.57,116.7,66.03,46.38,37.29,78.25,30.73,27.78,val
syn_f003957-2-Pre,42.537537537537546,116.50150150150152,94.0,109.0,127.0,31.0,47.03603603603602,82.0,59.72372372372371,73.53453453453449,75.47747747747746,67.0,162.05,91.14,62.81,93.98,53.1,36.17,35.72,66.28,34.38,29.03,test
syn_f003979-1-Pre,39.0,104.2902902902903,113.6166166166166,124.0,134.0,35.0,48.33033033033029,80.04904904904905,77.06206206206207,92.0,95.37537537537536,75.0,157.62,86.18,68.39,104.03,57.95,40.52,34.85,79.8,32.79,29.0,train
syn_f003984-2-Pre,39.61161161161162,119.40440440440436,119.49349349349352,137.3983983983984,156.0,35.0,42.18618618618619,93.0,80.0,100.983983983984,103.0,82.0,162.13,102.17,78.14,115.04,65.63,40.6,36.63,80.27,31.44,30.35,val
syn_f003985-0-Pre,38.0,95.4874874874875,96.0,115.0,123.0,28.0,39.66666666666666,75.0,70.44444444444446,79.44444444444446,82.0,70.0,156.92,77.79,62.6,94.83,51.72,34.93,30.27,71.56,28.79,22.76,train
syn_f003989-1-Pre,47.7177177177177,105.29129129129132,122.75075075075074,135.0,139.0,36.0,46.0,85.1721721721722,78.0,90.0,90.0,75.72072072072075,179.96,91.08,72.91,109.94,62.92,42.65,39.26,81.04,34.47,29.21,train
syn_f003989-3-Pre,51.7177177177177,111.29129129129132,120.0,131.0,145.0,43.16416416416416,48.64564564564565,86.1721721721722,75.6056056056056,91.0,91.1951951951952,81.0,179.96,96.54,70.26,109.37,65.78,43.06,42.95,77.74,36.08,33.3,train
syn_f004009-0-Pre,53.55455455455456,112.24224224224224,117.0,130.0,138.0,32.0,46.54054054054055,95.0,90.0,99.0,94.8378378378378,76.0,170.2,96.98,78.07,106.39,59.38,41.05,35.29,84.89,33.44,27.13,train
syn_f004011-2-Pre,43.89289289289289,105.0,116.0,124.0,139.64464464464464,34.02902902902903,44.63963963963964,84.90390390390391,79.4294294294294,96.3213213213213,95.54954954954962,73.2162162162162,168.24,88.79,70.35,104.36,58.6,44.12,38.95,77.51,32.9,29.36,train
syn_f004011-3-Pre,45.78578578578578,107.0,114.97397397397395,122.0,142.35535535535536,35.0,45.36036036036036,84.0,77.85885885885881,97.3213213213213,95.7747747747748,76.0,168.24,89.69,69.0,104.56,60.08,44.47,40.95,75.9,33.66,30.9,unknown
syn_f004019-2-Pre,52.70570570570571,128.84784784784785,139.74874874874874,147.0,156.0,39.0,51.141141141141134,98.0,91.0,107.81581581581582,106.0,80.01801801801804,171.6,105.77,85.14,113.94,65.31,44.17,39.74,93.97,37.18,33.33,train
syn_f004057-0-Pre,41.0,109.0,114.35835835835836,124.0,121.0,32.0,44.0,91.0,87.0,94.0,94.0,64.27027027027032,157.54,92.09,81.76,96.7,47.84,36.56,30.1,86.85,32.43,27.29,val
syn_f004062-3-Pre,47.69769769769772,128.0,110.03803803803804,128.0,142.0,36.0,52.0,96.66366366366368,80.00300300300299,98.62462462462464,102.0,73.0,167.29,103.22,76.84,102.92,59.95,40.02,40.31,80.72,35.85,31.68,unknown
syn_f004065-3-Pre,44.41841841841841,117.0,106.0,117.4194194194194,130.0,30.0,45.01501501501501,84.995995995996,76.78578578578578,90.0,79.94894894894895,68.0,160.45,95.57,76.52,102.91,53.92,36.68,35.65,75.94,34.59,28.5,unknown
syn_f004076-2-Pre,49.0,132.1071071071071,139.68268268268267,142.0,148.78278278278276,45.0,53.225225225225245,126.0,114.36336336336336,132.0,126.11711711711712,86.0,164.62,121.62,104.18,122.27,68.78,46.95,40.81,110.47,40.42,40.24,val
syn_f004089-3-Pre,56.38738738738736,121.0,113.65465465465462,130.0,148.0,36.94494494494495,49.663663663663655,98.35635635635634,66.53253253253254,89.0,90.0,76.0,162.69,103.41,77.79,107.28,62.34,41.98,42.91,75.74,38.68,33.56,train
syn_f004094-3-Pre,230.84384384384447,108.45345345345343,121.42642642642645,135.73573573573577,151.0,44.0,49.258258258258266,90.2022022022022,86.09109109109107,103.0,95.0,81.0,172.4,98.84,76.4,108.77,66.07,44.93,44.32,83.97,35.08,33.48,test
syn_f004114-0-Pre,43.0,116.0,109.0,133.17617617617617,139.7277277277277,36.0,45.78978978978979,98.0,88.16616616616614,99.7707707707708,98.0,77.4144144144143,168.84,99.1,83.73,106.49,57.95,41.52,36.85,83.7,34.24,30.87,test
syn_f004138-0-Pre,47.32732732732734,105.0,123.42642642642645,137.0,141.59159159159157,39.0,43.55855855855856,88.38438438438439,80.2822822822823,91.71471471471472,92.09909909909912,76.86486486486484,172.29,92.22,73.95,110.37,62.45,43.53,38.41,79.75,31.0,28.77,val
syn_f004147-3-Pre,51.6226226226226,120.10710710710713,117.68268268268268,131.0,147.43443443443448,38.0,50.38738738738738,97.0,80.36336336336336,103.57957957957956,105.0,84.0,164.26,106.05,78.61,111.09,66.37,43.42,40.54,81.24,38.52,34.08,unknown
syn_f004158-2-Pre,50.06906906906907,136.23723723723722,137.0,135.82282282282284,151.0,38.0,53.0,107.0,98.0,114.0,112.57957957957962,84.0,176.1,114.96,93.13,113.34,68.23,42.77,41.15,99.91,38.69,33.76,train
syn_f004179-2-Pre,44.45545545545545,105.89689689689692,126.0,132.0,143.0,44.0,47.94594594594595,88.0,76.0,92.0,91.2162162162162,74.0,181.54,92.87,68.67,105.84,60.94,43.25,42.1,78.83,33.59,29.9,unknown
syn_f004183-1-Pre,57.66766766766765,107.65065065065068,118.0,134.79079079079077,132.0,36.0,46.141141141141134,85.94194194194199,95.0,99.18418418418418,88.87987987987992,69.0,171.9,95.46,76.78,105.5,57.1,38.2,34.33,85.75,34.02,29.6,test
syn_f004184-2-Pre,64.86486486486484,112.0,119.45945945945942,131.40540540540542,143.0810810810811,40.0,48.24324324324324,80.86486486486487,85.13513513513513,94.0,94.02702702702705,79.0,175.61,94.89,73.35,108.58,64.15,41.53,38.73,81.12,36.33,27.47,test
syn_f004190-0-Pre,38.64364364364363,98.58758758758762,94.4274274274274,108.0,112.0,28.0,40.0,65.0,67.27527527527528,78.59059059059058,82.0930930930931,62.0,159.51,76.27,62.42,91.99,46.59,35.5,32.85,66.66,29.06,24.04,val
syn_f004197-0-Pre,46.78778778778778,113.0,119.0,131.0,135.0,35.0,48.0,97.0,84.0,94.11911911911908,98.0,79.47747747747746,170.3,97.46,82.13,104.75,60.97,42.11,35.72,87.96,36.61,28.45,train
syn_f004200-0-Pre,44.0,123.9069069069069,126.2942942942943,143.0,152.0,41.0,54.71471471471472,113.0,102.7017017017017,115.28728728728726,117.0,89.50450450450455,159.66,109.57,95.54,118.92,66.42,46.83,39.15,102.43,37.41,36.23,test
syn_f004200-1-Pre,44.0,126.0,123.7137137137137,141.0,152.0,42.0,55.71471471471472,113.0,100.0,116.28728728728726,118.96996996997,89.50450450450455,159.66,111.36,94.45,119.16,67.95,47.31,41.04,100.27,38.41,37.45,val
syn_f004204-0-Pre,42.0,103.0,113.2942942942943,132.05705705705708,140.0,32.0,44.61561561561562,75.16916916916918,70.27527527527528,86.40940940940942,89.9069069069069,79.0,158.82,80.88,66.64,106.19,59.88,39.74,33.96,76.76,33.71,26.03,train
syn_f004215-2-Pre,44.0,124.0,113.27027027027032,134.0,153.0,39.0,46.66066066066065,103.0,82.62062062062063,98.4224224224224,107.0,85.93693693693695,167.81,106.01,78.61,114.21,67.91,45.59,45.3,85.3,35.29,33.06,test
syn_f004223-3-Pre,68.0610610610611,104.69869869869868,114.0,121.0,132.0,32.0,46.58558558558559,81.0,79.51051051051053,91.0,80.99099099099101,69.0,161.65,88.44,70.39,98.5,53.84,35.06,35.89,78.5,33.44,29.7,train
syn_f004231-1-Pre,48.0,116.0,124.58758758758756,137.0,147.0,35.0,51.7087087087087,100.67767767767764,95.0,110.26526526526528,110.3903903903904,79.0,171.75,101.96,87.31,112.85,63.83,42.89,36.39,92.74,38.71,31.52,train
syn_f004247-2-Pre,40.99099099099098,90.57357357357358,82.03903903903904,102.0,121.0,23.0,37.0,57.0,41.0,52.54554554554554,64.68768768768768,58.0,157.17,70.37,48.94,87.92,46.59,29.19,31.86,49.1,27.64,21.1,train
syn_f004257-1-Pre,45.0,120.0,122.78278278278276,131.0,134.84184184184187,36.0,52.129129129129126,95.8838838838839,94.10610610610613,104.73673673673676,104.0,73.0,160.54,99.18,88.61,103.82,57.33,39.84,35.15,91.52,36.97,31.39,train
syn_f004264-1-Pre,41.0,110.0,106.8088088088088,125.0,135.80280280280283,40.0,48.09609609609613,98.0,80.0,93.8038038038038,99.65465465465468,86.0,152.16,96.89,76.57,105.14,66.29,47.06,37.13,84.26,32.46,33.44,val
syn_f004266-2-Pre,51.21921921921921,122.80780780780782,115.0,125.0,139.0,37.0,46.3123123123123,93.0,85.1721721721722,101.0,94.13813813813812,78.72072072072075,164.85,102.17,81.28,101.26,61.62,42.88,39.78,83.89,34.54,32.7,train
syn_f004271-1-Pre,47.88888888888887,115.81481481481484,132.29629629629628,138.0,141.0,38.0,49.41141141141141,106.0,95.5985985985986,109.0,99.20120120120116,78.0,167.09,105.23,84.77,110.43,63.62,43.35,37.01,95.76,37.18,32.52,val
syn_f004286-0-Pre,42.0,124.983983983984,127.0,135.0,136.0,34.0,49.26726726726727,102.0,100.82682682682682,110.0,98.29129129129132,74.30630630630628,156.29,103.97,90.1,106.09,58.87,37.62,30.11,97.04,35.36,30.01,val
syn_f004288-3-Pre,344.8358358358357,115.73373373373371,133.0,145.0,155.0,49.7907907907908,51.0,90.0,101.0,106.54354354354354,98.55855855855856,90.0,175.44,107.9,83.08,118.57,72.31,46.28,43.74,94.15,41.59,38.53,train
syn_f004309-3-Pre,48.07507507507505,101.33233233233236,109.56356356356356,118.51551551551552,136.0,35.0,44.64264264264264,77.0760760760761,69.03503503503498,88.0,89.0,79.0,175.1,85.44,62.15,100.39,61.37,38.14,42.29,67.56,33.67,32.64,train
syn_f004327-0-Pre,45.0,116.80780780780782,111.2042042042042,129.97897897897894,136.0,34.63163163163165,48.3123123123123,93.0,87.0,93.0,96.0,78.27927927927925,164.99,94.45,78.56,103.86,55.97,36.41,31.28,82.66,35.98,26.8,test
syn_f004329-3-Pre,50.04504504504507,127.79879879879876,111.0,128.0,143.24924924924926,45.0,54.69369369369369,107.0,86.10610610610613,109.0,112.0,86.0,160.83,107.14,83.24,108.8,68.83,48.32,42.61,85.94,40.62,39.19,train
syn_f004348-3-Pre,47.90090090090087,123.990990990991,111.03603603603602,124.0,136.0,36.0,60.61561561561562,101.0,84.27527527527528,102.59059059059058,102.0,79.0,158.66,107.92,83.61,103.35,61.99,41.68,38.81,85.83,41.58,35.05,train
syn_f004350-1-Pre,43.0,139.0,122.42442442442442,138.0,145.0,43.0,61.05105105105105,113.5965965965966,103.0,115.0,119.0,86.0,163.98,116.13,96.15,112.64,64.6,45.88,37.96,99.0,37.48,37.64,train
syn_f004354-2-Pre,45.0,118.0,124.0,131.0,140.0,38.0,54.54354354354355,96.27827827827826,81.94394394394396,97.00700700700702,96.04804804804805,82.0,176.23,99.5,78.87,104.85,63.81,42.07,38.88,83.0,37.86,33.86,train
syn_f004360-0-Pre,46.0,132.0,130.0,134.0,138.0,39.07707707707706,54.258258258258266,117.2022022022022,104.0,119.0,117.92192192192192,82.0,172.27,116.33,95.73,110.66,63.52,45.34,42.23,102.39,39.06,33.51,val
syn_f004367-0-Pre,44.04204204204204,114.31831831831832,121.0,129.0,130.1021021021021,33.0890890890891,46.63963963963964,96.90390390390392,84.4294294294294,91.3213213213213,91.7747747747748,75.0,168.64,97.12,81.69,101.86,56.88,40.59,34.95,86.58,34.28,28.1,unknown
syn_f004369-1-Pre,40.0,105.49449449449452,97.0,118.00200200200196,133.0,31.0,43.0,80.0,60.0,77.0,81.60360360360363,76.0,159.2,86.15,65.03,104.57,58.18,39.08,33.44,67.27,31.26,27.0,test
syn_f004374-0-Pre,44.0,116.0,124.3733733733734,133.0,136.0,36.0,42.0,85.0,81.62762762762759,88.45345345345345,90.0,74.83783783783787,182.39,96.29,76.6,106.67,59.65,45.27,41.23,81.95,32.1,26.52,val
syn_f004384-3-Pre,59.866866866866815,116.997997997998,121.0,129.0,147.0,39.30630630630631,48.0,87.52952952952953,83.9149149149149,104.0,101.0,84.0,161.13,99.81,78.31,111.53,67.78,46.39,41.86,85.37,37.29,34.89,train
syn_f004394-0-Pre,47.29629629629629,112.0,126.29629629629628,134.0,147.0,38.0,49.32132132132131,98.0,90.62062062062064,107.4224224224224,108.0,87.0,167.82,98.08,86.44,113.21,68.15,44.77,38.18,90.46,37.98,32.29,train
syn_f004411-3-Pre,50.41441441441441,103.61561561561564,93.1021021021021,103.0,118.0,31.0,44.0,72.0,65.0,79.68068068068067,80.0,69.0,165.04,84.83,59.73,91.12,51.82,33.16,35.67,61.81,30.9,29.16,val
syn_f004429-2-Pre,44.89289289289289,104.6176176176176,110.0,123.5935935935936,137.0,36.0,43.0,86.78378378378378,71.21621621621622,92.0,95.0,82.51351351351349,167.99,90.1,74.18,105.74,66.18,45.93,39.71,74.06,32.93,31.24,val
syn_f004430-1-Pre,322.7147147147147,118.7057057057057,138.84384384384387,142.0,143.0,39.0,47.53753753753753,102.0,101.76776776776774,108.0,94.62762762762765,77.0,164.44,107.3,91.17,112.08,64.09,41.03,36.6,97.03,36.95,33.44,train
syn_f004431-3-Pre,40.31331331331332,109.8008008008008,94.0,116.0,139.0,31.95695695695696,41.0,78.0,61.829829829829805,83.0,85.0,74.0,161.89,86.97,63.98,106.36,58.39,40.5,39.0,67.45,30.79,28.12,val
syn_f004433-3-Pre,65.63963963963965,125.6036036036036,139.0,141.14414414414415,156.0,45.0,55.0,104.47647647647648,106.74574574574572,127.78178178178176,126.07507507507512,90.0,162.66,112.19,88.73,121.85,72.61,46.72,41.52,103.72,40.61,39.85,train
syn_f004436-1-Pre,52.87587587587588,130.0,143.36236236236238,154.0,160.79379379379378,47.0,51.207207207207205,114.0,100.92192192192196,120.0,121.0,90.0,173.83,113.92,98.73,124.51,72.37,48.14,42.89,102.69,39.32,39.0,val
syn_f004447-1-Pre,50.74374374374375,134.0,138.55455455455456,151.0,158.0,43.0,52.0,117.0,101.4294294294294,118.3213213213213,114.7747747747748,89.7837837837838,168.92,117.23,99.17,123.23,70.32,48.65,43.47,103.86,39.8,36.87,train
syn_f004469-0-Pre,41.0,109.0,110.27027027027032,127.0,138.0,32.0,45.0,87.0,80.0,92.0,90.20120120120116,75.0,167.74,91.3,74.16,106.24,57.43,40.85,33.6,78.26,31.94,26.37,test
syn_f004475-3-Pre,66.23723723723718,114.00300300300302,119.32732732732732,131.0,142.0,35.0,46.336336336336345,84.35635635635634,86.0,92.0,81.54354354354354,70.53153153153153,162.21,100.91,80.07,99.97,57.0,38.12,39.42,85.29,36.68,31.17,unknown
syn_f004498-1-Pre,49.99699699699701,123.0,140.0,152.0,151.0,37.209209209209206,47.744744744744736,100.93193193193191,93.17917917917916,106.0,99.13213213213214,75.18018018018017,177.59,103.98,88.26,114.32,63.82,45.33,39.55,95.58,35.36,31.82,train
syn_f004511-2-Pre,239.8378378378378,95.22122122122124,108.55955955955956,118.0,135.0,37.0,44.0,83.54354354354356,79.78978978978978,89.27627627627623,87.0,76.0,166.03,91.17,67.79,100.31,59.96,39.31,38.46,73.3,32.25,32.16,train
syn_f004520-1-Pre,50.82182182182181,127.7937937937938,121.0,123.0,123.0,36.0,52.0,101.0,91.0,101.0,95.9279279279279,74.0,159.55,105.97,89.36,97.47,57.61,39.89,36.02,90.61,40.41,33.79,train
syn_f004522-2-Pre,46.38238238238239,123.0,122.81281281281284,138.53853853853855,153.0,45.0,48.24024024024024,105.0,92.09409409409407,113.0,111.8168168168168,90.0,168.71,108.06,86.62,119.47,71.95,50.3,46.12,92.02,36.45,38.83,train
syn_f004526-3-Pre,47.11311311311312,113.14214214214216,112.0,131.1301301301301,152.0,39.0,48.95495495495494,77.0,67.97597597597598,87.0,91.15315315315314,73.0,178.77,90.06,61.62,106.91,61.33,41.17,42.03,71.08,35.92,30.29,train
syn_f004537-0-Pre,41.0,103.0,115.6186186186186,128.0,138.0,30.0,42.56156156156156,78.5005005005005,80.0,84.72572572572574,87.3093093093093,70.39639639639637,166.41,84.18,73.04,106.69,55.56,38.52,34.19,76.31,32.57,25.55,unknown
syn_f004541-2-Pre,46.0,135.0,110.35035035035034,123.0,128.7067067067067,39.0,56.52852852852854,117.47047047047047,104.0,104.63563563563564,114.0,79.0,161.01,119.62,96.26,102.96,60.22,42.2,39.86,95.38,39.8,37.01,train
syn_f004545-1-Pre,51.026026026026045,127.4064064064064,118.0,128.0,131.0,35.0,53.063063063063055,103.0,89.15015015015015,101.23123123123122,97.0,77.0,164.34,105.96,86.37,103.43,59.01,39.53,35.22,88.13,39.06,29.47,test
syn_f004562-1-Pre,47.17217217217217,117.0,132.32932932932934,139.0,146.3043043043043,38.0,51.009009009009006,102.0,95.0,112.36636636636638,116.6306306306306,91.0,170.88,102.03,83.18,114.39,69.17,46.26,41.45,94.61,38.07,33.71,train
syn_f004563-3-Pre,42.0,113.00500500500502,107.0,119.0,132.58958958958954,32.0,47.0,82.88988988988987,73.10910910910911,85.0,87.0,69.0,163.82,90.54,67.91,95.83,53.67,35.59,36.01,76.66,33.94,29.36,train
syn_f004568-3-Pre,64.54954954954957,121.0,135.5855855855856,138.0,149.0,40.0,51.087087087087085,91.0,91.55455455455456,105.0,97.09609609609606,80.0,163.05,102.18,80.53,109.96,64.05,41.86,40.5,94.82,39.93,35.18,train
syn_f004569-0-Pre,47.0,139.0,129.0,144.91091091091096,144.0,42.0,53.288288288288285,126.0,109.08208208208208,120.0,119.0,89.00900900900899,164.03,124.07,109.26,117.27,66.88,47.79,39.27,104.33,38.16,38.86,val
syn_f004570-1-Pre,42.35735735735736,115.0,123.0,143.0,145.0,35.0,47.93693693693695,89.18318318318316,89.0,100.76876876876878,100.5855855855856,78.0,163.91,97.46,79.47,111.04,61.96,40.58,32.59,89.08,34.59,30.76,test
syn_f004581-2-Pre,70.84084084084088,147.0,148.0,160.0,167.0,53.0,61.94894894894895,131.0,113.50250250250252,135.0,131.42642642642642,96.0,186.19,134.09,102.46,130.19,77.88,49.37,46.47,107.69,46.5,42.86,train
syn_f004589-3-Pre,48.22322322322324,131.2022022022022,106.74674674674677,114.0,123.0,33.0,53.81381381381381,94.0,76.12812812812814,91.0,89.0,65.0,162.43,107.24,78.51,91.27,51.55,35.91,39.77,81.11,39.45,31.43,train
syn_f004594-2-Pre,39.0,107.0,103.0,116.95595595595596,136.93193193193196,27.0,50.0,83.3173173173173,74.0,90.0,91.0,72.0,169.91,93.62,66.6,100.02,56.98,38.64,37.32,70.89,33.83,25.6,train
syn_f004599-0-Pre,39.0,108.41341341341342,118.0,134.0,138.0,33.378378378378386,45.0,81.37037037037038,80.40740740740739,98.0,91.22222222222224,70.0,167.11,88.55,76.16,107.9,55.86,41.04,38.35,80.68,31.37,27.24,train
syn_f004601-2-Pre,46.0,122.30430430430432,120.01001001000998,141.0,160.0,42.0,51.62762762762762,102.0,73.25625625625628,100.983983983984,106.0,94.0,162.59,104.54,80.01,121.25,74.6,47.53,42.73,86.67,37.68,37.47,test
syn_f004608-1-Pre,44.4874874874875,100.9169169169169,111.10910910910911,135.0,152.0,36.0,39.0,75.1971971971972,61.05005005005006,80.12812812812814,87.0,79.0,168.45,81.98,65.76,115.24,64.49,43.21,40.62,68.07,30.31,30.9,train
syn_f004610-1-Pre,49.961961961961975,114.0,123.0,134.0,140.0,38.0,48.258258258258266,88.59559559559563,93.18218218218216,106.0,96.84384384384384,75.0,172.63,96.36,79.87,106.78,61.56,42.06,37.93,86.8,37.15,29.79,unknown
syn_f004641-0-Pre,52.41941941941943,121.0,128.33133133133134,144.04004004004003,158.48548548548547,46.0,50.0,94.0,98.02002002002008,112.0,109.0,79.0,180.1,102.21,87.16,122.81,66.17,45.08,42.26,92.23,36.16,33.09,train
syn_f004644-3-Pre,44.03203203203204,125.0,119.3613613613614,133.0,142.0,43.0,56.900900900900936,98.0,89.63563563563562,111.0,111.31231231231232,79.0,156.01,105.16,81.58,108.57,64.09,44.75,40.79,92.38,38.18,37.96,train
syn_f004653-0-Pre,46.23523523523524,127.0,131.74874874874874,146.0,151.0,41.0,50.85885885885887,109.0,98.0,110.0,109.0,86.0,171.33,111.27,91.56,118.78,68.15,44.88,37.85,96.82,37.8,32.93,test
syn_f004661-3-Pre,55.73273273273276,151.0,148.52352352352352,151.0,161.0,49.0,53.0,122.0,120.51751751751748,141.0,135.0,94.25225225225228,173.8,131.89,104.22,129.79,76.5,50.55,46.15,113.62,41.76,45.44,test
syn_f004670-2-Pre,45.44544544544544,105.51551551551556,105.4314314314314,127.35235235235234,137.0,31.0,43.81081081081081,74.78378378378378,65.21621621621622,88.0,89.24324324324323,75.0,168.03,85.92,66.67,106.01,59.48,40.55,38.96,68.74,34.41,27.1,val
syn_f004696-3-Pre,47.489489489489486,118.0,111.30330330330332,130.0,146.0,38.0,47.0,90.0,74.0,92.0,93.79579579579575,77.3693693693694,169.88,96.18,72.01,106.56,63.13,41.76,40.58,75.18,35.27,34.32,test
syn_f004701-0-Pre,43.34034034034035,115.7197197197197,123.0,132.0,135.0,34.0,48.90990990990991,96.0,88.0,96.0,95.0,77.0,169.81,99.33,85.41,111.82,59.71,41.19,34.59,86.8,35.24,28.9,train
syn_f004723-2-Pre,46.64664664664664,102.73373373373371,108.62062062062064,122.92092092092092,138.0,33.0,48.0,85.15815815815816,77.0,93.34134134134132,90.0,74.52252252252254,175.25,95.7,72.49,100.82,60.15,39.6,37.93,79.51,35.13,27.99,test
syn_f004732-1-Pre,52.6056056056056,115.61061061061062,120.77977977977976,136.0,145.0,37.0,48.13813813813813,99.0,86.38538538538538,105.8268268268268,101.6696696696697,80.0,166.07,102.29,74.92,111.16,62.54,44.1,37.06,87.35,35.98,31.34,train
syn_f004739-1-Pre,42.29629629629629,101.0,111.59259259259257,125.0,132.0,30.0,43.0,80.0,72.8118118118118,83.0,84.73273273273276,71.0,167.78,87.64,62.8,99.07,55.16,37.2,32.05,73.15,31.54,25.22,test
syn_f004753-3-Pre,67.48048048048048,118.39039039039034,129.0,130.0,144.0,41.0,49.86486486486487,96.0,97.29729729729728,114.83783783783784,111.0,86.9189189189189,159.96,108.39,82.45,110.26,67.84,44.46,39.61,93.93,38.09,35.97,val
syn_f004783-2-Pre,43.8048048048048,103.61561561561564,101.0,118.97897897897894,134.0,30.0,43.61261261261262,73.0,60.0,79.0,83.0,74.0,165.09,81.7,63.67,99.08,58.77,37.15,33.77,65.62,33.52,25.88,test
syn_f004787-1-Pre,47.17717717717716,113.60860860860862,123.0,129.61661661661662,129.0,33.0,48.0,95.0,92.06306306306304,99.0,92.10810810810813,68.0,163.42,96.65,82.66,100.86,55.41,37.93,32.43,91.94,36.34,29.62,unknown
syn_f004798-0-Pre,43.41641641641641,96.0,117.42442442442442,135.0,137.0,29.655655655655664,42.0,80.0,82.74574574574572,92.21821821821824,88.0,69.0,163.63,83.24,66.87,104.02,56.22,38.06,32.82,78.4,29.74,24.93,test
syn_f004802-1-Pre,47.25225225225225,130.0,138.72072072072075,146.0,152.0,46.0,54.0,116.0,111.0,126.8268268268268,130.0,92.54954954954955,165.7,116.95,101.35,122.74,68.65,48.24,37.7,105.03,39.3,39.3,val
syn_f004810-1-Pre,51.67367367367365,102.59659659659658,122.78278278278276,139.0,149.0,33.0,45.01501501501501,82.995995995996,82.89289289289289,95.3883883883884,92.0,76.65765765765764,159.98,85.37,71.37,112.06,60.58,40.48,34.66,85.24,33.42,28.63,train
syn_f004813-0-Pre,46.0,117.32532532532534,126.17517517517511,138.0,147.0,38.37837837837839,48.0,96.970970970971,90.47347347347346,104.81581581581582,107.0,85.01801801801804,171.53,96.87,85.43,116.62,65.45,47.06,38.15,88.59,36.08,34.34,test
syn_f004844-2-Pre,57.991991991992,108.0,115.45745745745744,124.75875875875874,138.0,33.0,47.26126126126127,82.32732732732734,79.00300300300299,94.0,92.7117117117117,72.24324324324323,167.08,92.68,71.34,103.43,59.13,39.32,37.78,78.71,34.66,27.63,val
syn_f004848-0-Pre,46.0,120.43443443443442,127.0,140.0,151.0,39.0,46.0,106.86486486486488,101.0,110.89189189189187,116.0,89.0,174.91,107.71,93.13,119.25,68.49,48.84,39.89,98.45,35.35,33.52,unknown
syn_f004857-1-Pre,49.4834834834835,112.58258258258256,119.0,130.9399399399399,138.0,33.93293293293294,51.735735735735744,98.0,87.0,101.84884884884885,98.0,76.0,155.27,99.29,81.0,105.61,59.61,40.21,34.86,90.79,37.67,28.6,train
syn_f004861-1-Pre,39.47947947947948,92.4874874874875,96.93893893893892,118.27727727727728,129.0,27.0,42.0,72.80880880880883,66.0,80.0,80.0,69.1531531531532,156.93,77.27,61.59,102.89,54.11,38.18,30.72,67.5,30.67,22.72,train
syn_f004871-0-Pre,46.67267267267268,136.0,139.5885885885886,156.0,151.0,45.0,56.86486486486487,120.0,119.0,125.83783783783784,126.0,93.0,159.74,121.57,108.19,124.0,69.74,48.59,40.04,114.69,40.4,40.74,train
syn_f004872-0-Pre,44.168168168168165,87.0,110.0,126.06606606606609,131.1021021021021,30.0,47.0,68.3943943943944,68.0,80.87187187187186,83.26426426426428,66.36036036036035,169.34,74.6,58.89,100.68,52.41,39.68,35.81,67.59,31.44,24.56,unknown
syn_f004873-3-Pre,69.29729729729732,106.0,114.0,123.32432432432438,137.0,52.0,50.0,91.94594594594594,79.10810810810813,91.0,83.0,70.0,183.69,97.1,71.09,100.15,57.08,37.86,38.48,78.69,37.61,31.66,train
