Id,1,2,3,4,5,6,7,8,9,10,11,12,13,14,15,16,17,18,19,20,21,22,23,24,25,26,27,28,29,30,31,32,33,34,35,36,37,38,39,40,41,42,43,44,45,46,47,48,49,50,51,52,53,54,55,56,57,58,59,60,61,62,63,64,65,66,67,68,69,70,71,72,73,74,75,76,77,78,79,80,81,82,83,84,85,86,87,88,89,90,91,92,93,94,95,96,97,98,99,100,101,102,103,104,105,106,107,108,109,110,111,112,113,114,115,116,117,118,119,120,121,122,123,124,125,126,127,128,129,130,131,132,133,134,135,136,137,138,139,140,141,142,143,144,145,146,147,148,149,150,151,152,153,154,155,156,157,158,159,160,161,162,163,164,165,166,167,168,169,170,171,172,173,174,175,176,177,178,179,180,181,182,183,184,185,186,187,188,189,190,191,192,193,194,195,196,197,198,199,200,201,202,203,204,205,206,207,208,209,210,211,212,213,214,215,216,217,218,219,220,221,222,223,224,225,226,227,228,229,230,231,232,233,234,235,236,237,238,239,240,241,242,243,244,245,246,247,248,249,250,251,252,253,254,255,256,257,258,259,260,261,262,263,264,265,266,267,268,269,270,271,272,273,274,275,276,277,278,279,280,281,282,283,284,285,286,287,288,289,290,291,292,293,294,295,296,297,298,299,300,301,302,303,304,305,306,307,308,309,310,311,312,313,314,315,316,317,318,319,320,321,322,323,324,325,326,327,328,329,330,331,332,333,334,335,336,337,338,339,340,341,342,343,344,345,346,347,348,349,350,351,352,353,354,355,356,357,358,359,360,361,362,363,364,365,366,367,368,369,370,371,372,373,374,375,376,377,378,379,380,381,382,383,384,385,386,387,388,389,390,391,392,393,394,395,396,397,398,399,400,401,402,403,404,405,406,407,408,409,410,411,412,413,414,415,416,417,418,419,420,421,422,423,424,425,426,427,428,429,430,431,432,433,434,435,436,437,438,439,440,441,442,443,444,445,446,447,448,449,450,451,452,453,454,455,456,457,458,459,460,461,462,463,464,465,466,467,468,469,470,471,472,473,474,475,476,477,478,479,480,481,482,483,484,485,486,487,488,489,490,491,492,493,494,495,496,497,498,499,500,501,502,503,504,505,506,507,508,509,510,511,512,513,514,515,516,517,518,519,520,521,522,523,524,525,526,527,528,529,530,531,532,533,534,535,536,537,538,539,540,541,542,543,544,545,546,547,548,549,550,551,552,553,554,555,556,557,558,559,560,561,562,563,564,565,566,567,568,569,570,571,572,573,574,575,576,577,578,579,580,581,582,583,584,585,586,587,588,589,590,591,592,593,594,595,596,597,598,599,600,601,602,603,604,605,606,607,608,609,610,611,612,613,614,615,616,617,618,619,620,621,622,623,624,625,626,627,628,629,630,631,632,633,634,635,636,637,638,639,640,641,642,643,644,645,646,647,648,649,650,651,652,653,654,655,656,657,658,659,660,661,662,663,664,665,666,667,668,669,670,671,672,673,674,675,676,677,678,679,680,681,682,683,684,685,686,687,688,689,690,691,692,693,694,695,696,697,698,699,700,701,702,703,704,705,706,707,708,709,710,711,712,713,714,715,716,717,718,719,720,721,722,723,724,725,726,727,728,729,730,731,732,733,734,735,736,737,738,739,740,741,742,743,744,745,746,747,748,749,750,751,752,753,754,755,756,757,758,759,760,761,762,763,764,765,766,767,768
syn_f000000-0-Pre,1,1,1,1,1,1,1,1,1,1,1,1,1,1,1,1,1,1,1,1,1,1,1,1,1,1,1,1,1,1,1,1,1,1,1,1,1,1,1,1,1,1,1,1,1,1,1,1,1,1,1,1,1,1,1,1,1,1,1,1,1,1,1,1,1,1,1,1,1,1,1,1,1,1,1,1,1,1,1,1,1,1,1,1,1,1,1,1,1,1,1,1,1,1,1,1,1,1,1,1,1,1,1,1,1,1,1,1,1,1,1,1,1,1,1,1,1,1,1,1,20,28,34,38,42,45,48,51,53,55,57,59,61,63,64,66,66,68,69,70,70,71,72,72,74,74,74,74,74,75,75,75,75,75,75,74,75,75,75,75,75,76,77,77,77,78,78,79,78,78,77,76,73,71,69,68,67,66,66,65,63,63,62,61,60,58,57,57,57,56,56,55,55,54,53,52,51,50,47,44,43,43,42,43,42,43,42,43,43,43,44,44,45,45,45,46,47,49,49,219,226,239,259,279,280,279,280,279,277,275,274,267,267,265,251,250,248,207,203,198,193,188,185,181,177,172,168,163,159,153,147,140,107,104,100,96,91,86,85,85,87,88,88,89,90,90,91,91,92,92,92,93,93,94,94,93,93,94,94,94,94,94,95,94,94,94,94,94,94,93,93,92,92,91,91,90,90,89,88,87,87,85,83,83,84,84,84,85,86,85,85,86,85,85,86,86,85,86,86,86,86,87,87,86,86,86,86,86,86,85,85,86,86,85,85,85,84,84,84,84,83,83,84,84,83,83,83,83,82,82,84,84,84,85,85,86,86,87,87,87,88,88,89,89,89,89,90,90,91,91,91,91,92,92,92,92,93,93,94,94,93,94,94,95,95,96,96,96,97,96,96,97,97,97,97,97,98,98,98,98,98,97,97,97,97,97,96,96,96,95,95,95,94,94,92,91,91,91,91,90,90,90,89,89,89,89,89,89,88,88,87,87,86,86,85,85,85,85,84,83,82,81,80,80,80,79,79,78,78,77,77,75,76,76,75,74,74,73,73,73,72,72,72,72,71,71,70,70,70,69,69,69,68,68,68,68,68,67,67,67,67,68,67,67,67,67,66,66,66,66,66,65,65,65,65,64,64,64,63,62,62,62,61,61,61,60,60,60,59,58,58,57,57,57,56,56,56,55,55,55,55,54,54,54,54,53,53,53,54,54,54,54,53,54,54,55,55,56,56,57,57,57,57,57,58,58,57,57,57,56,57,56,56,56,56,55,54,55,54,54,54,53,52,52,51,51,51,50,50,49,49,50,49,49,49,49,49,48,48,48,48,48,48,48,47,46,46,46,46,46,46,46,45,45,46,46,46,46,46,45,45,45,45,45,45,45,44,43,43,43,43,43,42,42,42,42,41,41,41,40,40,40,40,39,39,39,38,38,38,37,37,37,37,36,36,35,35,35,35,35,35,34,34,34,34,35,35,36,35,36,37,37,38,39,41,43,45,47,49,52,54,56,58,61,64,67,70,71,74,75,76,78,79,81,82,82,82,83,83,82,74,48,51,53,55,58,61,65,67,70,73,76,78,81,83,84,85,87,86,85,83,81,78,69,61,56,51,47,43,41,29,1,1,1,1,1,1,1,1,1,1,1,1,1,1,1,1,1,1,1,1,1,1,1,1,1,1,1,1,1,1,1,1,1,1,1,1,1,1,1,1,1,1,1,1,1,1,1,1,1,1,1,1,1,1,1,1,1
syn_f000002-3-Pre,1,1,1,1,1,1,1,1,1,1,1,1,1,1,1,1,1,1,1,1,1,1,1,1,1,1,1,1,1,1,1,1,1,1,1,1,1,1,1,1,1,1,1,1,1,1,1,1,1,1,1,1,1,1,1,1,1,1,1,1,1,1,1,1,1,1,1,1,1,1,1,1,1,1,1,1,1,1,1,1,1,1,1,1,1,1,1,1,1,1,1,1,1,1,1,1,1,1,1,1,1,1,1,1,1,1,1,1,1,1,1,1,1,1,1,1,1,1,1,1,1,1,1,1,1,1,1,1,1,1,1,1,1,1,1,1,8,22,28,34,39,41,45,48,49,52,54,56,57,59,61,62,64,64,66,66,68,68,68,69,69,70,70,70,70,70,70,71,72,72,72,72,73,72,73,74,74,74,75,76,77,76,77,78,76,76,75,73,70,69,68,68,67,66,65,65,64,64,63,63,62,61,61,61,61,61,61,61,60,59,59,57,55,53,51,51,50,49,48,48,48,48,48,48,48,49,48,49,49,50,49,52,59,82,90,99,157,163,168,172,179,187,193,199,204,208,212,217,221,225,231,237,242,247,259,265,273,282,282,283,282,281,278,276,273,265,264,198,194,189,184,178,171,158,101,97,98,99,99,100,100,101,101,102,102,103,103,103,103,103,104,104,104,104,102,102,102,102,102,102,102,102,101,100,100,99,98,97,96,95,93,92,91,90,90,89,90,88,87,87,86,85,84,83,82,81,80,79,79,78,78,78,78,77,76,75,75,74,74,74,73,74,74,74,76,77,79,80,82,83,84,85,86,87,87,88,90,91,91,92,93,94,95,97,97,98,100,101,101,102,103,104,104,105,105,105,105,106,107,107,108,108,108,108,107,108,108,108,108,108,109,109,108,108,108,108,107,107,107,106,106,105,105,104,104,103,103,102,102,100,101,101,101,101,101,101,101,100,100,99,99,99,98,97,98,97,96,96,95,94,94,93,92,91,90,88,88,88,88,88,87,87,86,86,86,86,86,86,86,86,87,87,87,87,87,87,88,88,87,87,87,87,87,87,87,87,87,87,87,86,86,86,86,86,85,85,84,84,84,84,84,84,83,83,82,82,82,82,81,81,81,81,80,80,79,79,79,79,78,77,77,76,76,76,74,74,73,73,72,72,71,70,69,69,69,68,68,66,65,65,64,63,63,62,62,61,61,60,60,60,60,60,60,61,60,61,61,61,61,61,61,61,60,60,59,60,59,59,58,59,58,58,57,57,57,56,55,55,55,55,55,55,55,55,55,55,55,55,55,55,55,55,55,55,55,54,54,54,55,55,55,55,56,55,55,55,55,55,55,55,54,54,54,54,54,54,54,53,53,53,53,52,52,51,51,51,50,50,49,49,48,48,48,48,46,46,45,45,45,44,43,43,42,42,42,40,40,40,40,39,39,39,38,38,38,38,37,38,39,40,40,40,42,44,45,46,48,51,52,54,55,58,67,69,71,72,73,75,77,79,79,80,82,84,83,83,83,83,84,51,52,55,58,61,63,67,70,72,74,77,80,82,83,87,88,86,85,83,80,78,69,59,52,46,39,37,33,1,1,1,1,1,1,1,1,1,1,1,1,1,1,1,1,1,1,1,1,1,1,1,1,1,1,1,1,1,1,1,1,1,1,1,1,1,1,1,1,1,1,1,1,1,1,1,1,1,1,1,1,1,1,1,1,1,1,1,1,1,1,1,1,1,1,1,1,1,1,1
syn_f000005-3-Pre,1,1,1,1,1,1,1,1,1,1,1,1,1,1,1,1,1,1,1,1,1,1,1,1,1,1,1,1,1,1,1,1,1,1,1,1,1,1,1,1,1,1,1,1,1,1,1,1,1,1,1,1,1,1,1,1,1,1,1,1,1,1,1,1,1,1,1,1,1,1,1,1,1,1,1,1,1,1,1,1,1,1,1,1,1,1,1,1,1,1,1,1,1,1,1,1,1,1,1,1,1,1,1,1,1,1,1,1,1,1,1,1,1,1,1,1,1,1,1,1,1,1,1,1,1,1,19,27,34,37,42,45,48,50,53,54,56,59,61,63,64,65,66,67,69,69,70,71,72,72,72,73,73,73,74,74,75,75,75,75,75,76,76,76,76,77,78,79,79,79,80,81,80,81,82,80,79,79,76,74,71,70,70,69,67,67,65,64,65,64,63,63,63,63,63,63,63,63,63,63,62,62,61,58,46,45,45,44,44,44,43,44,43,44,44,44,44,44,44,45,45,46,48,48,49,49,50,51,52,54,56,59,65,91,149,159,165,170,176,181,185,190,196,204,210,215,219,224,229,235,242,247,254,262,267,280,282,282,281,280,279,276,274,266,264,165,85,86,86,87,87,88,88,88,89,89,89,90,90,90,90,90,90,90,89,89,89,89,89,89,88,88,88,88,88,88,86,86,86,85,85,83,83,82,80,79,77,77,75,76,75,75,74,74,73,72,72,72,71,70,69,69,68,67,66,66,65,65,64,64,64,64,64,64,63,63,63,64,64,63,63,63,63,64,64,64,64,63,64,64,66,66,66,67,68,69,70,71,72,73,74,75,76,77,78,79,81,82,83,83,85,86,86,87,89,89,90,90,91,92,92,93,94,94,94,95,95,95,96,96,97,97,97,97,97,97,97,97,97,96,96,96,96,96,95,95,95,95,94,94,92,92,92,91,92,91,91,91,90,91,91,90,90,90,89,90,89,89,88,87,86,86,85,85,84,83,82,82,80,79,78,78,78,78,78,77,78,78,77,77,77,77,77,78,78,78,78,78,78,77,78,78,78,78,78,78,78,78,78,78,77,77,78,77,77,77,77,76,76,76,76,75,75,75,75,74,74,74,73,73,73,73,73,71,71,71,71,70,70,69,69,68,68,67,67,67,65,65,65,64,63,62,62,62,61,61,59,59,58,58,58,57,56,56,55,55,54,54,53,53,54,53,53,52,53,53,53,54,54,53,54,55,54,55,54,55,55,55,55,55,55,55,55,54,55,54,54,54,53,52,53,52,52,51,52,51,51,51,51,51,51,50,50,50,50,50,50,50,50,49,50,50,50,51,51,51,51,52,52,52,52,52,52,52,52,52,52,52,52,52,52,51,51,51,51,51,51,51,51,49,49,49,49,49,48,48,47,47,46,46,46,46,44,44,43,43,43,42,42,42,40,40,40,39,39,39,38,38,38,38,37,37,37,37,37,37,38,38,38,38,39,40,41,42,43,46,48,51,53,54,57,59,61,63,65,68,70,72,75,78,79,83,84,85,85,85,84,48,50,52,54,58,61,64,68,71,75,77,78,81,84,88,91,90,89,88,86,84,82,75,62,54,47,40,37,36,1,1,1,1,1,1,1,1,1,1,1,1,1,1,1,1,1,1,1,1,1,1,1,1,1,1,1,1,1,1,1,1,1,1,1,1,1,1,1,1,1,1,1,1,1,1,1,1,1,1,1,1,1,1,1,1,1,1,1,1,1,1
syn_f000006-0-Pre,1,1,1,1,1,1,1,1,1,1,1,1,1,1,1,1,1,1,1,1,1,1,1,1,1,1,1,1,1,1,1,1,1,1,1,1,1,1,1,1,1,1,1,1,1,1,1,1,1,1,1,1,1,1,1,1,1,1,1,1,1,1,1,1,1,1,1,1,1,1,1,1,1,1,1,1,1,1,1,1,1,1,1,1,1,1,1,1,1,1,1,1,1,1,1,1,1,14,23,30,36,40,43,46,50,53,55,57,59,61,62,64,66,67,69,69,70,71,71,73,73,73,74,75,76,76,76,76,76,76,77,77,77,78,78,79,80,81,82,82,83,84,85,84,85,85,85,84,83,82,80,78,76,76,75,74,74,73,71,70,70,69,68,68,67,65,65,64,64,64,63,63,63,63,62,61,60,59,57,55,52,48,47,46,45,44,45,45,45,46,45,46,46,46,47,46,47,48,49,51,51,52,53,54,181,237,243,253,264,273,305,307,307,307,306,306,303,302,300,293,293,291,275,274,272,218,211,206,202,197,193,187,180,174,169,164,158,115,104,97,91,87,88,90,90,91,92,92,93,94,94,95,95,96,97,98,98,98,98,98,98,99,98,98,98,98,97,97,98,96,96,96,95,94,94,94,93,92,91,90,90,88,87,86,85,85,84,83,82,83,83,83,83,83,83,84,84,84,83,83,83,83,83,83,83,83,83,82,82,82,82,82,81,81,81,80,80,80,79,80,80,79,79,78,78,78,78,77,77,77,79,79,79,79,79,79,79,80,80,80,81,82,82,82,83,83,84,84,85,85,86,86,87,88,88,89,90,91,91,93,93,94,94,94,95,95,96,96,97,97,98,98,98,99,98,98,99,99,98,98,99,99,98,98,98,98,98,97,97,96,96,95,95,94,94,94,94,92,92,91,90,90,89,87,87,87,87,87,86,86,87,87,86,86,86,87,86,86,86,86,86,86,85,85,84,83,83,82,80,79,78,78,77,77,76,76,75,75,75,74,74,73,73,73,72,72,72,70,70,70,69,69,69,67,67,67,67,66,66,65,65,65,65,64,64,64,64,64,63,62,62,63,62,62,62,61,60,60,60,60,59,59,59,59,59,58,58,58,58,57,57,57,57,57,56,56,56,56,55,55,55,54,54,53,53,53,53,52,52,52,52,51,51,51,51,50,50,50,50,50,50,49,50,50,50,50,50,50,49,50,50,50,50,50,50,51,51,51,51,51,51,51,52,52,52,52,52,52,52,52,52,52,52,52,52,52,51,51,52,51,51,52,51,50,51,50,49,50,49,49,48,47,47,47,47,46,46,46,45,46,46,46,46,46,44,45,44,44,44,44,44,43,43,43,43,43,44,44,43,43,43,43,43,43,43,43,43,42,42,42,42,42,42,42,42,41,41,41,41,41,40,40,40,39,39,39,39,39,39,38,37,37,37,37,37,37,37,36,36,36,36,36,36,36,36,35,35,35,35,35,35,35,35,35,35,35,35,35,35,35,35,35,34,34,34,34,34,35,35,36,36,37,39,40,41,43,45,47,49,51,54,56,58,60,62,65,70,72,75,79,80,81,83,84,85,86,86,87,87,87,87,83,68,57,59,62,65,69,73,76,78,81,84,87,89,90,91,92,92,92,91,90,89,88,86,64,57,52,48,47,46,41,1,1,1,1,1,1,1,1,1,1,1,1,1,1,1,1,1,1,1,1,1,1,1,1,1,1,1,1,1,1,1,1,1,1,1,1
syn_f000008-1-Pre,1,1,1,1,1,1,1,1,1,1,1,1,1,1,1,1,1,1,1,1,1,1,1,1,1,1,1,1,1,1,1,1,1,1,1,1,1,1,1,1,1,1,1,1,1,1,1,1,1,1,1,1,1,1,1,1,1,1,1,1,1,1,1,1,1,1,1,1,1,1,1,1,1,1,1,1,1,1,1,1,1,1,1,1,1,1,1,1,1,1,1,1,1,1,1,1,1,1,1,1,1,1,1,1,1,1,16,25,32,37,41,45,48,51,54,56,58,60,62,64,65,67,68,69,70,71,73,73,73,75,75,76,76,77,77,77,77,77,77,78,79,79,79,79,79,79,79,78,79,80,80,80,81,82,83,83,84,84,85,83,83,81,80,78,77,76,76,75,74,73,72,72,71,71,70,69,69,68,68,68,67,67,67,67,67,66,65,64,63,62,60,57,54,50,48,47,47,46,46,47,46,46,47,46,47,48,48,49,50,51,51,52,54,59,67,74,82,90,98,109,147,155,165,171,177,182,189,198,207,214,220,227,232,235,239,243,246,251,256,261,268,271,275,284,291,296,303,313,314,314,313,312,311,308,306,295,294,178,144,114,106,94,94,93,93,93,93,93,93,94,94,93,92,92,92,90,90,90,89,88,88,87,86,85,85,83,83,84,83,83,83,84,83,83,83,84,84,84,84,83,83,83,84,84,84,84,84,84,84,83,83,83,83,83,82,82,82,83,82,82,82,82,82,82,81,82,82,82,82,82,83,83,82,83,84,84,86,86,88,89,90,91,91,93,93,94,94,94,96,97,97,98,98,100,101,101,102,104,104,105,105,106,106,107,107,108,108,108,108,109,109,109,109,109,110,109,109,108,108,108,108,108,107,107,107,106,106,107,107,106,106,105,105,106,105,105,105,104,104,104,104,105,105,105,104,105,105,105,105,104,105,105,104,104,104,103,103,103,102,103,102,102,101,101,100,101,100,100,99,98,97,96,96,94,93,91,90,90,89,89,89,88,88,88,87,87,87,87,87,86,86,86,86,85,84,84,84,84,84,84,83,83,83,83,82,82,82,81,81,81,81,80,80,80,80,79,79,79,78,78,78,78,77,77,77,75,75,75,74,74,74,74,73,73,73,71,71,71,70,70,69,68,68,67,67,67,66,66,64,64,64,63,63,62,61,61,60,60,60,59,59,59,58,58,58,57,57,57,56,56,56,55,55,55,54,54,54,54,54,54,53,53,54,53,54,53,53,53,53,53,53,53,52,53,53,52,52,53,52,52,53,52,52,52,52,51,51,50,50,49,49,49,48,49,49,49,49,49,48,48,48,48,48,49,49,49,49,49,48,48,49,49,49,49,49,49,49,48,48,48,48,48,48,48,47,47,47,47,47,47,46,46,46,46,46,46,45,45,44,44,44,43,43,43,43,43,41,41,41,41,40,40,39,39,39,38,38,38,37,37,37,36,36,36,36,36,35,35,35,35,35,35,35,35,36,36,36,37,36,37,37,38,39,39,41,42,43,45,47,49,51,54,56,58,61,67,72,76,79,81,82,83,85,86,86,87,87,88,89,90,90,90,91,90,53,55,58,61,64,68,71,74,78,81,85,87,90,92,93,95,95,94,93,90,87,84,76,70,64,59,54,47,43,36,1,1,1,1,1,1,1,1,1,1,1,1,1,1,1,1,1,1,1,1,1,1,1,1,1,1,1,1,1,1,1,1,1,1,1,1,1,1,1,1,1,1,1,1
syn_f000017-2-Pre,1,1,1,1,1,1,1,1,1,1,1,1,1,1,1,1,1,1,1,1,1,1,1,1,1,1,1,1,1,1,1,1,1,1,1,1,1,1,1,1,1,1,1,1,1,1,1,1,1,1,1,1,1,1,1,1,1,1,1,1,1,1,1,1,1,1,1,1,1,1,1,1,1,1,1,1,1,1,1,1,1,1,1,1,1,1,1,1,1,1,1,1,1,1,1,1,1,1,1,1,1,1,1,1,1,1,1,1,1,1,1,1,1,12,24,30,36,39,44,47,50,52,54,56,58,60,62,63,65,66,68,69,70,71,71,72,73,74,74,74,75,75,75,75,76,77,77,77,77,77,77,78,77,78,78,79,80,79,80,81,82,82,82,83,82,82,80,79,76,73,73,71,70,69,69,68,66,66,65,64,63,62,62,62,61,61,61,61,62,62,61,60,59,57,52,49,48,47,46,46,46,46,46,47,47,48,48,49,49,49,49,50,49,50,49,164,169,177,185,197,214,220,231,243,262,280,281,281,281,280,278,276,274,266,267,265,249,248,204,200,198,193,190,186,181,177,169,160,151,138,122,116,112,108,104,101,94,87,84,84,85,85,86,86,86,87,87,87,88,88,88,87,87,88,88,87,86,86,86,85,85,85,84,84,84,83,82,82,81,80,79,78,77,75,73,71,69,69,70,69,70,71,71,70,71,71,71,71,71,71,72,72,72,72,71,71,71,70,69,69,69,69,69,68,68,68,67,66,66,67,67,67,67,66,66,68,68,68,68,68,69,69,70,71,71,71,73,73,73,74,75,76,77,77,78,78,79,80,80,79,80,80,81,81,82,82,83,83,83,83,83,83,84,84,84,84,85,85,85,85,86,85,85,85,86,86,86,86,85,86,86,86,85,85,85,85,84,85,85,84,84,84,84,84,85,84,84,84,84,85,85,85,85,84,84,85,85,84,84,84,84,84,83,83,83,82,82,82,81,81,80,79,78,77,76,75,75,74,74,74,74,73,73,73,73,73,72,72,72,72,72,72,72,72,72,72,72,72,72,71,71,71,71,71,71,71,70,70,70,70,70,70,69,68,68,68,68,68,68,68,68,68,68,67,67,67,67,66,66,66,66,66,65,65,64,64,64,64,63,63,62,62,62,62,61,61,60,60,60,59,59,59,57,57,57,57,56,56,56,55,55,55,54,54,54,53,53,53,53,54,53,53,53,53,53,54,54,53,54,54,55,55,55,56,55,56,55,56,56,56,56,55,55,55,55,54,54,54,53,53,52,53,52,52,52,52,51,51,51,50,50,50,50,50,50,51,51,50,50,50,50,50,50,50,49,49,49,49,49,48,48,48,49,49,49,48,48,48,49,49,48,48,48,48,48,47,47,47,47,47,47,46,45,45,45,45,45,45,44,43,43,43,43,43,42,42,42,42,41,41,41,40,40,40,40,39,39,39,39,39,38,38,38,38,38,37,37,37,37,37,36,36,36,37,38,39,39,39,40,41,44,46,48,49,51,53,55,57,58,59,62,65,68,72,74,76,79,81,83,85,86,85,85,85,86,85,83,75,58,61,63,65,68,72,74,76,79,82,84,86,87,88,88,88,86,86,83,69,59,55,49,44,43,39,1,1,1,1,1,1,1,1,1,1,1,1,1,1,1,1,1,1,1,1,1,1,1,1,1,1,1,1,1,1,1,1,1,1,1,1,1,1,1,1,1,1,1,1,1,1,1,1,1,1,1,1,1,1
syn_f000027-2-Pre,1,1,1,1,1,1,1,1,1,1,1,1,1,1,1,1,1,1,1,1,1,1,1,1,1,1,1,1,1,1,1,1,1,1,1,1,1,1,1,1,1,1,1,1,1,1,1,1,1,1,1,1,1,1,1,1,1,1,1,1,1,1,1,1,1,1,1,1,1,1,1,1,1,1,1,1,1,1,1,1,1,1,1,1,1,1,1,1,1,1,1,1,1,1,1,1,1,1,1,1,1,1,1,1,1,1,1,1,1,1,1,1,1,1,1,1,1,1,1,1,1,1,1,1,1,1,1,1,1,1,1,17,26,32,38,41,45,49,52,54,57,58,60,62,65,66,68,69,70,71,72,72,74,75,75,76,77,77,77,77,77,78,78,79,79,79,79,79,80,80,81,80,81,82,82,83,83,84,84,85,86,85,85,83,82,79,78,76,75,75,75,74,72,72,71,71,70,69,68,67,68,68,68,68,68,68,67,66,65,64,62,61,59,57,55,55,54,54,53,53,53,53,53,54,55,54,55,56,57,57,58,59,59,60,61,62,66,70,74,81,87,96,165,170,175,180,184,190,195,203,209,216,224,227,230,233,236,240,244,248,254,258,262,269,276,281,287,298,298,298,298,297,296,292,290,281,280,208,203,198,192,122,123,123,124,124,124,125,125,125,125,125,125,125,125,125,125,125,125,125,125,124,124,124,124,124,124,123,123,121,121,120,120,119,118,116,116,116,116,116,116,116,116,116,116,116,116,116,116,115,115,115,114,114,114,114,114,113,112,112,111,111,110,110,109,109,108,108,108,108,107,107,107,105,105,105,105,104,103,103,103,102,102,101,101,100,100,102,102,104,106,106,108,109,111,111,113,113,114,116,116,117,119,119,119,121,121,122,122,122,122,124,124,125,125,125,126,126,125,126,126,126,126,126,126,125,125,125,125,125,124,124,124,123,123,123,122,122,121,121,121,120,119,118,118,117,117,116,115,114,114,113,112,111,110,110,108,107,106,104,103,102,102,101,100,100,99,98,97,96,96,95,95,94,93,92,90,90,89,89,88,87,87,86,86,86,86,85,85,85,85,85,85,84,84,83,83,83,83,83,82,82,82,82,82,81,81,81,80,80,80,79,79,78,78,78,78,77,77,77,76,76,75,75,75,74,73,73,73,73,71,71,71,70,70,69,68,68,67,67,66,65,65,64,62,62,61,60,60,59,58,57,57,56,56,55,55,54,54,54,54,54,54,54,55,54,55,55,55,55,56,55,54,55,54,55,54,55,54,54,54,54,55,54,54,54,53,53,52,52,52,52,51,51,50,50,50,50,50,49,49,49,49,49,49,50,50,50,50,50,50,51,51,51,51,50,50,50,50,50,50,50,49,48,48,48,48,48,47,47,46,46,46,45,44,44,43,43,42,42,41,41,40,40,39,38,38,38,37,36,36,36,36,36,35,36,36,36,36,36,36,37,37,37,38,39,38,39,40,42,43,45,46,49,51,53,55,57,64,70,72,74,76,79,81,83,83,83,82,83,83,83,84,83,83,83,60,65,69,71,73,77,80,82,84,87,88,88,87,86,85,84,85,83,82,78,67,57,50,43,39,36,1,1,1,1,1,1,1,1,1,1,1,1,1,1,1,1,1,1,1,1,1,1,1,1,1,1,1,1,1,1,1,1,1,1,1,1,1,1,1,1,1,1,1,1,1,1,1,1,1,1,1,1,1,1,1,1,1,1,1,1,1,1,1,1,1,1
syn_f000035-3-Pre,1,1,1,1,1,1,1,1,1,1,1,1,1,1,1,1,1,1,1,1,1,1,1,1,1,1,1,1,1,1,1,1,1,1,1,1,1,1,1,1,1,1,1,1,1,1,1,1,1,1,1,1,1,1,1,1,1,1,1,1,1,1,1,1,1,1,1,1,1,1,1,1,1,1,1,1,1,1,1,1,1,1,1,1,1,1,1,1,1,1,1,1,1,1,1,1,1,1,1,1,1,1,1,1,1,1,1,1,1,1,1,1,1,1,1,1,1,1,1,1,1,1,1,1,1,1,8,21,29,34,39,42,45,48,51,53,55,57,59,61,63,64,66,67,68,69,70,71,71,72,72,74,74,74,74,74,74,74,74,74,74,75,75,75,75,76,76,77,77,78,78,79,79,80,81,81,81,81,80,79,77,76,74,73,72,72,71,70,70,69,68,68,67,67,67,67,67,66,66,67,67,67,67,65,64,64,62,58,54,52,50,50,50,50,50,49,50,50,50,50,51,50,51,51,52,52,52,52,53,60,93,158,166,173,178,183,190,199,205,212,216,220,225,229,235,241,248,256,266,274,286,286,286,285,284,283,281,279,269,269,267,247,202,197,192,187,182,177,171,159,152,95,94,95,96,96,97,97,98,98,98,99,99,99,99,99,99,99,99,99,99,99,100,99,99,99,99,99,98,98,97,97,96,95,94,93,93,92,90,88,87,87,86,86,85,85,85,85,85,84,84,84,83,83,82,82,81,80,80,80,79,79,79,79,80,80,80,79,79,79,79,79,79,79,79,79,79,79,78,78,78,78,78,77,79,80,81,81,82,82,84,85,86,86,88,88,89,91,91,93,93,95,95,97,97,99,99,101,101,101,103,103,103,104,104,104,104,105,105,105,106,106,106,106,106,105,105,105,105,105,106,105,105,105,105,104,104,104,103,103,102,102,101,101,100,100,98,98,97,97,96,96,95,96,96,95,95,96,96,96,95,95,95,94,94,94,94,94,93,93,92,92,91,90,91,90,89,89,88,87,86,87,86,86,86,86,85,85,85,85,85,85,85,85,85,85,86,86,86,85,85,85,85,86,86,86,86,86,85,85,85,85,85,84,84,83,83,83,82,82,82,82,81,81,80,80,80,79,79,78,78,78,77,77,77,76,76,76,75,74,74,73,73,72,71,71,71,70,69,68,68,67,67,66,65,64,63,63,62,62,60,60,59,58,58,58,57,57,57,57,57,57,58,57,58,57,58,59,58,59,58,58,57,57,58,57,56,57,56,57,56,57,56,56,56,55,55,54,55,54,54,53,53,53,53,53,53,53,53,53,53,52,52,52,52,52,52,52,53,52,52,52,52,53,53,53,53,53,53,53,52,52,52,52,52,52,52,52,51,51,50,50,50,50,50,48,48,48,48,48,47,46,46,45,45,45,44,44,43,43,42,42,42,41,40,40,40,39,39,39,38,37,37,37,37,36,36,36,37,38,37,38,39,40,42,43,45,48,51,53,56,58,60,64,68,69,72,74,75,77,78,79,80,82,82,83,83,82,50,52,55,59,64,67,71,73,75,78,80,82,84,85,86,85,85,83,80,74,64,59,52,48,40,38,32,1,1,1,1,1,1,1,1,1,1,1,1,1,1,1,1,1,1,1,1,1,1,1,1,1,1,1,1,1,1,1,1,1,1,1,1,1,1,1,1,1,1,1,1,1,1,1,1,1,1,1,1,1,1,1,1,1,1,1,1,1,1,1
syn_f000049-0-Pre,1,1,1,1,1,1,1,1,1,1,1,1,1,1,1,1,1,1,1,1,1,1,1,1,1,1,1,1,1,1,1,1,1,1,1,1,1,1,1,1,1,1,1,1,1,1,1,1,1,1,1,1,1,1,1,1,1,1,1,1,1,1,1,1,1,1,1,1,1,1,1,1,1,1,1,1,1,1,1,1,1,1,1,1,1,1,1,1,1,1,1,1,1,1,1,1,1,1,1,1,1,1,1,1,1,1,1,1,1,1,1,1,1,14,26,33,37,41,46,49,52,54,56,58,60,63,65,67,68,69,71,71,73,73,75,75,76,77,77,77,78,78,79,79,79,79,79,80,80,81,81,81,81,82,83,84,85,85,86,87,88,88,88,88,87,86,85,82,80,78,77,76,76,75,73,72,72,71,71,69,69,68,68,68,68,68,68,68,68,67,66,65,65,63,61,61,59,58,57,57,57,56,56,57,56,57,58,57,58,58,58,59,59,59,60,60,61,61,62,181,188,199,224,232,239,246,255,264,271,286,304,306,306,306,305,305,302,300,297,290,290,286,269,220,217,212,207,200,194,188,181,173,167,162,145,122,111,98,98,98,99,100,101,101,102,103,104,104,106,107,106,107,107,108,108,109,109,110,110,109,110,110,111,110,110,110,109,109,108,108,108,107,105,105,104,103,102,99,99,100,100,100,101,101,101,101,101,102,102,102,102,102,102,102,102,103,102,102,102,102,102,103,103,103,103,103,103,103,103,103,103,103,102,102,102,101,100,100,100,100,98,98,98,98,98,98,98,98,98,100,100,100,100,100,100,100,101,102,102,102,104,104,105,106,107,107,107,108,108,109,109,109,111,110,110,111,111,111,111,111,112,111,111,111,111,111,111,110,111,110,110,110,110,110,110,109,109,108,108,108,108,107,107,106,106,105,106,105,105,104,104,103,103,102,100,100,99,98,97,96,94,94,94,94,94,93,93,93,92,92,92,91,91,90,90,89,89,88,88,87,86,85,84,84,83,82,82,81,81,81,80,80,80,79,79,78,77,77,77,76,76,76,75,75,74,73,73,73,73,72,72,71,71,71,70,70,70,70,68,68,68,68,67,67,67,67,66,66,66,65,65,65,64,64,64,64,62,62,62,61,61,60,60,60,59,59,59,58,57,57,56,56,56,55,54,54,53,53,53,53,53,52,52,52,52,52,51,51,52,53,53,53,53,53,54,54,54,55,55,54,55,55,55,56,56,56,56,56,55,56,55,55,54,55,54,54,54,54,53,53,53,53,53,52,51,52,51,51,50,50,49,49,48,47,47,48,48,48,48,47,47,47,47,47,47,47,46,46,46,46,46,46,45,45,46,46,46,46,45,45,45,45,45,45,44,44,44,44,44,44,44,44,44,44,43,43,43,43,43,43,43,43,42,42,42,42,42,42,42,42,41,41,41,41,41,41,41,41,41,41,41,40,40,40,40,40,40,40,40,40,40,40,40,40,40,40,40,40,40,40,41,42,44,45,47,48,50,52,54,56,58,67,70,73,75,77,79,81,83,84,84,85,86,86,86,86,86,86,86,51,53,55,58,61,64,66,69,72,76,79,82,84,86,88,91,91,90,90,88,86,87,86,81,65,57,49,44,39,33,1,1,1,1,1,1,1,1,1,1,1,1,1,1,1,1,1,1,1,1,1,1,1,1,1,1,1,1,1,1,1,1,1,1,1,1,1,1,1,1,1,1,1,1,1,1,1,1,1
syn_f000064-2-Pre,1,1,1,1,1,1,1,1,1,1,1,1,1,1,1,1,1,1,1,1,1,1,1,1,1,1,1,1,1,1,1,1,1,1,1,1,1,1,1,1,1,1,1,1,1,1,1,1,1,1,1,1,1,1,1,1,1,1,1,1,1,1,1,1,1,1,1,1,1,1,1,1,1,1,1,1,1,1,1,1,1,1,1,1,1,1,1,1,1,1,1,1,1,1,1,1,1,1,1,1,1,1,1,1,1,1,1,1,1,1,1,1,1,1,1,1,1,1,1,1,1,1,1,20,28,33,38,43,46,49,51,54,56,58,60,62,64,65,67,69,69,70,71,72,73,73,75,75,76,76,76,76,77,77,77,77,77,77,77,77,78,78,79,80,80,80,81,82,83,82,83,84,84,83,83,82,81,78,76,74,72,71,70,70,69,67,67,66,66,65,65,65,64,63,62,62,62,63,63,63,63,62,61,62,61,59,58,56,53,52,50,50,50,50,50,50,51,51,51,51,52,52,166,176,208,212,217,223,235,243,277,279,279,279,278,278,275,275,271,266,265,264,249,248,244,231,206,201,197,194,190,187,184,180,176,172,167,159,153,148,115,110,106,102,100,101,102,103,103,105,106,106,106,107,106,107,107,107,107,108,108,108,108,108,108,108,108,108,108,106,106,106,106,105,105,105,105,104,104,104,103,103,101,101,100,100,99,99,100,100,99,100,100,100,100,100,99,99,100,99,99,99,98,98,98,97,98,98,97,97,97,97,97,96,96,95,94,94,94,94,94,93,93,93,93,92,92,91,91,91,91,92,91,91,91,92,92,93,94,95,95,96,97,98,99,100,101,102,103,104,105,106,107,107,108,109,110,111,111,112,112,112,113,113,113,113,114,114,114,114,114,114,114,115,115,115,115,115,115,115,115,115,116,115,114,114,114,114,114,114,113,113,112,112,111,111,110,109,109,107,107,107,105,104,103,102,100,99,98,98,97,96,96,95,94,94,93,92,91,92,90,89,88,87,86,86,85,85,85,84,83,82,82,82,82,81,81,81,81,81,81,81,81,81,80,80,81,81,81,81,81,81,81,80,80,80,80,79,79,79,79,79,78,78,78,78,78,77,77,77,77,76,76,76,76,75,74,74,74,74,73,73,73,72,72,71,70,70,69,69,67,67,67,66,66,64,64,63,63,62,62,60,60,59,59,58,58,56,56,56,56,56,57,57,58,58,58,59,60,61,60,61,61,61,62,61,62,61,62,61,61,61,61,60,60,59,58,59,58,57,56,57,56,55,54,54,53,53,53,52,53,53,52,51,51,51,51,51,51,52,52,52,52,51,51,52,52,52,52,52,52,52,52,52,52,51,51,51,51,51,50,50,49,49,49,49,49,48,48,48,47,46,46,46,45,45,44,44,43,43,43,43,42,41,41,40,40,40,39,39,39,38,38,37,37,37,37,37,36,35,36,36,36,36,36,37,36,37,37,38,39,39,40,42,43,45,48,50,52,55,57,59,64,68,70,72,74,76,78,81,83,83,85,86,87,86,86,86,86,46,48,50,52,56,60,63,67,70,72,76,78,80,83,86,88,89,90,88,87,86,83,82,77,63,58,51,44,38,36,1,1,1,1,1,1,1,1,1,1,1,1,1,1,1,1,1,1,1,1,1,1,1,1,1,1,1,1,1,1,1,1,1,1,1,1,1,1,1,1,1,1,1,1,1,1,1,1,1,1,1,1,1,1,1,1,1,1,1
syn_f000075-3-Pre,1,1,1,1,1,1,1,1,1,1,1,1,1,1,1,1,1,1,1,1,1,1,1,1,1,1,1,1,1,1,1,1,1,1,1,1,1,1,1,1,1,1,1,1,1,1,1,1,1,1,1,1,1,1,1,1,1,1,1,1,1,1,1,1,1,1,1,1,1,1,1,1,1,1,1,1,1,1,1,1,1,1,1,1,1,1,1,1,1,1,1,1,1,1,1,1,1,1,1,1,1,1,1,1,1,1,1,18,28,33,38,42,46,48,51,54,56,58,60,62,64,65,67,67,69,70,71,72,72,73,74,75,75,75,75,76,76,76,76,76,77,77,77,77,77,77,77,77,78,79,78,79,80,80,80,81,81,82,81,79,79,77,75,73,71,71,71,70,68,68,66,67,66,65,65,64,64,64,63,63,64,64,64,64,63,61,60,58,55,51,49,49,48,47,48,47,48,47,48,47,47,47,48,49,49,50,49,50,51,52,51,57,66,175,183,195,205,213,224,228,232,235,239,245,252,258,263,279,288,299,300,300,299,298,297,294,291,284,283,281,264,207,201,197,192,187,181,175,167,158,113,107,96,90,91,92,92,93,93,94,95,95,95,96,96,96,96,96,97,97,97,96,97,97,97,97,97,96,96,96,96,96,95,95,95,94,94,94,94,92,92,92,91,91,90,88,87,86,86,85,85,85,84,84,85,84,84,84,83,83,83,83,82,82,82,82,81,81,81,81,81,81,80,80,80,80,80,80,79,79,79,78,79,79,79,79,78,78,78,79,78,78,78,78,78,78,78,79,79,80,81,81,82,83,84,85,85,86,87,87,88,88,89,89,91,91,92,92,93,94,94,95,95,96,97,97,97,98,99,99,99,99,99,100,100,100,100,100,100,100,100,100,99,99,99,99,98,98,98,98,98,98,96,96,96,95,95,95,94,93,93,92,92,91,90,90,89,88,88,88,88,88,88,87,87,86,87,87,86,85,85,85,84,84,83,83,83,82,80,80,79,79,79,79,79,79,80,80,80,80,80,79,79,79,79,80,80,80,80,80,81,81,81,81,81,80,80,80,80,80,80,81,80,80,79,79,79,79,78,78,78,78,78,78,77,76,76,76,76,75,75,74,74,74,73,73,73,72,72,71,71,71,70,70,69,69,68,68,67,66,66,66,66,64,64,63,63,63,61,61,60,60,60,59,59,58,57,57,57,56,56,56,55,55,55,54,54,54,53,53,53,52,53,53,53,52,53,53,53,53,53,53,54,53,54,53,54,53,53,53,53,53,53,53,52,53,52,52,52,52,51,51,51,51,50,50,49,50,50,50,50,50,50,49,49,49,49,50,50,50,51,51,51,51,51,51,51,51,52,52,52,52,51,52,51,51,51,51,51,51,50,50,50,50,50,50,50,49,49,49,48,48,48,47,47,46,46,46,45,44,44,44,43,42,42,42,41,41,41,40,39,39,38,38,38,38,37,38,38,38,37,37,38,38,38,37,38,38,38,39,39,40,39,40,41,41,43,45,47,50,53,56,58,61,63,66,69,73,74,76,78,80,82,84,87,89,90,90,89,89,88,79,50,52,54,57,60,63,67,70,74,77,80,82,85,87,88,90,91,92,93,92,91,90,87,86,74,62,56,50,44,41,36,1,1,1,1,1,1,1,1,1,1,1,1,1,1,1,1,1,1,1,1,1,1,1,1,1,1,1,1,1,1,1,1,1,1,1,1,1,1,1,1,1,1,1,1,1
syn_f000077-2-Pre,1,1,1,1,1,1,1,1,1,1,1,1,1,1,1,1,1,1,1,1,1,1,1,1,1,1,1,1,1,1,1,1,1,1,1,1,1,1,1,1,1,1,1,1,1,1,1,1,1,1,1,1,1,1,1,1,1,1,1,1,1,1,1,1,1,1,1,1,1,1,1,1,1,1,1,1,1,1,1,1,1,1,1,1,1,1,1,1,1,1,1,1,1,1,1,1,1,1,1,1,1,1,1,1,1,1,1,1,1,1,1,1,1,1,1,1,1,18,26,32,37,41,44,47,50,52,54,56,58,60,62,63,65,65,67,68,69,69,69,71,71,72,73,73,73,73,73,73,74,74,74,74,74,75,75,76,77,77,78,79,79,80,80,81,81,80,79,78,76,73,73,71,70,70,69,68,66,66,65,64,64,64,63,63,63,63,63,63,63,63,63,62,61,60,60,57,54,50,49,48,47,48,47,47,48,48,49,50,49,50,50,51,52,53,54,57,61,64,71,78,88,96,158,167,173,179,183,188,194,200,206,214,231,235,237,239,242,246,251,256,261,265,270,279,286,292,302,302,302,302,301,299,296,293,285,284,197,190,179,168,97,97,98,98,99,99,100,101,101,101,101,101,101,102,102,102,102,102,102,101,101,101,101,101,101,100,100,100,100,99,98,98,97,96,96,95,93,92,91,89,90,90,89,90,89,89,89,88,87,87,86,85,84,84,83,83,82,82,81,81,81,80,79,79,79,79,78,78,77,77,77,77,77,77,76,77,77,78,78,78,78,78,79,80,80,81,81,83,83,84,85,85,86,87,87,89,89,90,91,91,93,93,94,94,95,96,97,97,98,98,99,99,99,100,101,101,101,101,102,102,102,102,103,103,103,103,103,103,103,103,103,103,103,103,103,103,102,102,102,102,101,100,99,99,99,97,97,96,95,93,93,93,92,92,93,92,92,91,92,91,91,91,90,91,90,89,88,89,88,87,85,84,83,83,83,83,82,83,83,83,83,83,83,83,83,83,83,83,83,83,83,84,84,84,84,83,83,83,83,83,83,83,83,83,84,84,83,83,83,83,83,83,83,83,83,82,82,82,81,81,81,81,80,80,80,80,80,79,79,79,78,78,77,77,77,77,75,75,75,74,73,73,72,72,71,70,70,70,68,68,67,67,66,65,65,64,64,64,63,62,62,61,61,60,60,60,59,59,58,59,58,59,58,59,59,59,59,60,60,60,60,60,60,60,60,59,60,59,60,59,59,60,59,60,59,59,59,59,58,59,58,58,57,57,56,57,56,56,56,55,55,55,55,54,54,54,54,54,54,54,53,53,54,54,54,54,54,54,55,55,54,54,54,54,54,54,54,54,53,53,53,53,53,53,53,52,52,52,52,52,52,51,50,50,50,50,49,48,48,48,48,47,47,46,46,45,45,45,45,43,43,43,42,42,41,41,41,40,40,40,40,40,39,39,38,39,39,39,38,39,39,39,40,41,42,41,42,43,46,48,49,51,55,57,60,62,64,66,68,71,74,76,79,79,81,82,84,85,86,88,88,89,89,89,82,54,56,61,65,69,71,75,77,79,82,84,86,87,89,90,90,91,90,89,89,87,87,83,70,63,58,52,49,45,43,38,1,1,1,1,1,1,1,1,1,1,1,1,1,1,1,1,1,1,1,1,1,1,1,1,1,1,1,1,1,1,1,1,1,1,1,1,1,1,1,1,1,1,1,1,1,1,1,1,1,1,1,1
syn_f000078-2-Pre,1,1,1,1,1,1,1,1,1,1,1,1,1,1,1,1,1,1,1,1,1,1,1,1,1,1,1,1,1,1,1,1,1,1,1,1,1,1,1,1,1,1,1,1,1,1,1,1,1,1,1,1,1,1,1,1,1,1,1,1,1,1,1,1,1,1,1,1,1,1,1,1,1,1,1,1,1,1,1,1,1,1,1,1,1,1,1,1,1,1,1,1,1,1,1,1,1,1,1,1,1,1,1,1,1,1,1,1,1,1,1,1,1,1,1,1,1,1,1,1,1,1,1,1,1,1,1,8,22,30,36,40,44,47,50,53,55,57,59,61,63,64,67,68,69,70,71,72,73,73,75,75,75,76,76,77,77,77,77,77,78,78,78,78,79,80,80,81,81,82,83,84,84,84,85,85,84,84,84,82,80,78,76,75,74,73,72,72,70,70,69,68,68,67,67,66,66,65,66,65,65,65,65,64,64,63,62,60,59,57,56,55,54,53,54,53,54,53,53,54,55,55,55,56,57,58,58,59,60,163,169,175,183,193,214,219,223,230,239,247,261,272,285,286,285,285,284,282,281,278,271,271,269,252,249,206,203,198,194,190,186,181,175,167,157,149,120,113,106,100,101,102,103,104,105,104,105,105,106,106,106,107,107,107,106,106,107,107,107,107,107,106,106,107,107,107,106,106,106,106,106,105,105,104,104,102,102,101,101,100,98,98,99,98,99,98,98,98,98,97,98,98,97,96,97,96,96,95,95,94,94,94,94,93,93,92,92,91,91,91,90,90,89,89,89,87,87,86,86,85,85,85,85,84,85,85,86,86,86,87,87,88,88,89,88,89,90,91,92,92,93,94,94,95,95,97,97,97,99,99,99,100,101,101,101,102,103,103,103,103,103,105,105,105,105,105,105,105,105,105,105,103,103,103,103,103,102,102,101,100,100,99,99,98,97,97,96,94,94,92,92,90,88,87,86,85,84,82,81,80,79,79,78,77,76,76,76,75,75,75,75,75,75,75,75,75,75,75,76,76,76,76,76,76,76,76,76,76,77,77,77,77,77,76,76,76,76,76,76,76,76,76,76,74,74,74,74,74,74,74,73,73,73,73,73,73,73,72,72,71,71,71,71,71,70,70,70,70,69,68,68,68,68,68,67,67,66,65,65,65,65,63,63,63,62,62,62,60,60,60,59,59,59,58,58,57,57,56,56,56,55,55,55,55,54,54,55,54,54,55,54,55,55,54,55,54,55,54,55,54,54,54,53,54,53,52,53,52,52,52,51,50,50,50,50,49,49,49,49,49,49,49,49,49,49,49,48,48,48,48,48,48,49,49,49,49,49,49,50,50,50,50,50,49,49,49,49,49,49,49,49,49,48,47,47,47,47,47,47,47,45,45,45,45,45,43,43,43,43,42,41,41,41,40,40,40,40,38,38,38,38,38,37,37,36,36,36,35,35,35,35,36,36,37,36,36,37,38,38,39,41,42,44,46,48,51,54,56,59,61,63,66,70,72,73,75,76,78,81,83,83,82,82,82,83,74,50,54,59,63,66,71,73,75,79,81,83,84,85,87,88,89,87,86,84,82,80,74,62,54,50,47,45,38,1,1,1,1,1,1,1,1,1,1,1,1,1,1,1,1,1,1,1,1,1,1,1,1,1,1,1,1,1,1,1,1,1,1,1,1,1,1,1,1,1,1,1,1,1,1,1,1,1,1,1,1,1,1,1,1,1,1,1,1,1,1,1,1
syn_f000086-3-Pre,1,1,1,1,1,1,1,1,1,1,1,1,1,1,1,1,1,1,1,1,1,1,1,1,1,1,1,1,1,1,1,1,1,1,1,1,1,1,1,1,1,1,1,1,1,1,1,1,1,1,1,1,1,1,1,1,1,1,1,1,1,1,1,1,1,1,1,1,1,1,1,1,1,1,1,1,1,1,1,1,1,1,1,1,1,1,1,1,1,1,1,1,1,1,1,1,1,1,1,1,1,1,1,1,1,1,1,1,1,1,1,1,1,1,1,1,1,1,1,1,14,24,31,36,40,44,47,50,53,54,56,58,60,61,64,65,66,67,68,70,70,70,71,72,73,73,73,73,73,73,73,73,75,75,75,75,75,75,76,75,76,77,78,78,79,80,80,81,79,79,77,76,74,73,72,72,71,70,69,69,67,68,67,66,65,65,64,64,65,65,65,65,66,65,64,63,61,60,58,56,54,54,53,53,53,52,53,53,53,54,54,54,55,56,56,56,57,58,58,59,59,65,107,152,163,171,177,184,191,200,208,215,225,229,231,234,237,240,244,249,255,259,263,273,279,286,297,297,298,298,296,294,291,287,281,262,205,199,192,186,179,110,101,100,100,100,100,101,101,101,101,101,101,101,102,102,102,102,101,101,101,101,101,101,101,100,100,100,100,100,99,99,99,98,98,98,97,98,98,98,97,97,97,97,97,97,95,95,95,95,95,94,94,94,93,93,92,91,91,90,90,90,89,89,89,88,89,89,88,88,88,87,87,86,86,85,85,85,85,86,86,87,87,88,89,89,90,91,92,93,95,96,96,98,99,100,101,103,104,105,106,106,108,108,109,110,110,111,112,112,112,113,114,115,115,115,115,115,116,116,116,116,116,116,116,116,116,115,115,115,114,114,114,113,113,112,112,110,110,109,109,108,107,106,106,105,104,103,103,101,101,101,101,100,100,99,99,98,99,98,97,96,96,95,94,93,92,92,91,91,90,89,89,88,88,87,87,87,86,86,86,85,85,84,84,84,83,83,83,83,84,84,84,83,83,83,83,83,82,82,82,82,83,83,82,82,82,82,81,81,81,80,79,79,79,79,78,78,78,77,77,76,76,76,76,76,74,74,74,74,73,73,73,73,72,71,71,70,70,70,69,69,68,68,68,66,66,65,65,64,64,62,62,61,61,60,60,60,58,58,57,57,57,56,56,56,56,55,55,55,55,54,54,54,55,55,56,55,56,56,57,57,57,57,57,57,57,57,57,57,57,56,57,56,56,56,55,56,55,54,55,54,54,53,52,52,52,52,51,51,51,51,51,50,50,50,50,50,51,51,51,51,50,51,51,51,51,51,52,52,52,51,51,51,51,51,51,51,51,51,50,50,50,50,50,50,49,49,48,48,48,48,47,47,47,46,45,45,45,45,44,43,43,42,42,42,41,40,40,40,39,39,38,37,37,37,37,36,36,36,35,35,35,35,35,35,35,35,35,35,36,36,37,37,37,38,39,42,44,45,48,51,53,56,58,62,67,71,73,75,78,80,81,83,83,83,83,83,83,83,82,83,78,49,51,54,57,60,63,66,71,74,77,80,82,85,86,88,89,88,87,86,84,81,80,72,61,55,50,45,41,39,35,1,1,1,1,1,1,1,1,1,1,1,1,1,1,1,1,1,1,1,1,1,1,1,1,1,1,1,1,1,1,1,1,1,1,1,1,1,1,1,1,1,1,1,1,1,1,1,1,1,1,1,1,1,1,1
syn_f000088-3-Pre,1,1,1,1,1,1,1,1,1,1,1,1,1,1,1,1,1,1,1,1,1,1,1,1,1,1,1,1,1,1,1,1,1,1,1,1,1,1,1,1,1,1,1,1,1,1,1,1,1,1,1,1,1,1,1,1,1,1,1,1,1,1,1,1,1,1,1,1,1,1,1,1,1,1,1,1,1,1,1,1,1,1,1,1,1,1,1,1,1,1,1,1,1,1,1,1,1,1,1,1,1,1,1,1,1,1,1,1,1,1,1,1,1,1,1,1,1,1,1,1,1,1,1,1,1,1,1,1,1,1,1,1,1,1,1,1,1,1,1,1,12,23,31,35,40,44,46,49,52,53,56,58,60,62,63,65,66,66,68,68,70,70,71,72,72,72,73,74,74,74,74,74,74,75,75,75,75,75,75,76,76,77,77,77,78,79,78,79,79,79,78,78,77,75,72,70,69,67,68,67,65,65,64,64,64,63,63,62,62,62,63,63,63,63,62,62,61,59,55,50,49,49,49,50,49,50,51,50,51,52,52,53,54,55,55,57,57,156,162,171,184,198,204,207,210,214,221,230,236,250,258,271,272,272,271,270,269,266,263,257,256,239,237,194,191,187,182,177,171,164,146,121,112,106,101,97,98,98,99,100,101,102,102,103,103,104,104,104,104,105,105,105,105,105,106,104,104,104,104,104,102,102,102,101,100,100,100,100,98,97,97,96,94,93,92,92,92,92,92,93,93,92,92,92,92,91,91,90,90,90,90,89,89,88,88,87,86,85,85,84,84,83,83,83,82,82,82,81,81,81,81,81,81,81,81,81,81,81,83,84,85,86,88,89,91,91,92,93,94,94,96,97,98,99,99,100,102,102,103,104,105,105,106,107,107,107,108,108,109,109,110,110,110,111,111,111,111,111,112,112,112,112,112,112,112,112,112,112,112,112,112,112,112,112,111,111,111,110,110,109,109,109,108,107,107,106,105,105,103,103,101,101,99,98,96,95,93,92,91,90,89,88,86,85,84,84,83,83,82,82,81,81,81,81,81,80,80,80,81,81,80,80,80,80,81,81,81,81,82,81,81,81,81,81,81,81,81,81,81,81,80,80,80,79,78,78,78,78,78,77,76,76,76,75,74,74,74,73,73,72,71,71,70,69,69,68,67,67,66,65,64,64,63,62,61,61,60,59,58,57,57,55,55,54,54,54,52,52,51,51,51,51,51,51,50,50,50,50,50,49,49,50,50,50,51,50,51,50,51,50,51,50,51,50,51,50,50,49,50,49,48,48,47,48,48,48,48,47,47,47,47,47,46,47,47,48,48,48,48,48,48,48,49,49,49,49,50,50,50,49,49,49,49,49,49,49,49,48,48,47,47,47,47,47,46,45,45,45,45,43,43,43,42,42,41,41,40,40,40,39,39,38,37,37,38,38,37,37,37,37,36,36,37,37,37,37,37,37,38,39,40,40,42,43,45,46,49,52,53,56,59,66,68,71,74,76,77,80,81,81,82,81,81,81,80,73,50,53,56,60,64,69,71,73,77,79,80,83,86,85,85,84,83,82,80,78,76,66,57,46,34,1,1,1,1,1,1,1,1,1,1,1,1,1,1,1,1,1,1,1,1,1,1,1,1,1,1,1,1,1,1,1,1,1,1,1,1,1,1,1,1,1,1,1,1,1,1,1,1,1,1,1,1,1,1,1,1,1,1,1,1,1,1,1,1,1,1,1,1,1,1,1,1,1,1,1,1,1
syn_f000090-1-Pre,1,1,1,1,1,1,1,1,1,1,1,1,1,1,1,1,1,1,1,1,1,1,1,1,1,1,1,1,1,1,1,1,1,1,1,1,1,1,1,1,1,1,1,1,1,1,1,1,1,1,1,1,1,1,1,1,1,1,1,1,1,1,1,1,1,1,1,1,1,1,1,1,1,1,1,1,1,1,1,1,1,1,1,1,1,1,1,1,1,1,1,1,1,1,1,1,1,1,1,1,1,1,1,1,1,1,1,1,1,1,1,1,1,16,24,32,36,41,45,47,50,53,55,57,59,61,63,64,66,68,68,70,70,72,72,73,73,75,75,75,75,76,77,77,77,77,78,78,78,79,79,80,81,81,82,82,83,84,84,84,85,85,83,83,81,79,77,75,75,74,73,73,72,71,70,70,69,68,68,67,66,66,66,66,66,66,66,66,66,66,65,64,63,61,58,56,55,53,52,52,52,52,52,53,52,53,52,53,53,53,53,54,54,55,55,56,56,56,57,60,63,67,71,75,80,85,91,154,162,169,174,179,184,189,194,201,212,223,230,234,237,241,244,248,253,259,263,267,274,280,287,292,303,303,303,302,301,300,297,294,286,199,191,179,170,101,101,101,102,102,103,103,104,104,105,105,105,106,106,106,106,106,106,106,106,106,106,105,104,105,105,105,104,104,103,103,102,102,100,100,99,97,97,96,93,94,94,94,94,94,95,95,94,94,95,95,94,94,95,95,95,94,94,95,95,94,95,95,95,94,95,95,95,95,95,95,95,94,95,95,94,94,94,93,93,93,93,93,93,93,93,95,95,95,95,96,97,97,98,99,100,100,101,102,103,104,104,106,106,108,108,109,109,110,111,111,112,112,113,113,113,114,114,113,114,114,114,115,115,115,115,115,115,115,115,115,115,115,115,115,114,115,115,115,114,114,114,113,113,112,112,112,111,112,110,110,109,109,108,108,107,106,105,104,104,103,101,100,99,98,96,96,96,96,96,95,95,95,94,94,93,93,92,91,91,90,89,88,87,86,85,84,84,83,83,83,81,81,81,80,80,80,79,79,79,79,78,77,77,77,77,76,76,76,76,75,74,74,74,73,73,73,73,72,72,72,72,70,70,70,70,70,69,69,69,69,67,67,67,67,66,66,66,66,66,64,64,64,64,63,63,63,62,61,61,61,60,60,60,60,58,58,58,58,57,57,57,56,56,56,56,56,55,55,55,55,54,54,55,55,55,56,55,55,56,56,56,56,56,56,56,56,56,55,55,56,55,55,55,55,54,54,54,54,54,54,54,53,53,52,52,51,51,51,51,51,50,50,50,50,50,49,49,49,49,49,49,48,48,48,49,49,49,49,49,48,48,48,48,49,49,49,48,48,48,48,47,47,46,46,46,46,46,46,45,45,45,45,45,44,43,43,43,43,43,43,42,41,41,41,41,41,40,40,40,40,40,40,39,39,39,39,39,39,39,38,38,38,38,38,38,38,38,37,37,37,37,38,39,39,40,41,42,44,46,47,49,52,54,56,58,62,70,71,73,76,78,79,81,81,83,84,85,85,85,85,86,45,47,48,51,53,55,58,62,65,68,72,75,77,79,82,84,85,87,90,90,89,88,86,84,82,78,62,53,46,39,31,1,1,1,1,1,1,1,1,1,1,1,1,1,1,1,1,1,1,1,1,1,1,1,1,1,1,1,1,1,1,1,1,1,1,1,1,1,1,1,1,1,1,1,1,1,1,1,1,1,1
syn_f000101-0-Pre,1,1,1,1,1,1,1,1,1,1,1,1,1,1,1,1,1,1,1,1,1,1,1,1,1,1,1,1,1,1,1,1,1,1,1,1,1,1,1,1,1,1,1,1,1,1,1,1,1,1,1,1,1,1,1,1,1,1,1,1,1,1,1,1,1,1,1,1,1,1,1,1,1,1,1,1,1,1,1,1,1,1,1,1,1,1,1,1,1,1,1,1,1,1,1,1,1,1,1,1,1,8,23,31,35,40,45,47,50,53,55,57,59,61,63,65,67,68,70,70,72,72,74,74,76,76,77,77,78,78,78,78,79,79,79,79,79,79,79,79,80,80,81,80,81,82,82,82,83,83,84,84,84,84,84,84,83,82,81,79,76,74,73,73,72,71,71,69,68,68,68,68,67,67,66,66,65,65,65,65,65,66,65,65,64,62,60,48,48,48,48,48,48,48,48,49,48,49,49,49,49,50,51,51,52,52,52,53,56,177,184,195,211,240,249,257,269,276,290,301,317,319,318,318,317,316,314,311,308,301,300,297,279,204,197,190,184,179,173,166,123,115,109,100,87,83,83,84,85,85,87,87,88,87,88,88,89,89,90,90,89,90,90,90,91,90,90,90,91,90,90,90,89,89,89,88,87,87,85,85,84,83,82,81,80,78,78,78,78,78,78,79,79,80,79,80,80,80,79,80,80,80,81,80,80,80,81,81,81,81,81,81,82,82,81,81,81,81,81,81,81,80,80,80,80,80,81,80,80,80,80,80,80,80,81,82,83,83,83,84,86,87,87,89,89,90,90,91,91,91,92,93,93,94,94,95,95,95,96,96,96,97,97,97,98,97,97,98,97,97,98,98,97,98,98,98,97,98,98,97,97,98,97,97,97,96,97,96,96,96,95,95,94,94,93,93,92,92,91,91,90,89,89,89,89,90,89,89,89,88,88,88,88,88,88,87,87,87,86,86,85,86,85,84,84,83,82,81,81,81,80,80,79,79,79,78,78,77,77,77,76,76,76,75,75,75,74,74,73,72,72,72,72,72,72,72,70,70,70,70,70,69,69,69,69,69,68,68,68,68,67,67,67,67,66,66,66,65,65,65,65,65,64,64,64,64,63,63,63,63,62,62,62,61,61,61,60,60,59,58,58,58,58,57,57,57,56,56,56,55,55,55,54,54,54,54,54,53,53,53,53,53,53,52,52,52,52,52,52,53,53,52,52,52,52,52,53,53,53,53,54,53,53,53,53,53,52,52,53,52,52,52,52,51,50,51,50,50,49,49,49,48,47,48,47,46,46,45,45,45,44,45,45,44,44,44,44,45,44,44,44,44,45,45,45,45,45,44,45,45,45,45,45,45,45,44,44,44,44,44,44,44,44,43,43,43,43,43,43,43,43,42,42,42,42,42,41,41,41,40,40,40,40,40,40,40,39,39,39,39,39,39,39,39,38,38,38,38,38,38,38,38,38,37,37,37,37,37,37,37,37,37,37,37,37,37,37,37,37,37,37,36,37,37,37,38,40,40,41,42,43,45,47,49,52,54,57,60,63,65,70,74,78,79,81,83,84,86,89,92,94,94,93,94,94,93,86,54,56,59,63,66,68,72,75,80,82,84,87,90,92,95,99,99,98,97,95,93,90,82,72,64,59,52,47,41,39,35,1,1,1,1,1,1,1,1,1,1,1,1,1,1,1,1,1,1,1,1,1,1,1,1,1,1,1,1,1,1,1,1,1,1,1,1,1,1,1,1
syn_f000115-1-Pre,1,1,1,1,1,1,1,1,1,1,1,1,1,1,1,1,1,1,1,1,1,1,1,1,1,1,1,1,1,1,1,1,1,1,1,1,1,1,1,1,1,1,1,1,1,1,1,1,1,1,1,1,1,1,1,1,1,1,1,1,1,1,1,1,1,1,1,1,1,1,1,1,1,1,1,1,1,1,1,1,1,1,1,1,1,1,1,1,1,1,1,1,1,1,1,1,1,1,1,1,1,1,1,1,1,1,1,1,1,1,1,1,1,1,1,1,1,1,1,1,1,1,1,1,14,23,30,35,39,42,45,47,50,52,54,56,58,59,61,63,63,65,65,67,67,67,68,69,70,70,70,70,71,71,71,71,71,71,71,72,72,72,73,74,74,74,75,76,76,77,76,77,76,75,74,72,70,69,68,68,67,66,65,64,64,64,63,61,61,60,60,60,59,59,59,58,57,56,56,51,46,45,44,44,43,43,43,43,44,43,44,43,43,44,44,45,45,46,47,47,47,48,49,48,50,53,59,64,73,141,148,154,160,166,170,175,182,191,199,210,217,223,228,233,241,247,252,261,269,275,287,288,288,288,287,285,282,279,271,179,162,71,71,72,72,72,72,73,73,74,74,73,74,74,74,73,74,74,74,73,73,73,73,72,72,72,72,71,71,71,70,69,69,67,66,66,66,66,66,67,66,66,66,66,66,67,67,67,66,66,65,66,65,65,65,65,65,64,64,64,63,63,63,63,63,62,62,62,62,62,63,63,62,62,63,63,64,64,64,65,65,66,65,66,66,67,66,68,68,69,70,70,70,71,71,72,72,73,73,73,74,74,75,76,75,75,75,76,76,76,76,76,77,76,76,76,77,77,77,77,77,77,77,77,78,77,77,77,77,77,77,77,76,76,76,75,75,75,75,74,74,74,74,74,75,75,75,76,76,77,77,77,77,78,78,78,78,78,78,79,78,78,78,78,77,77,76,75,75,74,74,73,73,72,71,71,70,70,70,70,69,69,69,69,69,69,69,69,68,68,68,68,68,68,68,68,68,68,68,68,67,67,67,67,66,66,65,65,65,65,65,65,64,64,64,64,64,63,63,63,63,63,62,62,62,62,62,61,61,61,61,60,60,59,59,58,58,58,58,57,56,56,56,56,55,55,55,54,54,53,52,52,52,52,51,51,51,50,50,50,49,48,48,49,49,49,49,49,49,49,49,48,49,48,49,49,49,50,50,50,51,51,50,51,50,51,51,50,51,50,51,50,49,50,49,49,49,49,48,48,48,47,47,46,47,46,46,46,45,45,46,46,46,46,46,46,46,46,45,46,46,46,46,46,46,46,46,46,46,46,46,45,45,45,45,45,45,45,44,44,44,44,44,44,43,43,43,43,43,43,41,41,41,41,41,40,40,40,40,39,39,38,38,38,37,37,37,37,37,37,36,36,36,36,36,36,36,35,35,35,35,35,35,35,34,34,35,35,36,36,37,37,38,39,40,42,44,46,47,49,52,54,55,58,59,63,66,69,71,74,77,78,79,82,83,83,83,83,83,75,64,56,60,62,65,69,72,77,81,84,87,87,87,87,86,83,82,82,79,65,51,45,40,34,28,1,1,1,1,1,1,1,1,1,1,1,1,1,1,1,1,1,1,1,1,1,1,1,1,1,1,1,1,1,1,1,1,1,1,1,1,1,1,1,1,1,1,1,1,1,1,1,1,1,1,1,1,1,1,1,1,1,1,1,1,1,1,1
syn_f000118-1-Pre,1,1,1,1,1,1,1,1,1,1,1,1,1,1,1,1,1,1,1,1,1,1,1,1,1,1,1,1,1,1,1,1,1,1,1,1,1,1,1,1,1,1,1,1,1,1,1,1,1,1,1,1,1,1,1,1,1,1,1,1,1,1,1,1,1,1,1,1,1,1,1,1,1,1,1,1,1,1,1,1,1,1,1,1,1,1,1,1,1,1,1,1,1,1,1,1,1,1,1,1,1,1,1,1,1,1,1,1,16,25,32,36,41,45,48,50,53,55,57,59,61,63,64,66,67,69,70,70,72,72,73,73,75,75,75,76,77,77,77,77,77,77,77,77,77,77,78,78,79,78,79,80,81,81,82,82,83,84,83,83,81,80,78,77,75,75,74,73,73,72,71,69,70,69,68,68,66,65,65,65,65,64,64,64,64,64,63,62,61,60,58,57,56,54,52,50,50,49,48,49,48,49,48,48,48,48,47,48,48,47,48,48,49,49,49,50,50,51,51,52,52,54,58,61,64,68,72,76,81,86,91,97,104,151,159,166,171,175,180,183,187,192,198,205,211,216,222,226,229,232,236,238,242,246,250,255,259,263,266,273,279,283,288,294,301,301,301,301,300,298,294,284,114,102,101,101,102,102,103,103,104,104,105,105,105,106,105,105,106,106,106,106,106,106,105,105,104,104,104,103,103,103,102,101,100,100,100,98,96,95,95,94,95,95,94,95,95,94,94,95,94,94,94,94,95,95,95,94,94,94,94,94,94,94,94,94,94,94,94,95,94,94,94,94,95,94,94,94,93,94,94,93,93,94,94,94,95,95,95,96,97,97,98,98,99,100,100,101,101,101,102,102,102,103,103,103,104,105,105,106,106,106,107,107,108,108,109,109,109,109,110,110,110,110,110,110,111,111,110,110,110,110,111,111,110,110,110,110,110,109,109,109,110,109,109,109,108,108,107,107,107,106,106,105,105,104,104,103,102,101,100,99,98,96,95,94,94,94,94,93,93,93,93,93,92,92,91,91,90,90,89,88,87,86,85,85,84,84,84,83,83,83,83,83,83,82,82,82,82,82,82,81,81,81,81,80,80,80,80,79,79,79,79,78,77,77,77,77,77,76,76,76,75,74,74,74,73,73,73,72,71,71,71,70,70,69,68,68,68,68,67,66,66,65,65,65,63,63,63,62,62,61,60,60,60,59,58,57,57,57,56,56,56,54,54,54,53,53,53,53,52,53,53,53,53,54,54,55,54,55,55,56,56,55,56,56,57,56,57,56,56,56,56,56,56,55,56,56,55,56,55,56,56,55,55,55,55,54,53,54,53,52,52,51,52,52,52,52,52,52,52,52,52,52,51,51,51,51,51,51,51,51,51,51,51,51,51,51,51,51,50,50,50,51,51,51,51,50,50,50,50,50,48,48,48,48,48,47,47,46,46,45,45,45,45,44,44,44,44,43,43,43,43,43,42,42,42,42,42,41,41,41,41,41,40,40,40,40,40,40,41,41,42,43,44,46,47,49,51,52,54,57,58,60,65,68,71,74,75,77,80,82,83,84,85,86,86,86,87,87,87,87,87,51,54,56,58,61,64,67,69,73,75,77,82,85,87,89,90,90,89,88,88,85,86,80,66,59,55,50,45,40,36,1,1,1,1,1,1,1,1,1,1,1,1,1,1,1,1,1,1,1,1,1,1,1,1,1,1,1,1,1,1,1,1,1,1,1,1,1,1,1,1,1,1,1,1,1
syn_f000138-3-Pre,1,1,1,1,1,1,1,1,1,1,1,1,1,1,1,1,1,1,1,1,1,1,1,1,1,1,1,1,1,1,1,1,1,1,1,1,1,1,1,1,1,1,1,1,1,1,1,1,1,1,1,1,1,1,1,1,1,1,1,1,1,1,1,1,1,1,1,1,1,1,1,1,1,1,1,1,1,1,1,1,1,1,1,1,1,1,1,1,1,1,1,1,1,1,1,1,1,1,1,1,1,1,1,1,1,1,1,1,1,1,1,1,1,1,1,1,1,1,1,1,1,1,1,1,1,1,1,1,1,1,1,1,1,1,1,1,1,1,1,1,1,1,1,1,1,1,1,1,1,1,1,1,1,1,1,1,1,1,1,18,26,32,37,41,44,47,50,52,54,56,58,59,61,63,64,65,65,67,67,68,69,70,70,71,71,71,71,71,71,73,73,73,73,73,73,73,73,74,75,75,75,76,76,77,76,76,75,74,72,71,69,68,68,67,66,64,64,63,63,62,61,59,59,58,58,58,58,57,56,56,55,51,44,43,43,42,43,42,43,44,43,44,44,45,46,46,46,46,47,46,47,48,48,48,49,49,49,50,52,140,146,152,158,162,168,174,180,187,191,194,197,200,205,211,216,222,231,238,247,248,247,248,246,243,241,234,233,212,166,155,145,86,81,81,82,82,82,82,82,82,82,82,82,81,81,82,82,82,82,82,81,81,81,81,81,80,80,78,78,78,78,77,76,74,73,73,73,72,71,71,70,70,69,68,68,67,66,64,64,62,62,62,60,59,59,57,57,55,54,54,54,53,53,53,53,53,53,53,53,53,54,54,54,55,54,54,56,56,57,58,59,61,62,63,63,64,64,64,64,65,65,66,67,67,69,69,70,71,72,72,74,74,74,75,76,76,77,77,78,78,79,79,79,79,80,80,80,80,81,81,81,81,81,81,81,81,81,81,81,81,81,81,81,81,81,80,80,79,78,78,78,78,78,78,78,77,77,78,77,77,77,76,76,75,75,75,75,74,73,72,72,73,72,72,72,71,71,71,71,71,73,73,72,73,73,73,73,72,72,73,73,73,73,73,73,73,73,72,72,72,72,71,70,70,70,70,70,68,68,68,68,67,67,66,65,65,65,65,63,63,63,63,61,61,61,60,60,59,58,58,57,56,55,55,54,54,54,53,52,51,51,50,50,49,49,49,49,49,49,50,50,51,52,52,53,53,53,54,54,54,54,54,54,53,54,54,53,53,53,52,53,52,51,51,51,51,50,51,51,50,50,50,50,50,50,50,50,50,49,49,50,50,50,51,51,51,51,51,52,52,52,51,50,50,50,50,50,50,50,50,49,49,48,48,48,48,47,46,46,45,45,45,44,44,42,42,41,41,40,40,40,39,38,37,37,37,36,36,36,36,36,36,36,36,37,38,39,39,41,43,45,47,49,51,53,56,59,62,64,64,66,69,72,74,77,78,78,77,77,47,50,53,56,60,65,67,70,73,75,77,78,78,77,76,74,75,72,64,52,45,40,35,33,1,1,1,1,1,1,1,1,1,1,1,1,1,1,1,1,1,1,1,1,1,1,1,1,1,1,1,1,1,1,1,1,1,1,1,1,1,1,1,1,1,1,1,1,1,1,1,1,1,1,1,1,1,1,1,1,1,1,1,1,1,1,1,1,1,1,1,1,1,1,1,1,1,1,1,1,1,1,1,1,1,1,1,1,1,1,1,1,1,1,1,1,1,1,1
syn_f000143-1-Pre,1,1,1,1,1,1,1,1,1,1,1,1,1,1,1,1,1,1,1,1,1,1,1,1,1,1,1,1,1,1,1,1,1,1,1,1,1,1,1,1,1,1,1,1,1,1,1,1,1,1,1,1,1,1,1,1,1,1,1,1,1,1,1,1,1,1,1,1,1,1,1,1,1,1,1,1,1,1,1,1,1,1,1,1,1,1,1,1,1,1,1,1,1,1,1,1,1,1,1,1,1,1,1,1,1,1,1,1,1,1,1,1,1,1,1,1,1,1,1,1,1,1,1,1,1,1,17,26,32,37,41,45,48,51,53,55,56,58,61,63,65,66,67,68,69,70,71,72,73,73,74,75,75,75,75,75,76,76,76,76,76,76,77,77,77,77,77,77,78,79,79,80,81,82,82,82,81,81,79,78,75,74,72,72,72,71,70,69,68,67,66,66,66,66,65,65,65,65,65,65,65,65,64,63,63,62,60,57,56,55,54,53,53,53,52,53,53,53,53,53,53,53,53,53,53,53,53,53,53,54,58,61,66,72,77,84,147,155,162,168,173,181,188,197,205,219,223,226,229,234,239,244,250,254,263,270,276,288,289,290,289,288,286,283,282,274,272,183,174,166,91,92,92,93,94,94,95,95,96,96,97,97,98,97,97,98,98,98,98,97,97,97,97,97,96,96,96,96,95,95,94,93,93,93,92,91,89,89,87,85,83,83,83,82,83,83,83,84,84,83,83,83,84,84,83,83,83,84,84,83,83,83,83,83,83,82,82,82,82,82,82,81,81,80,80,79,79,78,78,77,77,76,77,77,77,77,78,79,79,79,80,81,82,83,84,85,85,86,86,87,87,89,90,90,91,91,92,93,93,94,94,95,95,96,96,97,97,97,97,97,96,97,97,96,96,96,96,96,95,95,95,95,94,94,93,94,93,93,92,92,91,91,90,90,89,89,89,89,90,89,89,89,89,89,90,89,89,89,89,89,88,89,89,88,88,87,87,87,86,85,85,84,83,84,83,82,82,81,81,79,80,79,78,78,78,78,77,77,77,77,77,77,77,77,76,75,75,75,75,75,74,74,74,74,73,73,73,72,72,71,71,71,70,70,70,70,69,69,69,68,68,68,67,67,67,67,66,66,66,65,65,65,64,64,64,62,62,62,61,61,61,60,60,60,58,58,58,57,57,57,56,56,56,56,55,55,55,55,54,55,55,55,55,54,54,54,55,55,54,55,55,55,55,55,55,55,54,54,54,54,54,53,53,53,52,52,52,52,51,51,51,50,49,49,48,49,49,48,48,48,47,47,47,47,47,47,47,47,46,47,47,47,47,47,47,46,47,47,47,47,47,46,46,46,46,46,45,45,45,45,45,45,44,44,44,44,43,43,42,42,42,42,42,41,40,40,40,40,40,38,38,38,38,37,37,37,37,37,36,36,36,36,36,36,36,35,35,35,35,35,35,34,34,35,35,36,37,38,39,39,42,43,45,47,49,51,53,55,57,58,60,64,68,70,72,74,75,76,78,80,83,84,87,88,87,88,88,87,53,56,59,61,63,66,70,73,75,79,81,83,85,87,88,90,89,87,85,84,81,69,57,50,42,36,1,1,1,1,1,1,1,1,1,1,1,1,1,1,1,1,1,1,1,1,1,1,1,1,1,1,1,1,1,1,1,1,1,1,1,1,1,1,1,1,1,1,1,1,1,1,1,1,1,1,1,1,1,1,1,1,1,1,1,1,1,1,1,1
syn_f000153-0-Pre,1,1,1,1,1,1,1,1,1,1,1,1,1,1,1,1,1,1,1,1,1,1,1,1,1,1,1,1,1,1,1,1,1,1,1,1,1,1,1,1,1,1,1,1,1,1,1,1,1,1,1,1,1,1,1,1,1,1,1,1,1,1,1,1,1,1,1,1,1,1,1,1,1,1,1,1,1,1,1,1,1,1,1,1,1,1,1,1,1,1,1,1,1,1,1,1,1,1,1,1,1,1,1,1,1,1,1,1,1,1,1,1,1,1,1,1,1,1,1,1,1,1,1,16,26,33,36,41,45,48,51,53,55,57,59,61,63,64,66,66,68,69,70,71,72,72,74,74,74,74,75,75,75,75,75,75,75,76,76,75,75,76,76,77,76,77,78,79,79,79,80,80,80,80,79,78,76,75,72,70,69,68,69,68,67,66,65,65,65,64,63,63,63,63,63,62,62,62,63,62,61,59,58,51,45,43,44,43,43,42,43,43,42,42,43,43,43,43,43,43,44,157,216,227,241,279,281,281,282,281,280,278,277,275,268,269,267,261,250,248,207,204,202,198,195,192,188,183,179,174,169,163,159,152,121,114,111,108,104,100,94,90,92,92,93,94,94,95,95,96,96,96,96,97,97,97,98,98,99,99,99,99,99,100,100,99,99,99,99,99,99,98,97,97,96,96,95,94,93,92,91,90,89,89,89,88,89,89,89,89,89,89,89,90,89,89,90,89,90,89,89,89,89,88,88,89,88,88,88,87,87,87,85,85,85,84,84,84,83,82,82,81,81,81,81,81,82,83,83,85,87,87,89,90,91,92,92,93,94,94,95,95,95,96,96,96,97,97,97,97,97,98,98,99,98,98,99,98,98,98,98,98,98,98,98,98,98,98,99,98,98,98,98,98,98,99,98,98,98,98,97,97,97,97,96,96,95,94,94,93,93,91,91,92,92,91,91,91,90,90,90,89,89,89,88,88,87,87,87,87,86,85,85,84,84,83,82,81,80,80,79,79,78,78,77,77,76,75,74,74,74,73,73,72,72,72,70,70,70,69,69,68,67,67,67,67,66,66,66,65,64,64,64,64,63,63,63,63,63,63,63,62,62,62,62,61,61,61,61,60,60,60,59,58,58,57,57,57,56,56,55,55,55,54,54,52,52,52,51,51,50,50,50,50,50,49,49,49,49,48,48,48,48,48,48,47,47,48,48,48,47,47,48,48,47,48,48,48,48,47,48,47,48,47,47,47,47,46,47,46,47,46,46,45,46,45,44,45,44,44,43,43,44,43,43,43,43,43,42,42,43,43,43,43,43,44,44,44,44,44,44,44,44,44,44,45,45,45,45,45,45,44,44,44,44,44,44,44,44,44,43,43,43,42,42,42,42,42,42,41,40,40,40,40,39,39,39,38,38,37,37,37,37,37,36,35,35,35,35,35,35,35,34,34,34,34,34,34,34,34,33,33,33,34,34,34,34,35,35,36,37,38,37,38,40,42,45,46,48,50,53,55,56,59,62,66,68,71,74,76,78,79,81,82,81,81,81,82,81,74,48,50,52,54,58,61,65,68,71,73,75,79,81,84,86,88,89,87,86,85,82,81,67,58,52,48,43,38,24,1,1,1,1,1,1,1,1,1,1,1,1,1,1,1,1,1,1,1,1,1,1,1,1,1,1,1,1,1,1,1,1,1,1,1,1,1,1,1,1,1,1,1,1,1,1,1,1,1,1,1,1,1,1,1,1,1,1,1
syn_f000157-0-Pre,1,1,1,1,1,1,1,1,1,1,1,1,1,1,1,1,1,1,1,1,1,1,1,1,1,1,1,1,1,1,1,1,1,1,1,1,1,1,1,1,1,1,1,1,1,1,1,1,1,1,1,1,1,1,1,1,1,1,1,1,1,1,1,1,1,1,1,1,1,1,1,1,1,1,1,1,1,1,1,1,1,1,1,1,1,1,1,1,1,1,1,1,1,1,1,1,1,1,1,1,1,1,1,1,1,1,1,1,1,1,1,1,1,1,1,1,1,1,1,1,1,1,1,1,1,1,1,1,1,1,1,16,22,29,35,39,43,46,49,52,54,56,58,60,62,63,65,67,67,69,69,71,71,71,72,74,74,74,74,75,75,75,75,75,75,76,76,76,76,77,77,77,78,79,80,79,80,81,82,81,81,81,80,79,77,76,75,75,74,73,72,71,71,69,69,69,68,66,65,64,64,64,63,62,62,62,62,60,59,58,58,56,54,53,52,51,51,50,50,51,50,51,51,52,52,52,53,54,55,55,56,57,58,58,62,67,73,79,83,89,95,102,116,147,154,161,166,171,175,179,183,187,194,205,213,218,221,224,226,230,235,239,243,249,254,259,264,269,276,281,287,293,300,300,300,299,298,295,293,283,204,197,189,163,133,127,121,115,114,114,115,115,115,115,115,114,113,113,113,112,112,112,112,110,110,109,108,107,107,106,105,105,106,105,106,107,107,107,108,107,108,109,108,109,110,109,110,110,110,110,110,111,110,111,111,111,111,112,111,111,111,111,110,111,111,110,110,110,110,110,109,108,108,106,105,105,105,104,105,106,106,107,107,108,108,109,110,111,111,112,113,114,115,115,116,116,118,119,119,120,120,121,121,122,122,122,123,123,124,124,124,125,125,125,126,125,125,126,126,126,126,126,126,126,126,126,126,126,126,125,125,125,125,124,124,124,123,123,123,123,122,122,120,120,119,118,118,116,115,113,110,109,109,109,109,108,108,107,107,107,106,105,105,104,104,104,104,103,103,102,101,99,100,99,99,97,97,96,96,95,95,94,94,93,92,92,92,91,91,91,90,89,89,89,89,89,88,87,87,87,86,86,86,86,85,85,85,85,84,84,84,83,83,83,82,82,82,81,81,80,80,80,79,79,79,78,78,77,77,76,76,75,74,73,73,72,72,72,70,70,69,69,68,67,66,66,65,65,63,63,62,62,61,61,60,59,59,59,59,59,58,58,58,58,57,58,57,56,56,56,56,55,54,54,53,54,53,53,52,52,51,51,51,50,50,50,50,50,51,50,50,50,50,51,51,51,50,50,51,51,51,51,51,50,50,50,50,50,50,50,49,49,49,49,49,48,47,47,47,47,47,47,47,45,45,45,45,45,44,43,43,43,43,43,42,42,41,41,41,40,40,40,40,39,39,38,38,38,38,38,38,37,37,37,38,38,38,38,38,38,39,38,39,39,39,40,41,42,44,46,50,54,58,63,68,70,70,73,75,76,80,81,82,82,82,82,81,81,38,40,40,41,42,44,45,46,49,53,58,62,67,71,73,73,76,77,79,81,83,85,85,83,81,78,73,67,62,56,52,44,35,29,1,1,1,1,1,1,1,1,1,1,1,1,1,1,1,1,1,1,1,1,1,1,1,1,1,1,1,1,1,1,1,1,1,1,1,1,1,1,1,1,1,1,1,1,1,1,1,1,1,1,1,1,1,1,1,1,1,1,1,1,1,1,1,1,1,1
syn_f000164-3-Pre,1,1,1,1,1,1,1,1,1,1,1,1,1,1,1,1,1,1,1,1,1,1,1,1,1,1,1,1,1,1,1,1,1,1,1,1,1,1,1,1,1,1,1,1,1,1,1,1,1,1,1,1,1,1,1,1,1,1,1,1,1,1,1,1,1,1,1,1,1,1,1,1,1,1,1,1,1,1,1,1,1,1,1,1,1,1,1,1,1,1,1,1,1,1,1,1,1,1,1,1,1,1,1,1,1,1,1,1,1,1,1,1,1,1,1,1,1,1,1,1,1,1,1,14,25,31,36,41,45,47,50,53,55,57,59,61,63,64,66,68,68,69,70,71,72,72,74,74,75,75,76,76,76,76,76,76,76,76,76,76,76,77,76,77,78,79,79,80,81,82,83,82,82,81,80,78,77,76,76,75,74,74,74,72,71,72,71,70,70,69,69,69,70,70,70,70,70,70,69,68,67,66,64,60,54,52,51,50,50,50,50,50,51,50,51,51,52,52,168,182,199,209,213,220,232,242,280,282,282,281,281,280,278,277,274,267,267,266,260,248,246,231,204,202,200,197,195,192,188,184,180,177,171,165,157,150,143,127,115,110,106,102,99,97,97,98,98,99,99,100,101,101,101,102,102,102,102,102,102,102,102,102,102,102,102,101,101,101,101,101,100,100,100,100,100,100,99,98,98,97,96,95,95,95,96,96,96,95,95,95,95,94,94,94,94,93,93,93,93,93,93,93,93,92,92,91,91,91,91,90,90,91,91,90,90,90,90,90,90,89,90,90,90,89,89,88,88,88,87,86,86,87,88,88,88,89,90,90,92,92,92,93,94,95,96,97,97,99,99,100,101,101,102,102,103,104,104,104,104,105,106,106,107,107,107,107,107,107,107,107,108,108,108,108,108,107,107,107,107,107,107,107,107,106,105,105,105,105,105,104,103,103,103,102,101,100,100,99,98,97,96,95,94,93,93,92,91,90,90,89,88,87,86,86,85,84,83,83,82,81,82,81,80,80,80,79,79,79,79,78,78,78,78,78,78,79,79,79,79,78,78,78,78,78,78,79,79,78,78,78,79,79,79,79,78,78,78,78,78,77,77,77,77,76,76,76,76,76,75,74,74,74,74,73,72,72,72,71,70,70,69,68,68,68,67,66,66,65,64,64,63,63,61,61,60,59,58,58,57,56,55,55,54,54,54,53,52,52,51,51,51,51,51,51,50,50,50,51,51,52,51,52,52,53,52,53,53,53,53,52,53,54,53,53,53,53,54,53,54,54,54,54,54,53,54,53,53,52,53,53,52,52,53,53,53,52,51,51,51,51,51,51,51,51,51,51,51,52,52,52,52,52,52,52,52,52,52,52,52,52,52,51,51,51,51,51,51,51,51,50,50,50,49,49,49,48,48,47,47,46,46,45,45,44,43,43,43,41,41,41,40,40,39,39,38,38,37,37,36,36,36,36,35,34,34,34,34,35,35,35,36,37,38,39,40,43,44,46,48,50,52,55,56,60,65,69,72,74,77,79,81,82,83,83,83,82,83,83,83,83,84,50,52,54,57,60,63,65,69,73,75,78,82,84,88,92,91,91,90,88,85,86,85,81,64,58,51,44,37,36,1,1,1,1,1,1,1,1,1,1,1,1,1,1,1,1,1,1,1,1,1,1,1,1,1,1,1,1,1,1,1,1,1,1,1,1,1,1,1,1,1,1,1,1,1,1,1,1,1,1,1,1,1,1,1,1,1,1
syn_f000167-2-Pre,1,1,1,1,1,1,1,1,1,1,1,1,1,1,1,1,1,1,1,1,1,1,1,1,1,1,1,1,1,1,1,1,1,1,1,1,1,1,1,1,1,1,1,1,1,1,1,1,1,1,1,1,1,1,1,1,1,1,1,1,1,1,1,1,1,1,1,1,1,1,1,1,1,1,1,1,1,1,1,1,1,1,1,1,1,1,1,1,1,1,1,1,1,1,1,1,1,1,1,1,1,1,1,1,1,1,1,1,1,1,1,1,1,1,1,1,1,1,1,1,1,1,1,1,1,1,1,1,1,1,1,1,1,1,1,6,21,29,34,38,42,45,48,50,52,54,56,58,60,61,63,63,65,66,67,67,69,69,70,70,71,71,71,71,71,71,71,72,72,72,72,72,72,73,73,73,74,74,75,75,75,76,76,76,75,75,74,71,69,66,65,64,64,63,62,62,61,61,61,60,59,59,59,59,59,59,59,58,57,57,56,53,51,49,49,48,49,48,48,49,48,49,50,51,52,53,54,54,55,176,183,196,209,218,222,226,230,237,246,252,267,288,289,289,290,289,287,285,284,281,274,273,271,254,250,209,205,202,198,193,189,184,179,174,164,156,151,139,118,110,103,98,92,92,93,94,95,95,96,97,97,98,98,99,99,99,100,99,99,99,100,100,99,99,98,98,97,97,97,96,95,95,95,95,93,93,92,91,90,87,87,87,87,87,87,86,87,86,86,86,86,86,86,85,85,85,84,84,83,83,82,82,81,81,80,80,80,80,80,80,80,80,80,80,80,79,79,79,79,80,82,83,84,84,85,85,86,86,87,88,88,90,90,92,93,94,95,96,97,98,99,100,100,100,102,102,102,103,103,103,103,103,103,103,104,104,103,103,103,103,103,102,102,103,102,102,101,100,100,100,99,99,99,98,98,97,97,96,96,95,95,94,93,92,92,92,92,92,91,91,91,91,90,90,90,89,90,90,89,89,88,88,87,87,86,86,85,85,84,85,85,84,84,83,83,82,82,81,80,79,78,78,78,78,78,78,78,77,76,76,76,76,76,76,75,75,75,75,75,75,74,74,74,74,74,73,73,73,73,73,72,73,73,73,73,72,72,72,72,71,71,70,70,70,70,69,69,69,69,68,68,68,66,66,66,65,65,65,64,64,62,62,61,61,61,60,59,58,58,58,57,57,56,55,55,55,55,54,54,54,54,53,53,53,53,52,52,53,52,53,52,53,52,52,52,52,51,52,51,52,52,52,52,52,52,52,52,51,52,51,51,51,51,50,50,51,50,50,50,50,51,51,51,51,50,50,50,50,50,50,50,50,50,50,48,48,48,48,49,49,49,48,48,48,48,48,48,47,47,47,47,47,47,47,46,46,46,46,45,45,44,44,44,44,44,43,43,42,42,41,41,41,41,40,40,40,40,39,39,39,39,39,38,38,38,38,38,38,37,37,38,39,40,40,42,44,46,48,51,53,55,59,61,65,68,71,73,76,78,81,82,84,84,83,83,83,82,82,81,75,53,55,58,62,65,69,72,74,79,81,83,85,85,86,85,85,85,85,85,82,73,61,53,46,41,36,34,1,1,1,1,1,1,1,1,1,1,1,1,1,1,1,1,1,1,1,1,1,1,1,1,1,1,1,1,1,1,1,1,1,1,1,1,1,1,1,1,1,1,1,1,1,1,1,1,1,1,1,1,1,1,1,1,1,1,1,1,1,1,1,1,1,1,1,1,1,1,1
syn_f000174-2-Pre,1,1,1,1,1,1,1,1,1,1,1,1,1,1,1,1,1,1,1,1,1,1,1,1,1,1,1,1,1,1,1,1,1,1,1,1,1,1,1,1,1,1,1,1,1,1,1,1,1,1,1,1,1,1,1,1,1,1,1,1,1,1,1,1,1,1,1,1,1,1,1,1,1,1,1,1,1,1,1,1,1,1,1,1,1,1,1,1,1,1,1,1,1,1,1,1,1,1,1,1,1,1,1,1,1,1,1,1,1,1,1,1,1,1,1,1,1,1,1,1,1,1,1,1,1,1,1,1,21,29,33,38,42,46,49,51,53,55,57,59,61,62,64,65,66,66,68,69,70,70,71,72,72,72,73,73,73,73,73,73,73,73,74,73,73,73,74,73,74,74,75,75,76,77,78,77,78,78,78,77,76,74,71,69,68,68,67,66,65,64,63,64,63,62,62,62,61,61,61,61,61,60,59,59,57,45,41,40,39,40,39,40,39,39,40,40,40,41,41,42,42,42,42,159,175,194,206,216,230,253,269,269,270,269,269,266,265,262,256,256,254,239,238,193,190,186,182,177,173,169,165,160,153,147,142,127,104,98,94,90,86,81,79,80,80,81,81,82,82,83,83,83,83,83,83,83,83,83,83,83,82,82,82,82,81,81,81,80,80,80,80,79,78,78,77,77,75,75,74,73,72,70,69,69,68,69,69,69,69,69,69,69,69,69,69,69,70,70,70,69,69,69,70,69,69,69,69,69,68,69,69,69,68,68,68,68,68,67,67,67,68,67,67,67,67,68,67,67,67,68,68,68,68,68,69,69,70,71,72,73,73,75,76,77,77,77,78,79,80,80,80,81,82,83,84,84,85,85,86,87,88,88,89,89,90,91,91,92,92,92,93,93,93,93,94,94,94,95,95,95,95,95,95,95,96,96,96,95,95,95,95,94,94,94,93,93,93,94,94,94,95,95,95,96,96,96,96,96,96,95,95,95,94,95,95,94,94,93,93,92,91,90,90,89,88,88,87,86,85,85,84,84,84,84,83,83,83,83,82,81,81,81,81,81,81,81,81,81,81,81,80,80,80,80,80,80,80,79,79,79,79,79,77,77,77,77,77,76,76,76,76,74,74,74,74,73,72,72,71,71,70,70,69,69,68,67,67,67,66,65,64,64,63,62,61,61,61,60,59,58,58,57,57,56,56,55,54,54,53,53,53,52,52,52,51,51,51,52,51,51,52,52,52,52,53,53,53,53,53,53,53,53,53,53,52,53,52,51,52,51,51,51,51,50,50,49,49,49,49,48,47,47,47,47,46,46,46,46,46,47,47,47,48,47,47,47,47,48,48,48,48,48,47,47,48,47,47,47,47,46,46,46,46,46,46,46,45,45,44,44,44,44,43,42,42,42,42,40,40,40,39,39,38,38,37,37,37,36,35,35,34,34,34,34,33,33,33,34,33,33,34,34,33,33,34,34,35,36,35,36,38,39,41,43,46,48,52,53,57,63,67,71,71,73,75,77,78,79,80,82,82,82,82,82,82,74,47,49,51,54,57,61,64,68,72,74,77,80,83,85,87,88,87,85,84,82,82,77,61,54,48,45,44,41,1,1,1,1,1,1,1,1,1,1,1,1,1,1,1,1,1,1,1,1,1,1,1,1,1,1,1,1,1,1,1,1,1,1,1,1,1,1,1,1,1,1,1,1,1,1,1,1,1,1,1,1,1,1,1,1,1,1,1,1,1,1,1,1
syn_f000184-1-Pre,1,1,1,1,1,1,1,1,1,1,1,1,1,1,1,1,1,1,1,1,1,1,1,1,1,1,1,1,1,1,1,1,1,1,1,1,1,1,1,1,1,1,1,1,1,1,1,1,1,1,1,1,1,1,1,1,1,1,1,1,1,1,1,1,1,1,1,1,1,1,1,1,1,1,1,1,1,1,1,1,1,1,1,1,1,1,1,1,1,1,1,1,1,1,1,1,1,1,1,1,1,1,1,1,1,1,1,1,1,1,1,1,1,1,1,1,1,1,1,1,1,1,1,1,1,1,1,1,1,1,1,1,1,1,1,1,19,27,34,38,42,46,49,52,54,56,58,60,62,64,65,67,67,69,70,71,71,73,73,74,75,75,75,75,75,76,76,76,76,76,77,77,77,77,77,77,78,79,79,80,80,81,82,81,82,81,80,79,77,74,73,71,71,71,70,70,68,67,67,66,66,66,65,65,65,65,65,65,65,65,65,64,64,63,61,57,53,52,51,51,51,51,51,51,51,51,52,52,52,53,54,54,54,55,55,56,56,58,64,69,160,168,174,180,188,197,207,214,218,223,226,230,235,241,247,253,262,269,276,287,288,288,288,287,285,282,280,272,271,250,192,186,181,175,167,151,92,93,94,96,97,98,98,99,100,101,101,102,101,102,102,103,103,103,103,103,103,103,104,104,104,104,105,105,104,104,104,105,103,103,103,103,101,101,100,99,98,97,95,94,92,90,90,90,90,89,89,88,87,86,86,86,86,85,85,84,83,82,81,81,80,80,79,79,78,78,76,75,75,74,74,73,73,73,72,72,72,72,73,73,73,73,73,74,75,76,76,77,77,78,79,79,80,81,81,82,82,83,83,83,83,84,84,84,84,85,85,86,86,86,87,87,87,86,87,88,88,87,88,88,88,88,90,90,90,90,90,90,90,90,90,89,89,89,89,89,89,89,89,89,88,87,87,87,86,86,86,85,85,85,85,84,85,85,84,84,83,82,81,81,80,79,79,78,77,76,76,75,74,74,73,72,72,71,71,71,71,71,71,70,70,70,70,70,70,70,69,69,69,69,69,69,69,69,69,69,68,68,69,69,69,69,69,68,68,68,68,68,67,67,67,66,66,65,65,65,65,65,64,64,64,63,62,62,62,61,61,61,61,59,59,59,58,58,58,57,57,57,56,55,55,55,54,54,54,54,55,54,54,54,55,54,55,55,56,55,56,56,57,56,56,57,56,56,56,56,55,56,55,55,55,54,54,54,53,53,53,52,52,51,50,50,50,49,50,50,49,49,49,49,48,48,48,48,48,48,48,48,48,48,48,48,48,49,49,48,48,48,48,48,47,47,46,46,46,46,46,46,45,45,44,44,44,44,43,43,42,42,42,42,40,40,40,40,40,39,38,38,38,37,37,37,37,36,35,35,35,35,35,35,35,35,35,35,36,36,37,37,37,37,37,38,39,40,40,41,43,45,47,49,51,53,55,57,59,61,66,69,72,74,77,82,83,84,84,87,87,87,87,87,87,86,70,65,69,72,74,77,82,86,88,90,90,90,89,88,88,88,87,86,83,78,60,52,44,41,1,1,1,1,1,1,1,1,1,1,1,1,1,1,1,1,1,1,1,1,1,1,1,1,1,1,1,1,1,1,1,1,1,1,1,1,1,1,1,1,1,1,1,1,1,1,1,1,1,1,1,1,1,1,1,1,1,1,1,1,1,1,1,1,1,1,1,1,1,1,1,1
syn_f000188-3-Pre,1,1,1,1,1,1,1,1,1,1,1,1,1,1,1,1,1,1,1,1,1,1,1,1,1,1,1,1,1,1,1,1,1,1,1,1,1,1,1,1,1,1,1,1,1,1,1,1,1,1,1,1,1,1,1,1,1,1,1,1,1,1,1,1,1,1,1,1,1,1,1,1,1,1,1,1,1,1,1,1,1,1,1,1,1,1,1,1,1,1,1,1,1,1,1,1,1,1,1,1,1,1,1,1,1,1,1,1,1,1,1,1,1,1,1,1,1,1,1,1,1,1,1,1,1,1,1,1,10,23,30,35,40,44,47,50,52,54,56,58,60,62,64,65,67,67,69,69,71,71,72,73,74,74,74,75,75,75,75,75,75,75,76,76,76,76,75,75,76,77,76,77,78,79,80,80,80,80,79,78,76,76,74,74,73,74,73,72,72,71,72,71,70,68,68,68,68,68,67,67,67,67,66,65,63,60,57,52,50,50,49,48,49,48,49,48,48,48,49,49,182,194,204,209,214,217,222,228,238,245,265,280,280,280,280,279,277,275,273,266,266,264,248,246,235,209,205,201,199,195,191,186,181,176,168,160,153,146,129,107,100,94,92,93,94,95,95,97,98,98,98,99,99,99,98,99,99,99,100,99,100,98,98,98,97,97,97,97,96,96,96,96,94,94,94,93,92,91,90,90,88,87,85,84,85,86,87,86,87,87,88,88,89,89,89,89,90,90,90,89,89,89,88,89,88,88,87,87,87,86,86,86,86,86,85,85,85,85,85,85,84,84,84,84,84,84,83,83,83,84,84,85,86,87,88,89,90,91,91,93,94,94,96,96,98,99,101,101,102,103,104,104,106,106,106,107,107,107,108,109,109,109,109,110,110,110,110,110,110,110,110,111,110,110,110,109,109,109,109,108,108,107,107,106,106,105,105,105,104,102,102,101,101,101,100,101,101,101,102,101,101,101,100,100,99,100,100,99,98,98,97,98,97,96,95,95,95,94,93,93,92,91,90,88,88,88,88,88,87,87,87,86,86,85,84,85,85,85,85,86,86,86,86,86,86,86,86,86,86,86,86,86,86,86,86,86,85,85,85,84,83,83,83,83,83,82,81,81,81,81,79,79,79,79,78,77,77,77,76,75,75,75,74,74,73,72,72,71,71,69,69,68,68,67,67,65,65,64,64,63,62,62,60,60,59,59,59,58,58,57,57,57,56,56,56,56,55,56,56,57,57,57,57,58,59,59,59,59,59,58,59,58,59,58,59,58,59,58,59,59,58,57,58,57,57,56,55,56,56,55,55,54,54,54,54,54,54,54,54,54,54,54,55,55,55,55,55,55,56,56,56,56,56,56,56,56,55,55,55,55,55,55,55,55,55,54,54,54,53,53,53,53,52,51,51,50,50,50,50,48,48,48,47,47,46,45,45,45,44,43,43,42,42,42,41,40,40,40,40,39,39,38,39,38,38,38,39,40,40,40,42,43,45,47,50,53,57,59,64,68,72,74,76,78,81,83,83,83,85,85,85,86,85,85,78,43,46,48,50,53,55,60,64,68,72,76,78,80,83,85,86,89,89,89,87,86,83,81,77,68,60,53,44,40,35,1,1,1,1,1,1,1,1,1,1,1,1,1,1,1,1,1,1,1,1,1,1,1,1,1,1,1,1,1,1,1,1,1,1,1,1,1,1,1,1,1,1,1,1,1,1,1,1,1,1,1,1,1,1,1,1,1,1,1,1,1,1,1
syn_f000218-2-Pre,1,1,1,1,1,1,1,1,1,1,1,1,1,1,1,1,1,1,1,1,1,1,1,1,1,1,1,1,1,1,1,1,1,1,1,1,1,1,1,1,1,1,1,1,1,1,1,1,1,1,1,1,1,1,1,1,1,1,1,1,1,1,1,1,1,1,1,1,1,1,1,1,1,1,1,1,1,1,1,1,1,1,1,1,1,1,1,1,1,1,1,1,1,1,1,1,1,1,1,1,1,1,1,1,1,1,1,1,1,1,1,1,1,1,1,1,1,1,1,17,26,32,37,42,45,47,50,54,56,58,60,62,63,65,66,67,69,69,71,71,73,73,74,75,76,75,76,77,77,77,77,77,77,77,77,77,77,78,78,77,78,78,79,79,79,80,80,81,80,80,79,78,76,74,72,70,69,69,68,67,67,65,64,64,63,63,63,61,61,61,61,61,61,61,61,61,60,59,59,58,55,51,50,48,49,48,47,48,47,48,49,49,50,49,50,50,50,51,52,156,165,177,202,208,214,221,235,246,277,278,279,279,279,277,275,274,269,265,265,260,247,245,200,197,192,189,185,181,176,171,162,150,103,100,95,90,86,85,85,86,86,86,88,88,88,88,88,89,89,89,89,90,90,90,90,90,90,90,90,89,89,89,89,89,88,88,87,87,87,87,86,86,86,86,86,86,85,86,86,86,85,85,85,85,84,83,83,83,83,81,81,81,80,79,79,78,77,76,76,75,75,75,74,73,73,72,72,72,71,71,71,70,70,70,69,69,69,67,67,66,66,66,66,66,66,67,67,68,69,70,72,72,74,76,77,78,79,81,81,81,82,83,84,84,85,86,86,87,88,88,89,89,90,90,90,91,91,91,92,92,92,92,92,92,94,94,94,94,94,94,94,94,94,94,94,94,94,94,94,94,94,94,93,93,93,92,91,91,91,89,89,89,89,88,88,88,88,88,88,88,87,87,86,86,86,85,85,84,83,83,83,82,81,80,79,78,78,77,77,76,76,76,75,75,75,75,75,75,75,75,75,75,75,75,74,74,74,74,74,74,74,74,74,73,73,73,73,73,73,72,72,72,72,72,71,71,71,70,70,70,69,69,69,69,68,68,67,67,67,66,65,65,65,65,64,64,63,63,62,61,61,60,60,59,59,59,57,57,57,56,55,55,54,54,54,53,53,53,52,52,52,53,52,52,52,52,53,52,52,52,53,52,53,53,53,54,54,54,54,54,55,54,55,54,54,54,54,54,54,53,53,53,52,52,52,52,51,50,50,50,49,48,47,48,47,47,46,46,46,46,46,45,45,45,45,45,45,46,46,45,45,45,46,46,46,46,46,46,46,46,46,46,46,46,46,46,46,46,46,45,45,45,45,45,45,45,45,44,44,44,43,43,43,42,42,42,42,42,41,40,40,40,40,39,39,39,38,38,37,37,37,37,37,36,35,35,35,35,35,34,34,34,34,34,34,35,34,35,35,36,36,37,38,38,38,39,41,42,44,46,46,49,51,53,55,57,59,61,64,68,71,74,75,76,77,79,81,81,80,81,81,81,77,65,51,54,56,59,62,65,68,71,73,75,79,81,82,84,86,87,87,86,85,83,82,74,60,53,48,45,41,36,1,1,1,1,1,1,1,1,1,1,1,1,1,1,1,1,1,1,1,1,1,1,1,1,1,1,1,1,1,1,1,1,1,1,1,1,1,1,1,1,1,1,1,1,1,1,1,1,1,1,1,1,1,1,1,1
syn_f000219-0-Pre,1,1,1,1,1,1,1,1,1,1,1,1,1,1,1,1,1,1,1,1,1,1,1,1,1,1,1,1,1,1,1,1,1,1,1,1,1,1,1,1,1,1,1,1,1,1,1,1,1,1,1,1,1,1,1,1,1,1,1,1,1,1,1,1,1,1,1,1,1,1,1,1,1,1,1,1,1,1,1,1,1,1,1,1,1,1,1,1,1,1,1,1,1,1,1,1,1,1,1,1,1,1,1,1,1,1,1,1,1,1,1,1,1,1,1,1,1,1,1,1,1,1,1,1,1,1,1,1,18,26,33,36,41,45,48,51,53,55,57,59,61,62,64,65,66,67,68,70,70,71,72,72,73,73,74,74,74,74,74,74,74,74,74,74,74,74,74,75,74,75,75,76,76,77,77,78,78,79,78,78,77,76,73,71,69,68,69,68,67,66,65,65,64,64,62,62,61,61,60,60,60,60,60,59,58,57,56,54,52,52,50,48,48,47,48,47,48,47,48,49,50,50,51,52,53,53,149,158,165,173,222,229,238,247,261,271,287,287,287,287,286,284,282,280,272,271,270,253,250,202,197,192,188,183,178,173,167,158,152,146,138,127,110,102,95,89,86,87,88,89,90,90,91,91,92,93,93,94,94,94,95,95,96,96,95,96,96,96,96,96,96,96,96,96,95,95,95,94,94,93,92,92,91,90,89,89,89,89,89,90,89,90,90,90,90,91,90,90,91,90,90,91,90,91,91,90,90,90,90,90,89,90,90,89,89,89,89,88,89,89,89,89,88,88,88,88,89,90,91,92,92,93,93,94,94,94,95,94,94,94,94,94,94,95,95,95,96,96,96,96,96,97,97,96,97,97,97,97,97,97,98,97,97,98,98,98,97,98,98,97,97,97,98,97,97,98,98,97,97,96,96,96,96,96,96,95,95,94,94,92,91,92,92,92,92,91,91,91,92,91,91,91,90,90,89,89,89,89,89,88,88,87,86,86,85,84,83,82,82,81,80,80,79,79,78,78,77,77,76,76,76,75,75,74,74,74,72,72,72,72,71,71,71,71,69,69,69,69,69,68,68,68,68,68,67,67,67,66,66,66,66,65,65,65,65,64,64,64,64,63,63,63,63,62,62,62,61,61,61,61,60,60,60,60,59,59,59,58,58,57,56,56,57,57,56,56,56,56,56,55,55,55,55,55,55,55,55,55,54,54,54,54,54,54,53,54,54,53,53,53,53,52,52,52,51,51,52,51,51,50,51,50,50,50,49,49,48,48,47,47,46,46,45,45,46,45,45,45,45,45,45,44,44,44,44,44,44,44,44,43,43,43,43,43,43,44,44,43,43,43,43,43,43,43,43,42,42,42,42,42,42,42,42,41,40,40,40,40,40,40,39,39,39,38,38,38,38,37,37,36,36,36,36,35,35,35,34,34,34,34,34,34,34,34,33,33,33,33,33,33,34,34,35,35,35,35,36,37,38,39,40,42,44,46,47,49,52,53,55,58,65,69,70,73,75,78,79,81,81,81,81,79,80,79,77,70,50,51,53,56,59,62,65,67,70,72,74,78,80,82,85,85,84,83,83,81,77,62,54,47,41,35,28,1,1,1,1,1,1,1,1,1,1,1,1,1,1,1,1,1,1,1,1,1,1,1,1,1,1,1,1,1,1,1,1,1,1,1,1,1,1,1,1,1,1,1,1,1,1,1,1,1,1,1,1,1,1,1,1,1,1,1,1,1,1,1,1,1
syn_f000220-2-Pre,1,1,1,1,1,1,1,1,1,1,1,1,1,1,1,1,1,1,1,1,1,1,1,1,1,1,1,1,1,1,1,1,1,1,1,1,1,1,1,1,1,1,1,1,1,1,1,1,1,1,1,1,1,1,1,1,1,1,1,1,1,1,1,1,1,1,1,1,1,1,1,1,1,1,1,1,1,1,1,1,1,1,1,1,1,1,1,1,1,1,1,1,1,1,1,1,1,1,1,1,1,1,1,1,1,1,1,1,1,1,1,1,1,1,1,1,1,1,1,1,1,1,1,1,1,1,1,1,1,1,1,1,1,1,1,1,1,1,1,9,22,30,36,40,44,47,50,53,55,57,59,61,63,65,66,69,69,71,71,72,73,74,75,75,76,76,77,77,77,78,78,78,78,78,79,79,79,80,81,81,82,82,83,84,85,85,85,86,86,86,85,85,83,81,79,78,77,76,76,75,74,72,72,71,71,70,70,69,69,67,67,67,67,68,68,68,68,67,67,66,65,63,61,59,59,57,57,56,57,57,57,58,58,58,59,60,60,61,64,70,77,83,91,171,178,183,188,193,200,205,208,211,215,217,220,222,225,230,234,238,244,248,254,262,268,274,286,287,288,287,286,285,282,280,271,270,209,205,201,198,193,188,179,158,128,117,111,107,107,109,109,110,110,111,111,112,112,111,111,112,112,112,113,113,113,112,112,112,112,112,112,112,111,110,110,109,109,108,107,107,108,108,109,109,109,109,109,109,110,110,109,110,110,110,110,110,110,110,110,110,110,110,110,110,110,109,110,110,110,109,108,108,108,107,107,106,105,104,103,102,101,100,100,100,100,100,100,101,101,103,103,104,105,106,107,108,110,111,112,112,114,114,115,116,117,117,117,119,119,119,119,120,120,120,120,121,120,120,120,119,120,120,120,119,119,118,118,117,117,116,114,114,113,112,111,110,109,109,107,106,105,104,102,101,100,99,98,98,97,97,97,96,97,96,95,95,94,93,93,92,92,91,90,90,89,89,89,88,88,87,86,86,85,85,84,83,83,82,82,81,81,81,81,81,81,81,81,81,81,81,81,81,81,81,81,80,80,80,80,80,80,79,79,79,79,79,79,78,78,78,78,77,76,76,76,76,76,75,74,74,73,73,73,72,71,71,70,70,70,69,69,67,67,66,66,65,65,64,62,62,61,61,60,60,59,59,58,57,57,56,56,56,55,55,54,54,53,53,54,53,54,54,54,54,54,54,53,54,53,54,53,54,53,53,54,53,54,53,53,52,53,53,52,52,53,52,52,52,52,52,52,52,52,52,52,52,52,52,52,52,52,52,52,52,52,53,53,53,53,53,53,52,52,52,52,52,52,52,52,52,51,51,51,51,51,50,49,49,49,48,48,47,47,47,46,46,45,44,44,43,42,42,41,41,40,40,39,39,38,38,37,37,37,36,36,36,36,35,36,36,38,39,40,43,44,47,49,53,55,60,68,70,73,76,76,77,78,80,81,81,80,79,79,79,78,79,46,48,50,53,56,60,64,69,73,76,80,81,82,84,85,86,87,86,85,84,83,82,78,68,59,53,46,38,21,1,1,1,1,1,1,1,1,1,1,1,1,1,1,1,1,1,1,1,1,1,1,1,1,1,1,1,1,1,1,1,1,1,1,1,1,1,1,1,1,1,1,1,1,1,1,1,1,1,1,1,1,1,1,1,1,1,1,1,1,1,1,1,1,1,1,1,1,1,1,1,1,1
syn_f000227-3-Pre,1,1,1,1,1,1,1,1,1,1,1,1,1,1,1,1,1,1,1,1,1,1,1,1,1,1,1,1,1,1,1,1,1,1,1,1,1,1,1,1,1,1,1,1,1,1,1,1,1,1,1,1,1,1,1,1,1,1,1,1,1,1,1,1,1,1,1,1,1,1,1,1,1,1,1,1,1,1,1,1,1,1,1,1,1,1,1,1,1,1,1,1,1,1,1,1,1,1,1,1,1,1,1,1,1,1,1,1,1,1,1,1,1,1,20,27,34,38,43,46,49,52,55,56,58,60,62,64,65,68,68,70,70,72,73,73,74,75,76,76,76,77,77,77,77,77,77,78,79,79,79,79,79,79,79,80,81,80,81,82,83,84,83,84,85,84,84,83,82,80,77,76,75,74,73,73,72,70,70,69,68,68,68,67,66,66,66,66,66,66,66,67,67,66,65,64,63,61,59,57,56,54,54,54,53,54,53,53,53,53,54,54,54,54,55,55,56,56,56,56,58,61,64,72,79,87,95,103,112,140,153,158,162,167,171,174,178,183,187,191,196,201,207,212,217,220,223,226,228,232,236,240,245,249,252,256,262,269,273,278,286,290,290,291,290,289,286,284,274,100,101,100,100,100,101,101,101,101,101,101,101,100,100,100,100,99,99,99,98,98,97,97,96,96,94,94,93,93,93,92,91,91,91,91,90,91,91,91,92,91,91,92,92,92,91,91,90,90,90,89,89,88,88,87,86,86,85,85,86,85,85,85,85,85,85,85,85,85,84,84,84,84,84,83,83,83,83,83,83,84,84,85,86,87,87,88,89,90,91,92,92,93,94,96,96,97,99,100,101,102,103,104,104,105,106,107,107,108,108,108,108,110,110,110,110,111,111,111,112,112,112,112,113,113,113,113,113,113,113,113,114,113,113,113,113,113,113,112,111,111,111,110,110,110,109,109,108,107,107,107,105,104,104,103,102,101,102,101,101,101,100,100,99,99,99,99,98,97,97,97,96,96,95,95,95,94,94,93,92,92,91,91,92,91,91,90,89,89,89,89,89,90,90,90,90,91,91,90,90,91,91,91,91,90,90,91,91,91,91,90,90,91,90,89,89,89,89,88,88,88,88,88,87,86,86,86,86,84,84,84,84,83,82,82,82,81,81,81,80,80,79,79,78,77,77,76,76,76,75,74,73,73,72,72,70,70,69,69,68,67,67,66,65,65,65,64,63,62,62,61,61,60,60,59,59,59,58,58,59,58,59,59,59,59,59,58,59,58,59,58,58,58,58,58,57,57,57,56,57,56,56,55,55,55,54,54,55,54,54,54,54,53,54,53,53,53,53,54,54,54,55,55,54,54,55,55,55,55,55,56,56,56,56,56,55,55,55,55,55,55,55,54,54,54,54,54,54,54,53,53,53,52,52,52,51,51,50,50,50,49,49,48,48,48,47,46,46,45,45,45,43,44,44,42,42,42,42,42,42,42,41,41,42,42,42,42,42,43,44,45,45,47,47,49,50,53,55,57,60,62,68,71,74,75,76,80,81,83,86,86,88,90,91,90,91,91,90,47,48,50,52,55,58,61,64,67,70,74,77,78,80,83,85,86,88,90,91,91,90,88,83,74,66,58,53,46,41,38,34,1,1,1,1,1,1,1,1,1,1,1,1,1,1,1,1,1,1,1,1,1,1,1,1,1,1,1,1,1,1,1,1,1,1,1,1,1,1,1,1,1,1,1,1,1,1,1,1,1
syn_f000250-1-Pre,1,1,1,1,1,1,1,1,1,1,1,1,1,1,1,1,1,1,1,1,1,1,1,1,1,1,1,1,1,1,1,1,1,1,1,1,1,1,1,1,1,1,1,1,1,1,1,1,1,1,1,1,1,1,1,1,1,1,1,1,1,1,1,1,1,1,1,1,1,1,1,1,1,1,1,1,1,1,1,1,1,1,1,1,1,1,1,1,1,1,1,1,1,1,1,1,1,1,1,1,1,1,1,1,1,1,1,1,1,1,1,1,1,1,1,1,1,1,1,1,1,1,1,1,1,1,10,22,30,35,39,43,47,49,52,54,56,58,60,61,63,64,66,67,68,69,70,70,72,72,73,74,74,74,74,74,74,75,75,75,76,76,77,77,78,78,79,80,80,80,81,82,81,82,81,81,80,77,75,74,72,71,70,70,69,68,66,66,65,65,64,63,62,62,62,62,61,61,61,61,61,60,59,58,56,54,52,49,47,47,47,47,47,47,47,48,47,48,48,48,49,49,50,51,211,216,221,229,241,259,282,283,283,284,283,282,281,279,275,271,270,268,253,251,248,208,203,198,195,190,185,181,177,171,163,157,153,149,142,125,114,109,104,100,95,92,93,94,94,95,97,98,98,99,99,100,99,100,100,101,101,101,101,102,101,101,101,101,101,101,101,101,101,101,101,101,101,100,100,100,99,98,97,97,97,95,95,94,93,93,93,92,92,93,92,93,93,93,94,94,93,94,94,94,93,94,94,93,94,94,93,94,94,94,94,94,94,93,93,94,94,94,93,92,92,91,91,91,89,89,89,89,89,89,89,89,90,91,91,92,92,92,93,93,93,94,95,96,96,96,98,98,98,99,100,100,101,101,101,101,102,102,102,103,103,103,104,104,104,104,105,105,104,104,104,104,104,104,103,103,103,103,102,102,101,101,101,101,100,100,99,99,98,98,97,97,96,96,95,94,93,92,91,91,91,91,90,90,90,90,90,89,89,89,88,88,89,88,87,87,86,86,85,85,85,84,83,83,83,83,82,80,79,79,78,77,77,76,75,75,75,75,75,73,73,73,73,73,73,72,71,71,71,71,69,69,69,69,68,68,68,68,67,67,67,67,66,65,65,64,64,64,64,63,63,63,63,62,61,61,60,60,60,59,59,59,58,58,57,56,56,56,55,55,54,54,54,53,53,53,52,52,52,53,52,52,52,52,52,53,52,52,52,53,53,54,54,53,54,54,55,54,54,55,55,55,55,54,54,54,54,54,53,54,53,53,53,52,53,52,52,51,52,51,51,50,50,49,49,50,49,49,49,49,48,48,48,48,48,48,48,47,47,46,46,47,47,47,47,47,46,46,47,47,47,47,47,46,46,46,46,46,46,46,45,45,44,44,44,44,44,43,43,42,42,42,42,41,41,41,40,40,40,39,39,38,38,38,38,38,37,37,37,37,37,37,36,36,36,36,36,36,36,35,35,35,36,36,38,39,40,42,44,46,48,51,54,57,60,65,70,71,73,75,77,79,80,81,81,81,81,81,81,81,80,42,45,46,48,51,55,58,61,66,69,73,76,79,80,83,85,88,90,90,89,88,85,84,81,77,65,58,52,43,36,32,1,1,1,1,1,1,1,1,1,1,1,1,1,1,1,1,1,1,1,1,1,1,1,1,1,1,1,1,1,1,1,1,1,1,1,1,1,1,1,1,1,1,1,1,1,1,1,1,1,1,1,1,1,1,1,1,1,1,1,1,1,1
syn_f000252-3-Pre,1,1,1,1,1,1,1,1,1,1,1,1,1,1,1,1,1,1,1,1,1,1,1,1,1,1,1,1,1,1,1,1,1,1,1,1,1,1,1,1,1,1,1,1,1,1,1,1,1,1,1,1,1,1,1,1,1,1,1,1,1,1,1,1,1,1,1,1,1,1,1,1,1,1,1,1,1,1,1,1,1,1,1,1,1,1,1,1,1,1,1,1,1,1,1,1,1,1,1,1,1,1,1,1,1,1,1,1,9,23,29,35,38,42,46,49,51,53,55,57,59,60,62,64,65,66,67,68,69,70,71,71,73,73,73,73,73,73,74,74,74,74,75,75,75,75,76,75,76,77,77,78,78,79,80,80,80,81,80,79,78,77,74,72,70,70,69,68,68,67,65,65,64,64,64,63,62,62,62,62,61,61,61,61,61,60,59,55,49,47,47,47,47,47,47,47,47,48,48,48,49,48,49,50,50,51,51,51,52,52,53,52,52,55,58,62,69,84,94,102,110,158,165,170,176,181,185,190,195,201,205,210,217,226,230,233,235,237,240,243,246,251,256,261,266,270,277,283,288,294,303,304,303,303,302,299,296,80,81,81,81,81,81,82,81,81,81,81,80,79,80,80,79,79,79,78,77,77,76,76,75,74,73,72,73,72,73,73,73,73,74,74,74,73,73,72,72,72,71,70,69,69,67,67,66,64,63,63,63,63,62,61,61,61,61,60,60,60,60,60,60,60,59,59,59,59,59,61,61,61,61,61,61,62,63,63,65,65,66,66,68,69,70,70,71,72,73,73,74,75,76,77,78,78,80,80,81,82,83,83,83,85,85,85,87,87,87,88,88,89,89,89,90,90,91,91,91,91,91,91,92,92,92,92,92,92,92,92,92,92,92,92,92,91,91,91,90,90,90,90,90,89,89,88,88,88,89,88,88,88,88,87,87,87,87,87,87,86,86,85,85,85,85,84,84,83,82,81,80,79,79,80,79,79,79,79,79,79,78,78,78,78,79,79,79,79,79,78,78,78,79,79,79,79,79,79,79,80,80,80,79,79,79,79,80,80,78,78,78,78,78,78,78,78,78,78,77,77,77,76,76,76,76,76,76,74,74,74,74,74,73,73,73,73,72,71,71,70,70,70,68,68,68,68,67,66,66,65,65,64,64,63,62,62,62,61,61,60,60,59,59,58,58,58,57,57,57,56,56,57,56,56,56,57,58,58,59,58,59,60,60,61,61,62,61,62,61,61,62,61,62,61,62,61,60,61,60,59,60,59,58,59,58,57,57,56,57,56,56,55,55,55,55,55,54,54,54,54,54,53,54,53,53,53,53,53,54,54,53,53,53,53,54,54,54,53,53,54,54,54,54,53,52,52,52,52,52,52,52,51,51,51,51,51,51,50,49,49,49,48,48,48,48,47,46,46,46,46,45,44,44,43,43,43,43,42,42,42,41,41,41,41,40,40,40,40,40,39,39,39,39,39,38,38,38,39,39,39,40,40,41,42,42,44,45,47,49,51,52,54,57,59,61,63,64,66,69,73,75,77,79,81,83,85,87,88,88,88,88,88,86,50,52,54,57,60,62,65,67,70,73,76,78,79,82,85,88,90,90,92,92,92,91,89,85,72,62,56,52,46,45,40,35,1,1,1,1,1,1,1,1,1,1,1,1,1,1,1,1,1,1,1,1,1,1,1,1,1,1,1,1,1,1,1,1,1,1,1,1,1,1,1,1,1,1,1,1,1
syn_f000282-3-Pre,1,1,1,1,1,1,1,1,1,1,1,1,1,1,1,1,1,1,1,1,1,1,1,1,1,1,1,1,1,1,1,1,1,1,1,1,1,1,1,1,1,1,1,1,1,1,1,1,1,1,1,1,1,1,1,1,1,1,1,1,1,1,1,1,1,1,1,1,1,1,1,1,1,1,1,1,1,1,1,1,1,1,1,1,1,1,1,1,1,1,1,1,1,1,1,1,1,1,1,1,1,1,1,1,1,1,1,1,1,1,1,1,1,1,1,1,1,1,1,1,1,22,29,34,39,43,45,48,51,53,55,57,59,61,62,64,64,66,66,68,68,69,70,70,71,71,72,72,72,72,72,72,73,74,74,73,73,74,74,74,74,75,76,76,77,78,78,78,79,79,77,77,75,73,70,70,68,67,66,65,64,64,63,62,61,61,61,61,60,60,60,60,60,60,60,59,59,57,54,51,48,47,47,46,46,46,46,47,46,47,47,47,48,48,49,50,183,221,226,233,243,254,291,293,293,292,292,291,290,288,286,279,278,278,274,259,257,247,213,208,200,193,189,183,176,169,161,156,149,96,88,84,79,79,79,80,80,81,81,81,81,82,83,83,83,83,83,84,84,84,85,85,84,85,85,85,84,85,85,84,84,84,84,84,84,82,82,82,81,81,80,80,78,78,77,76,75,74,74,73,73,72,72,71,71,71,71,69,69,68,67,67,66,64,64,63,61,60,60,58,58,56,56,56,55,55,55,55,55,54,54,54,54,54,54,54,54,55,55,55,55,55,56,56,56,57,57,57,57,57,58,58,59,60,60,61,61,62,62,63,64,66,67,68,69,69,70,71,73,73,74,75,76,77,77,78,79,80,80,80,81,82,82,82,83,84,84,84,85,85,86,86,86,86,86,86,86,86,86,86,86,86,86,86,86,85,85,85,86,85,85,86,86,85,86,85,85,85,85,85,84,85,84,83,83,82,81,81,80,79,77,76,75,75,75,75,74,74,74,74,74,74,73,74,74,74,74,74,74,74,74,74,74,74,75,74,74,74,74,74,74,74,74,74,74,73,73,73,73,73,73,72,72,72,72,71,71,71,70,70,70,70,69,69,69,69,68,67,67,67,67,66,65,65,65,64,63,63,63,63,61,61,61,61,60,59,59,58,58,58,57,56,57,56,56,55,55,55,54,54,54,54,54,53,53,53,53,53,53,54,54,55,54,55,56,56,57,57,58,58,59,58,59,58,59,59,58,59,59,59,59,58,58,58,57,58,57,56,56,56,56,55,55,54,54,54,54,53,53,52,52,52,52,52,52,52,51,51,51,51,51,51,51,50,50,50,50,50,50,51,50,50,50,50,50,50,50,50,49,49,49,48,48,48,48,47,47,47,47,46,46,46,45,45,44,44,44,44,44,42,42,42,41,41,41,41,39,39,39,38,38,38,38,36,36,36,36,36,35,35,35,35,35,34,33,34,34,34,35,35,36,37,39,40,42,43,45,48,50,52,54,56,58,59,60,62,66,69,71,74,76,77,79,82,83,83,83,83,83,70,48,50,52,54,55,58,61,63,66,69,72,73,76,80,82,84,85,86,85,85,84,81,76,60,54,49,47,45,41,39,1,1,1,1,1,1,1,1,1,1,1,1,1,1,1,1,1,1,1,1,1,1,1,1,1,1,1,1,1,1,1,1,1,1,1,1,1,1,1,1,1,1,1,1,1,1,1,1,1,1,1,1,1,1,1,1,1,1
syn_f000289-2-Pre,1,1,1,1,1,1,1,1,1,1,1,1,1,1,1,1,1,1,1,1,1,1,1,1,1,1,1,1,1,1,1,1,1,1,1,1,1,1,1,1,1,1,1,1,1,1,1,1,1,1,1,1,1,1,1,1,1,1,1,1,1,1,1,1,1,1,1,1,1,1,1,1,1,1,1,1,1,1,1,1,1,1,1,1,1,1,1,1,1,1,1,1,1,1,1,1,1,1,1,1,1,1,1,1,1,1,1,1,1,1,1,1,1,1,1,1,1,1,1,1,1,1,1,20,27,33,38,42,45,48,51,53,55,57,59,62,63,65,66,68,68,70,71,71,72,73,74,75,75,76,76,76,76,76,76,76,77,77,77,77,77,78,78,78,79,80,81,81,81,82,83,83,83,82,81,80,77,75,74,73,73,72,71,70,69,68,68,68,67,66,65,65,65,65,65,65,65,64,64,64,63,62,62,60,58,55,53,51,50,50,50,50,50,51,51,51,52,53,54,53,54,55,56,57,57,57,58,58,62,65,69,76,82,89,97,105,149,155,162,167,172,177,181,186,190,195,201,206,210,216,220,224,228,232,234,238,241,244,248,253,258,262,265,270,277,282,286,291,301,303,303,302,300,299,295,292,102,102,102,103,103,103,103,102,102,102,102,102,102,103,102,102,102,102,102,101,100,100,99,99,99,98,97,98,97,98,97,97,97,97,97,96,96,95,95,96,96,94,94,94,93,93,92,92,91,90,90,91,90,90,90,89,89,89,89,88,87,87,87,86,86,86,86,85,84,84,84,84,83,83,83,83,83,83,84,85,86,86,88,89,90,91,92,93,94,94,95,97,97,98,99,100,101,101,102,102,104,104,105,105,106,107,108,108,109,109,109,109,109,110,110,111,111,111,111,111,111,111,111,111,111,111,111,111,111,111,110,110,109,109,109,109,108,107,107,107,106,105,104,104,103,102,102,100,99,97,96,95,94,94,93,93,92,92,91,90,90,89,88,88,87,86,86,85,85,85,85,85,85,85,85,85,85,85,85,85,84,84,84,84,84,84,84,84,83,83,83,83,83,82,82,82,82,82,82,81,81,81,81,80,80,80,79,79,78,78,78,78,78,77,76,76,76,76,76,75,74,74,74,74,73,72,72,72,72,71,70,70,69,69,69,68,67,67,66,66,66,65,64,64,63,63,63,63,62,61,61,61,61,61,61,59,59,59,59,59,59,58,58,58,58,59,58,59,59,60,60,59,60,59,60,59,59,59,59,58,59,58,58,58,58,58,58,57,57,56,56,56,55,55,54,55,55,54,54,54,54,54,53,53,53,53,53,53,53,52,52,52,53,53,53,52,52,53,53,53,53,52,52,52,52,52,52,51,51,51,51,51,50,49,49,49,49,48,48,48,47,47,46,46,46,46,44,44,44,44,43,43,42,41,41,41,40,40,39,39,39,38,38,38,38,37,37,37,37,37,37,37,38,38,38,39,40,41,42,45,46,48,52,54,58,60,66,70,71,73,75,77,78,79,80,82,83,84,84,85,84,84,43,45,47,48,51,54,58,63,67,73,76,79,82,84,85,87,90,89,89,87,86,84,83,82,79,73,65,58,52,45,39,32,1,1,1,1,1,1,1,1,1,1,1,1,1,1,1,1,1,1,1,1,1,1,1,1,1,1,1,1,1,1,1,1,1,1,1,1,1,1,1,1,1,1,1,1,1,1,1,1,1,1,1,1,1,1,1,1,1,1
syn_f000293-2-Pre,1,1,1,1,1,1,1,1,1,1,1,1,1,1,1,1,1,1,1,1,1,1,1,1,1,1,1,1,1,1,1,1,1,1,1,1,1,1,1,1,1,1,1,1,1,1,1,1,1,1,1,1,1,1,1,1,1,1,1,1,1,1,1,1,1,1,1,1,1,1,1,1,1,1,1,1,1,1,1,1,1,1,1,1,1,1,1,1,1,1,1,1,1,1,1,1,1,1,1,1,1,1,1,1,1,1,1,1,1,1,1,1,1,1,1,1,1,1,1,1,1,1,1,1,1,1,10,22,30,35,39,43,46,49,52,54,55,57,59,61,64,65,66,68,68,70,70,72,72,73,73,74,75,75,75,75,75,75,76,76,76,76,76,77,77,78,77,77,78,79,78,79,80,80,80,80,81,80,80,79,78,75,73,71,71,70,69,68,68,66,66,66,66,64,63,63,62,62,62,62,62,62,61,60,59,59,57,54,51,49,47,46,47,46,45,46,45,46,46,46,46,47,47,47,48,48,49,50,160,167,178,207,212,217,228,240,276,278,278,277,276,276,273,272,269,263,262,260,245,243,240,201,198,195,192,189,185,182,178,174,170,163,155,148,141,131,115,111,106,101,96,90,85,85,87,88,88,89,89,90,89,90,90,90,91,91,90,90,91,91,91,91,90,90,90,90,90,89,89,89,89,88,88,88,88,87,87,86,85,84,84,82,82,81,80,79,80,80,79,80,80,80,79,79,79,79,79,79,78,78,78,78,78,77,77,77,75,75,75,74,74,74,74,74,73,73,73,73,73,73,73,73,73,74,74,74,74,74,74,75,76,77,78,80,82,83,84,86,87,87,89,90,90,91,91,92,92,93,93,93,94,94,94,95,95,96,96,97,97,97,97,98,98,98,98,99,99,99,99,99,99,99,99,99,99,99,99,100,100,100,99,99,99,98,98,98,98,98,97,96,96,96,96,94,94,93,93,93,91,90,89,87,87,87,86,86,85,85,85,85,85,84,84,83,82,82,81,81,81,79,78,77,77,77,76,76,75,76,75,75,74,74,74,74,74,74,74,74,74,74,74,74,74,74,74,74,74,74,74,74,74,74,73,73,73,73,73,72,72,72,72,72,72,72,71,71,71,71,71,70,69,69,69,69,68,67,67,67,66,66,65,64,64,64,62,62,62,61,61,60,59,59,58,58,57,56,55,55,54,54,54,53,53,51,51,52,51,51,52,51,52,52,53,52,53,53,52,53,53,53,53,53,53,53,53,52,52,52,51,52,51,51,51,51,50,50,49,50,49,49,48,48,49,48,48,48,48,48,47,47,47,47,47,47,47,47,47,47,47,47,48,48,48,48,47,47,47,47,47,47,47,47,47,47,46,46,46,46,46,46,45,45,44,44,44,43,43,42,42,42,41,41,40,40,39,39,39,38,37,37,37,37,36,36,35,35,34,34,35,35,35,35,35,35,36,36,37,37,38,39,39,40,42,44,46,48,51,53,55,58,60,62,65,69,71,73,75,77,81,83,84,83,83,83,83,78,43,45,47,50,52,54,60,66,70,73,77,80,82,85,87,90,89,89,88,87,84,83,80,73,64,57,52,43,38,32,1,1,1,1,1,1,1,1,1,1,1,1,1,1,1,1,1,1,1,1,1,1,1,1,1,1,1,1,1,1,1,1,1,1,1,1,1,1,1,1,1,1,1,1,1,1,1,1,1,1,1,1,1,1,1,1,1,1,1,1,1,1
syn_f000314-0-Pre,1,1,1,1,1,1,1,1,1,1,1,1,1,1,1,1,1,1,1,1,1,1,1,1,1,1,1,1,1,1,1,1,1,1,1,1,1,1,1,1,1,1,1,1,1,1,1,1,1,1,1,1,1,1,1,1,1,1,1,1,1,1,1,1,1,1,1,1,1,1,1,1,1,1,1,1,1,1,1,1,1,1,1,1,1,1,1,1,1,1,1,1,1,1,1,1,1,1,1,1,1,1,1,1,1,1,1,18,25,33,37,42,44,47,50,53,56,58,60,61,63,65,66,68,69,70,71,71,72,72,74,74,75,75,76,76,76,76,76,77,77,77,77,78,79,80,81,81,81,82,83,82,83,83,84,85,84,84,83,82,80,77,76,74,74,73,72,70,69,68,67,68,66,65,64,64,64,64,63,63,63,63,63,62,61,60,59,56,53,50,48,47,47,48,48,48,49,49,49,49,49,50,50,50,51,50,51,52,52,53,54,54,54,55,56,56,56,56,59,63,67,72,76,165,171,176,183,188,196,207,221,232,237,240,244,250,256,262,267,276,284,291,303,303,304,303,302,299,298,294,288,286,203,197,192,178,165,155,104,96,96,96,97,98,98,99,100,100,100,101,101,101,101,102,101,101,101,101,101,101,100,100,99,99,99,97,97,97,97,96,95,95,94,92,91,91,90,88,87,86,85,85,85,84,84,84,84,84,84,84,83,83,83,83,82,82,82,81,82,82,81,81,81,81,81,80,80,80,80,79,80,80,80,80,80,80,80,79,79,80,80,80,81,81,80,81,81,82,82,83,83,83,83,85,86,87,88,88,87,88,88,88,89,89,89,90,90,90,91,91,92,93,93,94,94,94,95,96,96,97,96,96,97,97,97,97,97,97,97,97,97,96,96,97,96,96,96,96,96,95,95,94,95,95,94,94,93,93,92,92,91,91,90,90,89,89,88,88,88,87,88,88,88,88,87,87,87,87,86,87,87,86,86,85,85,83,83,82,81,81,80,79,79,78,77,77,76,76,75,75,74,74,74,73,73,73,72,72,72,72,71,70,70,70,70,70,69,68,68,68,68,68,67,67,67,67,67,66,66,66,66,66,65,65,65,65,64,64,64,64,64,63,63,63,63,61,61,61,61,60,60,60,60,58,58,58,58,58,57,57,57,56,55,55,55,55,54,54,53,53,52,52,52,52,51,51,51,51,50,50,50,50,50,50,49,49,49,49,49,50,50,50,51,51,51,52,52,53,52,52,53,52,52,52,52,52,51,52,51,51,51,50,50,49,49,49,48,49,48,48,47,47,46,46,45,46,46,45,45,45,45,45,46,45,45,45,46,46,46,46,46,45,46,46,46,46,46,46,45,45,46,46,46,46,44,44,44,44,44,44,44,43,43,43,43,43,43,42,42,42,41,41,41,40,40,40,40,40,39,38,38,38,38,38,37,36,36,36,36,36,35,35,35,35,35,35,35,35,35,34,34,34,34,34,35,35,35,36,36,36,37,38,37,38,40,39,42,44,46,48,50,53,55,57,60,61,64,68,71,73,75,76,78,80,82,84,87,87,87,86,86,87,48,50,52,55,56,59,61,64,67,71,74,76,79,82,86,88,91,93,94,93,93,91,87,86,84,69,55,49,43,39,34,1,1,1,1,1,1,1,1,1,1,1,1,1,1,1,1,1,1,1,1,1,1,1,1,1,1,1,1,1,1,1,1,1,1,1,1,1,1,1,1,1,1,1,1,1
syn_f000316-3-Pre,1,1,1,1,1,1,1,1,1,1,1,1,1,1,1,1,1,1,1,1,1,1,1,1,1,1,1,1,1,1,1,1,1,1,1,1,1,1,1,1,1,1,1,1,1,1,1,1,1,1,1,1,1,1,1,1,1,1,1,1,1,1,1,1,1,1,1,1,1,1,1,1,1,1,1,1,1,1,1,1,1,1,1,1,1,1,1,1,1,1,1,1,1,1,1,1,1,1,1,1,1,1,1,1,1,1,1,1,1,1,1,1,1,1,1,1,1,1,1,1,1,1,1,1,1,1,1,1,1,1,1,1,1,12,25,31,36,39,44,47,50,52,54,56,58,60,62,63,65,66,67,68,69,70,71,71,73,73,73,74,74,74,74,74,75,75,75,75,75,75,75,74,74,75,75,75,75,76,77,77,77,77,77,77,75,74,73,70,68,67,68,67,67,65,65,65,64,64,64,63,63,64,64,64,63,63,64,62,61,59,47,45,44,44,43,43,42,43,42,42,42,41,42,42,41,41,42,42,42,43,43,44,45,47,50,54,57,67,81,89,95,104,141,146,151,154,158,161,165,168,172,175,179,182,186,190,195,200,204,207,209,212,216,219,224,228,232,236,242,248,253,258,267,268,268,268,267,265,261,73,73,74,74,73,73,73,73,72,72,73,72,72,71,71,71,70,69,69,69,69,67,67,66,65,64,63,61,60,60,60,59,59,58,58,57,57,56,56,55,55,54,53,53,52,51,51,50,49,49,48,48,48,47,46,46,46,45,45,45,45,44,44,44,44,44,44,44,45,45,47,47,47,47,48,49,49,50,50,51,52,52,53,55,56,58,58,59,60,62,63,63,65,66,67,68,69,69,70,72,72,72,73,73,74,74,75,76,76,76,76,77,77,77,77,78,79,79,79,79,79,79,80,80,80,80,80,80,80,81,81,81,82,82,83,83,83,84,84,85,84,84,85,85,85,84,84,85,85,84,84,84,84,84,83,83,82,81,81,80,79,78,77,76,75,76,75,75,75,74,74,74,74,74,73,74,75,75,75,75,74,74,74,74,74,74,74,74,74,74,74,73,73,73,73,73,73,72,71,71,71,71,71,71,70,69,69,69,69,68,68,67,67,67,66,66,66,66,66,65,65,64,64,64,64,62,62,62,62,62,61,61,60,59,59,59,58,58,58,57,57,57,56,56,55,55,54,55,54,54,53,53,53,53,53,53,52,53,53,53,53,53,54,55,54,55,54,54,54,54,54,54,53,53,53,53,52,52,51,51,51,50,49,49,49,48,48,48,48,48,48,48,48,48,47,47,47,47,47,47,48,48,48,48,49,49,49,49,49,49,49,49,49,49,49,49,49,48,48,48,48,48,48,48,48,47,47,47,46,46,46,46,44,44,44,44,44,43,42,42,41,41,41,40,40,39,38,38,38,37,37,37,37,36,37,37,36,37,37,37,38,37,38,38,39,39,39,40,41,42,43,45,47,50,53,55,58,59,60,62,66,69,71,73,76,79,80,82,82,82,83,83,82,76,53,55,58,61,65,70,72,74,78,81,82,84,86,87,87,86,84,82,80,77,66,56,49,43,39,36,1,1,1,1,1,1,1,1,1,1,1,1,1,1,1,1,1,1,1,1,1,1,1,1,1,1,1,1,1,1,1,1,1,1,1,1,1,1,1,1,1,1,1,1,1,1,1,1,1,1,1,1,1,1,1,1,1,1,1,1,1,1,1,1,1,1,1,1,1
syn_f000318-3-Pre,1,1,1,1,1,1,1,1,1,1,1,1,1,1,1,1,1,1,1,1,1,1,1,1,1,1,1,1,1,1,1,1,1,1,1,1,1,1,1,1,1,1,1,1,1,1,1,1,1,1,1,1,1,1,1,1,1,1,1,1,1,1,1,1,1,1,1,1,1,1,1,1,1,1,1,1,1,1,1,1,1,1,1,1,1,1,1,1,1,1,1,1,1,1,1,1,1,1,1,1,1,1,1,1,1,1,1,1,1,1,1,1,1,1,1,1,1,1,1,1,1,1,1,1,1,1,1,1,1,1,1,10,23,30,36,40,45,47,50,53,56,58,59,61,63,65,67,69,70,71,72,73,74,75,75,75,77,78,78,78,79,79,79,79,79,79,79,79,79,79,80,80,80,81,80,81,82,82,83,83,83,84,84,83,82,80,78,76,76,75,75,75,74,72,72,71,70,70,69,67,67,67,67,66,66,66,66,66,65,64,63,62,60,59,57,55,53,54,53,53,53,53,53,55,56,57,57,58,59,60,61,62,62,62,63,67,71,82,100,160,167,174,179,183,187,194,200,206,211,217,220,224,227,230,233,238,242,247,252,256,263,271,277,285,292,292,291,291,290,287,285,276,275,211,207,203,196,189,180,161,123,119,115,112,105,102,102,102,102,103,103,103,103,103,104,104,103,103,103,102,102,102,102,101,100,100,100,98,98,98,99,98,99,99,98,99,99,99,99,99,99,100,100,100,100,100,100,100,100,100,100,99,99,100,99,99,99,98,98,97,96,96,96,95,95,95,95,95,94,94,94,94,93,93,91,92,92,93,95,97,97,99,99,101,101,102,103,103,104,106,106,108,108,109,110,111,112,113,113,113,115,115,116,117,117,118,118,119,119,120,120,120,120,121,121,121,121,121,121,121,121,122,122,122,122,122,122,122,122,122,121,121,120,120,120,120,119,119,119,117,117,117,116,115,114,114,113,111,111,110,108,107,106,104,103,100,98,97,97,96,95,94,93,92,91,90,89,88,87,87,88,87,87,87,87,87,87,87,87,88,88,88,88,89,88,88,88,88,88,88,89,89,89,89,89,89,88,88,88,88,89,89,89,87,87,87,87,86,85,85,85,85,83,83,82,82,82,80,80,79,79,79,77,77,77,75,75,75,74,73,73,73,71,71,70,69,69,68,68,66,66,65,65,64,62,61,61,60,59,59,57,56,56,55,55,54,53,53,52,51,51,51,51,50,51,51,51,51,51,51,51,51,51,51,52,51,52,51,52,52,53,52,53,52,52,51,52,51,51,50,51,50,50,50,50,49,49,49,49,49,50,50,51,50,50,51,51,51,51,52,52,52,52,52,52,52,52,52,52,52,52,51,51,51,51,51,51,49,49,49,49,49,47,47,47,47,47,45,45,45,44,44,43,42,42,42,41,41,41,40,40,40,39,39,39,39,38,39,39,39,38,38,38,38,39,38,39,39,40,40,41,42,43,44,46,48,50,56,61,65,66,67,67,69,72,75,77,78,78,77,77,77,76,41,43,45,47,49,52,56,58,63,65,67,69,71,72,75,79,78,77,76,74,73,70,64,58,52,45,39,32,27,1,1,1,1,1,1,1,1,1,1,1,1,1,1,1,1,1,1,1,1,1,1,1,1,1,1,1,1,1,1,1,1,1,1,1,1,1,1,1,1,1,1,1,1,1,1,1,1,1,1,1,1,1,1,1,1,1,1,1,1,1,1,1,1,1,1
syn_f000329-2-Pre,1,1,1,1,1,1,1,1,1,1,1,1,1,1,1,1,1,1,1,1,1,1,1,1,1,1,1,1,1,1,1,1,1,1,1,1,1,1,1,1,1,1,1,1,1,1,1,1,1,1,1,1,1,1,1,1,1,1,1,1,1,1,1,1,1,1,1,1,1,1,1,1,1,1,1,1,1,1,1,1,1,1,1,1,1,1,1,1,1,1,1,1,1,1,1,1,1,1,1,1,1,1,1,1,1,1,1,1,1,1,1,1,1,1,1,1,1,1,1,1,1,20,28,34,38,42,46,49,51,54,56,58,60,62,64,65,67,67,69,69,71,71,73,73,74,74,75,76,76,76,76,76,76,76,76,76,77,77,77,77,78,79,78,79,80,81,81,82,82,83,83,83,84,83,82,81,79,77,75,74,74,73,72,71,70,70,70,69,67,67,67,67,67,66,66,66,66,66,66,65,64,62,60,59,58,57,57,56,56,55,56,56,56,56,57,56,57,57,57,57,57,57,57,58,58,58,58,59,60,162,169,174,180,186,198,209,215,219,223,228,234,243,249,262,271,286,286,286,287,285,284,281,279,272,271,269,250,208,204,201,197,194,190,186,181,173,164,158,152,103,99,98,99,99,100,102,102,103,103,103,104,103,103,104,104,104,104,104,104,104,104,104,103,102,102,103,102,102,102,102,102,102,101,101,101,100,100,99,99,98,98,98,98,98,99,98,98,98,98,99,99,98,98,98,99,99,98,98,99,99,98,99,99,99,98,99,99,98,99,98,98,98,97,98,98,97,97,97,96,96,96,95,95,95,94,94,93,93,93,93,93,93,94,94,95,96,96,97,97,99,100,100,102,102,103,104,105,106,106,108,108,109,109,110,110,110,111,111,111,112,112,112,112,113,113,113,114,114,113,113,114,114,114,114,113,113,113,113,113,113,112,113,113,112,112,112,112,110,110,109,109,109,108,108,108,107,107,105,105,104,104,103,101,101,100,97,96,96,95,95,94,94,94,94,94,93,93,92,91,91,90,89,90,89,87,85,85,85,84,84,83,83,82,81,81,80,80,80,80,81,80,80,81,80,80,80,79,79,79,79,78,78,78,78,78,77,77,77,77,76,76,76,76,75,74,74,74,73,73,73,73,71,71,71,71,70,70,70,68,68,68,68,67,66,65,65,65,64,64,63,62,62,61,61,60,59,59,58,58,57,57,57,56,55,55,55,55,55,55,55,56,55,56,56,57,57,57,57,58,58,59,58,59,59,59,59,59,58,57,58,57,58,57,57,57,56,57,56,55,56,55,54,54,54,53,53,52,52,52,51,51,51,51,51,51,51,50,50,50,50,50,50,50,50,50,50,50,50,50,50,50,50,50,49,49,49,49,49,49,49,49,48,48,48,48,47,47,47,46,45,45,45,45,44,43,43,43,43,41,41,41,40,40,39,39,38,38,38,38,38,37,38,38,38,39,38,38,39,40,41,42,42,43,45,47,49,51,53,56,58,60,62,68,73,75,76,78,78,80,81,83,84,85,86,87,87,87,88,88,87,80,53,56,58,62,66,70,73,76,79,85,86,88,89,91,92,92,93,91,89,88,86,83,75,63,57,52,49,41,40,26,1,1,1,1,1,1,1,1,1,1,1,1,1,1,1,1,1,1,1,1,1,1,1,1,1,1,1,1,1,1,1,1,1,1,1,1,1,1,1,1,1,1,1,1,1,1,1,1,1,1,1,1,1,1,1,1,1
syn_f000337-3-Pre,1,1,1,1,1,1,1,1,1,1,1,1,1,1,1,1,1,1,1,1,1,1,1,1,1,1,1,1,1,1,1,1,1,1,1,1,1,1,1,1,1,1,1,1,1,1,1,1,1,1,1,1,1,1,1,1,1,1,1,1,1,1,1,1,1,1,1,1,1,1,1,1,1,1,1,1,1,1,1,1,1,1,1,1,1,1,1,1,1,1,1,1,1,1,1,1,1,1,1,1,1,1,1,1,1,1,1,1,1,1,1,1,1,1,1,1,1,1,1,1,1,1,1,1,1,1,1,1,1,1,1,1,1,1,1,1,1,1,1,1,1,1,1,1,1,1,1,1,1,1,1,1,1,1,1,1,1,9,24,30,35,39,44,47,50,52,54,56,58,60,62,63,65,66,67,68,69,71,71,72,72,74,74,74,74,75,75,75,75,75,75,75,75,75,75,75,74,74,75,75,75,76,76,77,77,77,76,76,74,73,70,68,68,68,67,66,66,64,65,64,64,63,62,62,62,62,63,63,63,63,63,62,61,59,56,53,50,49,49,48,47,48,48,49,49,50,51,51,52,51,52,53,52,52,53,52,56,92,138,145,149,154,157,163,170,176,183,190,194,197,201,206,213,219,226,235,242,253,254,254,254,253,251,249,246,239,237,178,176,172,169,165,160,83,84,85,85,86,86,87,87,88,88,88,88,88,89,88,88,88,88,87,87,88,88,87,87,87,87,86,86,86,84,84,84,83,82,81,80,78,78,77,76,76,76,76,75,75,75,75,74,74,73,73,73,71,71,70,69,68,67,67,67,66,66,66,66,66,66,66,67,66,66,66,66,67,67,67,67,67,69,69,70,70,71,71,72,72,73,73,73,75,75,75,76,76,76,77,77,78,78,79,80,80,80,81,82,82,83,84,84,84,84,86,86,86,86,86,86,86,86,87,87,87,87,87,86,86,86,85,85,85,84,84,83,83,82,82,81,81,80,80,79,79,78,79,78,78,78,78,78,78,78,77,76,76,75,74,75,74,74,73,73,73,72,72,72,72,72,72,72,72,72,72,72,72,72,72,72,72,72,72,72,72,72,72,72,72,72,72,72,72,71,71,71,70,69,69,69,69,69,68,68,67,66,66,66,65,65,65,63,63,63,63,62,61,61,61,60,59,58,58,58,56,56,55,55,54,53,53,51,51,50,49,49,48,48,47,48,47,48,48,49,48,49,50,50,51,51,52,53,53,53,53,54,53,54,54,54,53,54,53,52,52,51,51,51,50,49,49,49,47,47,46,45,45,45,45,45,44,45,45,45,46,46,46,47,47,47,47,47,47,47,47,47,47,47,47,47,46,46,46,46,46,46,46,45,44,44,44,44,42,42,42,41,41,40,40,40,39,39,39,39,38,38,39,38,38,38,38,39,38,39,40,39,40,41,43,44,45,47,49,51,51,54,59,62,64,65,68,72,74,77,79,79,78,79,79,39,41,44,46,49,52,57,61,65,69,73,79,81,81,81,80,79,78,78,79,77,75,66,52,44,36,33,29,1,1,1,1,1,1,1,1,1,1,1,1,1,1,1,1,1,1,1,1,1,1,1,1,1,1,1,1,1,1,1,1,1,1,1,1,1,1,1,1,1,1,1,1,1,1,1,1,1,1,1,1,1,1,1,1,1,1,1,1,1,1,1,1,1,1,1,1,1,1,1,1,1,1,1,1,1,1,1,1,1,1,1,1,1,1,1,1,1,1,1,1
syn_f000343-2-Pre,1,1,1,1,1,1,1,1,1,1,1,1,1,1,1,1,1,1,1,1,1,1,1,1,1,1,1,1,1,1,1,1,1,1,1,1,1,1,1,1,1,1,1,1,1,1,1,1,1,1,1,1,1,1,1,1,1,1,1,1,1,1,1,1,1,1,1,1,1,1,1,1,1,1,1,1,1,1,1,1,1,1,1,1,1,1,1,1,1,1,1,1,1,1,1,1,1,1,1,1,1,1,1,1,1,1,1,1,1,1,1,1,1,1,1,1,1,1,1,1,1,1,1,1,1,1,1,1,1,1,1,1,1,1,1,1,1,1,1,16,25,32,36,40,44,48,51,53,55,57,58,61,62,65,65,67,68,69,70,70,72,72,73,73,74,74,74,74,74,74,75,75,75,76,76,76,75,75,75,76,76,76,77,78,79,79,80,79,80,79,79,77,76,74,72,71,71,71,70,70,69,67,67,68,67,67,66,65,65,64,64,64,64,64,64,63,62,61,59,56,51,50,50,49,49,49,48,49,48,48,49,48,48,49,50,50,161,169,183,202,209,222,232,252,267,268,268,267,267,265,263,261,254,253,252,236,233,193,189,187,183,178,173,168,163,158,149,99,93,88,83,79,79,79,80,80,81,81,82,82,81,81,82,82,82,82,82,83,83,83,82,82,82,82,82,82,81,81,81,80,80,80,79,78,78,77,77,76,76,75,74,74,74,74,74,73,74,74,74,75,75,75,75,76,76,75,75,75,75,76,76,75,75,75,75,75,74,74,74,74,74,74,74,74,74,74,73,73,72,72,72,72,72,71,71,71,70,70,70,69,69,69,69,69,70,70,70,70,71,71,71,72,73,74,74,75,75,76,77,78,78,79,79,80,81,82,81,81,82,82,82,83,83,83,84,83,83,83,83,84,84,83,83,83,84,84,84,84,83,83,83,83,82,83,83,82,82,81,80,80,80,80,80,80,79,80,80,80,79,79,79,80,79,79,79,78,78,78,77,77,76,76,75,74,73,73,73,72,72,71,71,71,71,71,71,69,69,69,69,69,69,69,69,68,68,68,68,68,67,67,67,67,67,66,66,66,66,65,65,65,65,65,64,64,64,63,63,62,62,62,62,62,60,60,60,60,60,59,58,58,58,57,56,56,56,55,55,54,54,53,53,52,51,51,50,50,50,48,48,48,48,47,46,46,45,45,45,45,45,45,45,45,45,46,46,47,47,48,48,49,50,50,50,50,50,51,51,51,51,51,51,51,51,51,51,52,51,51,50,51,50,50,50,49,49,48,49,49,49,49,49,49,48,48,48,48,48,48,48,48,48,47,47,47,47,47,47,47,47,47,46,46,46,46,46,46,46,46,46,46,46,44,44,44,44,44,44,43,42,42,42,42,41,40,40,40,39,39,39,38,37,37,37,37,36,36,36,35,35,34,34,34,34,34,33,34,34,34,35,36,37,39,41,43,46,48,50,53,55,57,60,62,63,66,70,73,75,77,81,81,81,81,81,80,81,78,62,56,60,63,67,71,74,77,80,83,84,84,84,83,81,81,80,78,72,58,51,45,40,37,33,1,1,1,1,1,1,1,1,1,1,1,1,1,1,1,1,1,1,1,1,1,1,1,1,1,1,1,1,1,1,1,1,1,1,1,1,1,1,1,1,1,1,1,1,1,1,1,1,1,1,1,1,1,1,1,1,1,1,1,1,1,1,1,1,1,1,1,1,1,1,1,1,1,1,1,1,1
syn_f000345-2-Pre,1,1,1,1,1,1,1,1,1,1,1,1,1,1,1,1,1,1,1,1,1,1,1,1,1,1,1,1,1,1,1,1,1,1,1,1,1,1,1,1,1,1,1,1,1,1,1,1,1,1,1,1,1,1,1,1,1,1,1,1,1,1,1,1,1,1,1,1,1,1,1,1,1,1,1,1,1,1,1,1,1,1,1,1,1,1,1,1,1,1,1,1,1,1,1,1,1,1,1,1,1,1,1,1,1,1,1,1,1,1,1,1,1,1,1,1,1,1,1,1,1,1,1,1,1,1,1,1,1,1,1,1,1,1,16,24,30,35,39,43,45,48,50,52,54,56,57,59,60,62,63,64,65,66,66,68,68,69,69,70,70,70,70,70,70,71,71,71,71,71,72,73,72,73,74,75,75,75,76,77,76,76,75,74,72,71,69,67,67,66,65,64,64,62,62,62,61,60,60,58,58,58,58,58,58,58,57,56,56,55,52,48,46,46,46,46,46,46,47,46,47,46,47,47,47,48,47,48,49,49,49,49,50,52,56,62,69,78,84,90,99,109,126,136,143,149,154,159,164,168,173,177,181,187,192,197,201,206,209,211,213,215,219,222,225,229,233,236,239,245,251,255,261,269,270,270,270,268,266,263,83,84,83,83,84,84,84,84,85,85,84,84,84,84,84,83,82,82,82,81,81,80,79,79,77,76,76,74,72,70,70,70,70,69,69,69,68,68,68,67,67,67,66,66,66,65,65,65,64,64,64,63,63,63,62,61,61,61,61,61,60,60,60,60,60,60,59,59,59,60,60,60,61,61,61,61,62,62,63,64,65,66,66,68,68,69,70,71,72,73,74,75,76,77,78,78,80,80,81,82,82,83,83,83,83,85,85,85,85,86,86,86,86,86,86,86,86,86,86,86,86,86,86,86,86,86,85,85,85,86,86,85,84,84,83,83,83,83,83,82,82,83,83,82,82,82,81,82,82,81,81,81,80,80,79,79,79,79,79,78,79,78,78,77,77,77,76,76,76,75,75,75,75,74,74,74,74,74,74,73,74,74,74,74,74,74,74,74,74,74,73,73,73,73,73,72,71,71,71,71,71,71,71,71,70,70,70,70,70,70,69,69,68,68,68,68,68,67,66,66,66,66,65,64,64,64,63,63,63,62,61,61,61,60,59,59,59,58,59,59,58,57,56,56,56,55,55,55,54,55,55,54,54,54,54,54,55,55,55,55,56,55,56,55,55,54,54,54,54,54,53,53,53,53,53,52,52,52,51,52,51,50,51,51,51,50,51,51,51,51,51,51,51,51,51,52,52,52,52,52,52,52,51,51,50,50,50,51,51,51,51,50,51,51,51,51,51,50,50,50,50,50,50,49,49,49,49,49,48,48,47,47,47,47,47,46,46,46,45,45,45,43,43,43,43,43,42,42,41,40,40,40,40,40,39,39,39,40,39,39,40,41,42,42,43,45,46,47,49,51,53,54,54,56,59,63,66,69,71,73,75,78,78,78,78,78,80,80,80,80,80,79,51,53,55,58,61,63,66,69,72,75,79,81,83,85,87,87,86,85,81,81,81,79,58,50,44,37,36,1,1,1,1,1,1,1,1,1,1,1,1,1,1,1,1,1,1,1,1,1,1,1,1,1,1,1,1,1,1,1,1,1,1,1,1,1,1,1,1,1,1,1,1,1,1,1,1,1,1,1,1,1,1,1,1,1,1,1,1,1,1,1,1,1,1,1,1,1
syn_f000346-2-Pre,1,1,1,1,1,1,1,1,1,1,1,1,1,1,1,1,1,1,1,1,1,1,1,1,1,1,1,1,1,1,1,1,1,1,1,1,1,1,1,1,1,1,1,1,1,1,1,1,1,1,1,1,1,1,1,1,1,1,1,1,1,1,1,1,1,1,1,1,1,1,1,1,1,1,1,1,1,1,1,1,1,1,1,1,1,1,1,1,1,1,1,1,1,1,1,1,1,1,1,1,1,1,1,1,1,1,1,1,1,1,1,1,1,1,1,1,1,1,1,1,1,1,1,1,1,1,1,1,1,1,1,1,1,1,1,1,1,1,1,16,24,31,35,40,44,46,49,52,54,56,58,60,61,63,64,65,66,67,69,69,70,70,72,72,72,72,72,72,72,72,72,73,73,74,74,74,75,75,75,76,77,77,78,78,79,80,80,80,81,80,80,78,77,74,72,72,71,70,69,69,67,66,67,65,64,64,64,64,64,64,64,64,64,64,63,62,61,60,57,54,51,50,49,49,49,49,49,49,49,49,50,50,51,51,52,52,155,164,173,182,187,190,194,199,206,213,222,237,248,263,263,263,263,262,260,259,257,249,248,247,229,223,191,188,186,184,180,177,174,170,165,160,152,146,118,112,106,102,99,99,99,100,101,101,102,102,103,103,103,104,104,104,104,104,104,105,104,104,105,105,105,105,105,105,105,105,105,104,103,103,102,102,101,100,98,97,97,96,96,96,96,96,96,95,95,94,94,94,93,93,93,93,93,93,93,92,92,92,91,92,92,92,91,91,91,91,90,90,90,90,90,89,88,88,88,88,88,86,86,85,85,85,84,85,84,84,85,85,86,87,88,88,89,90,90,92,92,94,95,95,97,97,98,99,100,100,101,102,103,103,104,104,104,106,106,107,107,107,107,106,107,107,107,108,108,108,108,109,108,108,108,108,107,107,107,106,106,106,105,105,104,104,103,103,102,102,101,99,98,98,97,94,94,94,94,94,93,94,94,93,93,93,93,93,92,92,91,91,90,90,89,88,87,87,86,86,85,84,84,83,83,83,83,82,82,81,81,81,81,81,81,81,80,80,80,80,80,79,79,79,79,79,78,78,78,77,77,76,76,76,76,76,74,74,74,74,74,72,72,72,72,72,70,70,70,70,69,68,67,67,67,66,65,64,64,64,63,63,62,62,60,60,59,59,58,58,58,57,56,56,55,55,54,55,55,54,55,55,55,55,55,55,55,55,54,55,55,54,54,54,54,54,54,54,54,54,53,53,53,53,52,51,52,51,51,50,50,50,49,50,50,50,50,50,50,50,50,50,50,50,50,50,50,50,50,50,50,50,51,51,50,50,50,50,50,50,49,49,49,49,48,47,47,47,47,47,45,45,45,44,44,43,43,42,42,41,41,41,40,40,40,40,39,39,39,39,38,38,38,38,37,37,37,38,39,39,40,41,42,44,44,46,47,49,51,53,54,55,63,67,68,70,72,73,74,76,75,75,75,76,75,76,76,76,64,48,50,51,53,56,58,61,65,67,70,73,76,77,78,80,81,82,83,82,78,78,77,70,54,48,44,39,34,26,1,1,1,1,1,1,1,1,1,1,1,1,1,1,1,1,1,1,1,1,1,1,1,1,1,1,1,1,1,1,1,1,1,1,1,1,1,1,1,1,1,1,1,1,1,1,1,1,1,1,1,1,1,1,1,1,1,1,1,1,1,1,1,1,1,1,1,1,1,1,1,1,1,1
syn_f000379-2-Pre,1,1,1,1,1,1,1,1,1,1,1,1,1,1,1,1,1,1,1,1,1,1,1,1,1,1,1,1,1,1,1,1,1,1,1,1,1,1,1,1,1,1,1,1,1,1,1,1,1,1,1,1,1,1,1,1,1,1,1,1,1,1,1,1,1,1,1,1,1,1,1,1,1,1,1,1,1,1,1,1,1,1,1,1,1,1,1,1,1,1,1,1,1,1,1,1,1,1,1,1,1,1,1,1,1,1,1,1,1,1,1,1,18,26,33,37,42,44,47,50,53,56,57,59,61,62,64,66,67,68,69,70,71,71,73,73,74,74,75,75,75,75,75,75,75,76,77,77,77,78,78,78,78,79,80,80,81,82,83,82,83,84,84,83,83,81,80,77,74,73,72,71,70,70,69,67,67,66,65,65,64,63,63,63,63,63,63,63,63,63,62,62,61,60,58,58,56,56,55,55,54,54,53,54,55,55,55,56,56,189,203,217,223,232,243,257,268,307,309,309,308,308,307,306,304,302,299,293,293,292,286,272,270,260,223,219,216,213,208,204,200,196,192,187,182,178,173,168,164,156,148,123,119,114,110,106,100,98,98,99,100,100,101,101,101,101,101,102,102,102,102,102,101,101,102,102,102,102,102,102,102,102,102,101,101,101,100,100,99,98,98,97,97,95,95,95,94,93,93,93,93,93,92,92,93,93,94,94,93,94,94,94,94,93,94,94,94,94,93,93,93,92,92,91,91,91,90,90,90,89,89,89,88,88,88,86,86,86,85,85,85,85,85,86,86,86,86,88,89,90,91,93,93,95,96,97,98,99,100,100,102,103,103,105,105,106,106,106,107,108,109,109,109,108,109,109,109,109,110,110,109,109,109,109,108,109,109,108,108,108,107,107,107,106,107,107,106,106,105,105,104,104,103,102,102,101,99,99,98,97,96,95,95,94,94,95,95,94,94,93,93,94,93,93,92,92,91,91,91,90,89,88,88,87,87,86,85,84,84,83,83,82,82,82,81,81,81,81,81,81,81,81,81,81,81,81,80,79,79,79,79,79,79,79,79,79,78,78,78,78,78,78,77,77,77,78,77,76,76,76,76,75,75,75,75,74,74,74,74,73,73,73,72,72,72,72,70,70,70,69,69,68,68,66,66,66,65,65,64,63,62,61,61,60,60,58,58,57,57,57,56,56,56,54,54,54,53,53,53,53,53,53,53,54,54,55,54,54,55,55,56,56,57,57,56,57,56,56,57,56,57,56,56,56,56,56,55,55,55,55,55,54,55,54,53,53,52,53,52,51,50,50,50,50,50,50,49,49,49,49,49,50,49,49,49,49,50,50,50,50,50,51,51,51,51,51,50,50,50,50,50,50,50,50,50,49,49,49,48,48,48,48,47,47,46,46,46,45,45,44,44,44,43,42,42,42,41,40,40,40,39,39,39,39,38,38,38,38,37,37,37,37,37,36,36,36,36,36,36,35,35,36,36,37,37,38,39,40,41,43,46,48,49,52,54,55,57,60,61,63,65,69,74,76,79,82,84,86,88,89,90,90,90,89,90,90,90,89,88,70,60,63,66,70,73,76,79,83,87,91,93,95,96,97,97,96,95,95,94,93,92,82,66,59,51,47,42,40,1,1,1,1,1,1,1,1,1,1,1,1,1,1,1,1,1,1,1,1,1,1,1,1,1,1,1,1,1,1,1,1,1,1,1,1,1,1,1,1,1,1,1,1,1,1,1,1,1,1
syn_f000382-2-Pre,1,1,1,1,1,1,1,1,1,1,1,1,1,1,1,1,1,1,1,1,1,1,1,1,1,1,1,1,1,1,1,1,1,1,1,1,1,1,1,1,1,1,1,1,1,1,1,1,1,1,1,1,1,1,1,1,1,1,1,1,1,1,1,1,1,1,1,1,1,1,1,1,1,1,1,1,1,1,1,1,1,1,1,1,1,1,1,1,1,1,1,1,1,1,1,1,1,1,1,1,1,1,1,1,1,1,1,1,1,1,1,1,1,1,1,1,1,1,1,1,1,1,16,25,33,38,41,45,48,51,54,57,59,61,63,64,66,68,69,70,71,72,74,74,75,75,77,77,77,78,78,78,78,79,80,80,80,80,80,80,80,80,80,80,81,81,82,81,82,82,83,82,83,83,83,82,81,80,77,75,74,73,72,71,71,70,69,68,68,67,67,67,66,65,64,63,64,64,64,64,63,63,62,62,61,60,46,46,46,46,45,45,44,45,45,45,46,46,46,47,47,47,48,48,49,50,50,50,50,51,52,55,59,62,68,74,146,155,161,165,169,175,179,184,190,195,199,205,211,215,218,222,224,227,231,236,241,247,251,258,264,269,274,283,284,284,284,282,280,277,267,185,90,89,89,89,89,90,90,89,89,89,89,89,89,88,88,88,88,86,86,86,85,85,85,84,83,81,80,80,79,78,78,78,78,78,77,78,78,78,78,78,77,77,77,77,77,77,77,77,76,76,77,76,76,76,75,75,75,74,75,75,75,74,74,74,74,74,74,73,73,73,73,73,73,73,72,71,72,72,72,72,73,73,73,75,74,75,76,77,77,79,80,81,81,82,83,85,85,86,87,87,88,90,90,90,90,91,91,92,92,92,92,92,93,93,93,93,93,93,93,93,93,93,93,93,93,94,93,93,93,93,93,92,92,93,92,91,92,91,90,91,89,89,88,88,88,88,88,88,87,87,87,87,86,86,86,85,85,85,84,84,84,83,83,82,82,81,81,80,80,79,79,78,78,77,76,76,75,75,75,74,74,74,73,73,73,73,73,73,73,73,73,72,72,72,72,72,72,73,73,72,72,72,72,72,72,72,72,71,71,70,70,70,70,70,70,70,70,69,69,69,68,68,68,68,67,67,67,67,66,66,65,65,65,65,64,63,63,62,62,62,61,60,60,59,59,59,58,58,57,56,55,55,55,54,54,54,53,53,53,52,52,52,52,51,51,51,52,51,52,52,53,54,54,55,55,56,55,55,55,55,55,55,55,55,55,55,55,55,54,55,54,54,54,54,53,52,53,52,52,51,52,51,51,51,51,50,50,50,51,50,50,51,51,51,51,50,51,51,51,51,52,52,52,52,51,51,51,51,51,51,51,51,50,50,51,51,50,50,50,50,49,49,49,49,48,48,48,47,47,47,46,46,46,46,45,45,45,45,44,44,44,44,43,43,43,43,42,43,43,43,42,42,42,43,42,42,42,43,43,42,43,44,44,45,45,47,48,50,52,54,56,58,62,66,69,71,74,75,77,81,83,86,88,90,91,91,90,90,91,90,87,69,65,69,72,75,79,82,85,87,89,90,92,92,90,90,89,89,89,88,85,71,58,50,41,36,31,1,1,1,1,1,1,1,1,1,1,1,1,1,1,1,1,1,1,1,1,1,1,1,1,1,1,1,1,1,1,1,1,1,1,1,1,1,1,1,1,1,1,1,1,1,1,1,1,1,1,1,1,1,1,1,1,1,1,1
syn_f000389-1-Pre,1,1,1,1,1,1,1,1,1,1,1,1,1,1,1,1,1,1,1,1,1,1,1,1,1,1,1,1,1,1,1,1,1,1,1,1,1,1,1,1,1,1,1,1,1,1,1,1,1,1,1,1,1,1,1,1,1,1,1,1,1,1,1,1,1,1,1,1,1,1,1,1,1,1,1,1,1,1,1,1,1,1,1,1,1,1,1,1,1,1,1,1,1,1,1,1,1,1,1,1,1,1,1,1,1,1,1,1,1,1,1,1,1,1,1,1,1,1,1,1,1,1,1,1,1,1,1,1,1,1,1,1,1,16,25,31,36,40,43,46,49,51,53,55,57,59,60,62,63,64,66,66,67,68,68,69,70,70,70,70,70,71,71,71,72,72,72,72,73,72,72,73,74,74,74,75,76,76,76,77,75,75,74,72,70,68,67,66,65,65,64,63,62,62,61,61,60,59,59,60,60,60,60,60,60,59,58,58,55,50,46,45,45,45,45,46,45,46,46,46,46,47,46,46,47,47,46,47,47,47,48,49,49,49,51,52,52,55,59,62,68,75,87,102,139,145,150,155,160,164,169,173,179,184,190,196,202,206,209,213,216,221,226,231,235,240,247,253,258,264,272,272,272,271,270,267,264,79,80,80,81,81,82,82,83,83,84,84,84,84,84,84,84,84,84,84,84,84,84,83,83,83,82,82,81,80,79,79,78,78,78,78,78,78,78,78,79,79,79,80,80,80,81,81,80,80,80,80,81,80,80,80,80,80,80,79,79,79,79,79,79,78,78,78,78,78,78,77,77,77,78,78,78,78,77,77,77,77,77,77,77,78,78,79,80,80,80,82,82,82,82,82,83,84,84,85,85,86,87,87,88,88,89,89,90,90,90,91,91,92,92,92,93,93,93,93,93,93,93,93,94,94,94,94,93,94,94,94,94,93,93,93,93,92,92,92,91,90,90,89,88,87,87,86,85,84,85,85,85,85,84,84,85,85,84,84,84,85,84,84,84,83,83,83,82,82,82,81,81,80,80,79,79,78,78,76,76,75,75,74,74,74,74,74,74,73,72,72,72,72,72,71,71,70,70,69,69,69,69,68,68,68,68,67,67,67,66,66,66,66,66,66,65,65,65,65,65,65,63,63,63,63,63,62,62,62,62,62,61,61,61,61,61,59,59,59,59,58,58,58,58,57,57,56,56,55,55,55,54,54,54,53,53,53,52,52,52,52,52,52,53,53,53,53,54,53,53,53,53,53,53,53,52,53,52,51,52,51,51,51,50,50,50,49,48,48,48,47,47,46,47,46,46,46,46,46,45,45,45,45,45,45,46,46,45,45,45,46,46,46,45,46,46,46,46,46,45,45,45,45,45,45,45,44,44,44,44,44,44,43,42,42,42,42,42,42,41,41,40,40,40,40,39,39,39,39,38,38,38,39,38,38,38,38,37,38,38,38,37,38,38,38,38,38,39,40,41,41,43,44,46,48,50,52,55,57,60,62,67,69,72,73,76,78,80,83,84,84,84,84,83,81,52,55,58,62,67,71,73,76,79,81,82,83,84,86,87,86,85,83,82,79,71,61,54,48,39,22,1,1,1,1,1,1,1,1,1,1,1,1,1,1,1,1,1,1,1,1,1,1,1,1,1,1,1,1,1,1,1,1,1,1,1,1,1,1,1,1,1,1,1,1,1,1,1,1,1,1,1,1,1,1,1,1,1,1,1,1,1,1,1,1,1,1,1,1,1,1
syn_f000389-2-Pre,1,1,1,1,1,1,1,1,1,1,1,1,1,1,1,1,1,1,1,1,1,1,1,1,1,1,1,1,1,1,1,1,1,1,1,1,1,1,1,1,1,1,1,1,1,1,1,1,1,1,1,1,1,1,1,1,1,1,1,1,1,1,1,1,1,1,1,1,1,1,1,1,1,1,1,1,1,1,1,1,1,1,1,1,1,1,1,1,1,1,1,1,1,1,1,1,1,1,1,1,1,1,1,1,1,1,1,1,1,1,1,1,1,1,1,1,1,1,1,1,1,1,1,1,1,1,1,1,1,1,1,1,1,16,25,31,35,40,43,46,49,51,53,55,57,59,61,62,63,64,65,66,67,68,68,70,70,70,70,70,70,71,71,71,71,71,71,72,72,72,73,73,73,74,74,75,75,76,76,76,76,75,74,72,70,68,67,66,66,65,64,63,62,61,61,61,61,60,60,60,60,60,60,60,61,60,59,58,56,51,47,46,46,46,47,46,47,46,47,47,47,47,48,48,47,47,48,48,49,49,49,49,51,51,53,152,159,164,174,182,191,201,206,210,215,223,231,240,253,270,271,271,270,269,268,265,263,257,254,252,235,189,184,179,174,168,161,152,140,95,88,81,77,78,78,79,79,80,80,81,81,82,82,83,83,82,83,83,84,84,84,84,84,85,85,85,84,84,84,84,84,83,83,82,81,81,79,79,79,78,78,78,78,78,79,78,79,79,79,80,80,80,80,80,79,79,79,79,79,78,78,78,78,78,77,77,77,76,76,75,75,75,75,75,75,74,74,75,75,75,75,75,75,74,74,74,74,75,74,75,75,75,76,76,77,78,79,79,80,80,80,82,82,83,83,85,85,86,87,88,88,89,89,90,91,91,92,92,92,93,93,93,93,94,94,94,94,95,95,95,95,95,95,94,95,95,95,95,95,95,94,94,94,93,92,92,91,91,90,90,88,88,87,86,85,85,85,86,85,85,85,84,84,84,85,84,84,83,84,84,83,83,83,82,82,81,81,80,80,80,79,79,78,78,76,76,76,75,75,75,75,75,75,75,75,75,75,75,74,74,74,74,73,73,73,73,72,72,71,71,71,71,71,71,71,70,69,69,69,69,69,69,69,68,67,67,67,67,67,67,66,65,65,65,65,65,64,64,63,63,63,62,62,62,62,60,60,60,59,59,59,59,58,58,57,56,56,55,55,55,54,54,54,53,53,53,52,52,53,52,53,53,54,53,54,54,54,54,54,53,54,53,54,53,53,53,53,52,53,52,52,52,51,51,51,50,49,49,49,49,48,48,48,48,48,48,48,48,48,48,47,47,47,47,47,48,48,48,47,48,48,48,48,48,48,48,48,48,48,48,48,47,47,47,47,47,47,47,45,45,45,45,45,45,43,43,43,43,43,42,42,42,40,41,41,40,40,40,39,39,39,39,39,39,39,38,38,39,38,38,38,39,39,39,40,40,41,41,43,45,46,48,50,53,55,58,60,62,67,70,71,74,76,78,80,83,83,85,84,84,84,80,51,55,59,62,67,71,74,76,79,81,82,83,85,86,87,86,85,84,81,78,70,61,54,49,39,22,1,1,1,1,1,1,1,1,1,1,1,1,1,1,1,1,1,1,1,1,1,1,1,1,1,1,1,1,1,1,1,1,1,1,1,1,1,1,1,1,1,1,1,1,1,1,1,1,1,1,1,1,1,1,1,1,1,1,1,1,1,1,1,1,1,1,1,1,1,1
syn_f000398-0-Pre,1,1,1,1,1,1,1,1,1,1,1,1,1,1,1,1,1,1,1,1,1,1,1,1,1,1,1,1,1,1,1,1,1,1,1,1,1,1,1,1,1,1,1,1,1,1,1,1,1,1,1,1,1,1,1,1,1,1,1,1,1,1,1,1,1,1,1,1,1,1,1,1,1,1,1,1,1,1,1,1,1,1,1,1,1,1,1,1,1,1,1,1,1,1,1,1,1,1,1,1,1,1,1,1,1,1,1,1,1,1,1,1,1,1,1,1,1,1,1,1,1,1,1,1,1,22,27,31,36,40,44,47,50,53,55,57,59,61,63,65,66,68,68,70,70,71,72,73,74,74,75,76,76,76,76,76,76,76,76,77,77,77,76,77,77,77,77,78,78,79,79,80,81,81,81,80,79,78,76,75,73,71,71,71,70,69,68,67,66,65,65,64,63,63,61,61,61,60,60,60,60,60,59,58,58,57,56,55,54,53,52,52,51,51,51,52,51,52,52,52,53,54,71,80,85,170,178,190,221,230,236,245,256,264,280,291,304,304,304,303,303,301,298,297,290,287,287,284,265,215,211,206,201,198,194,189,183,177,172,168,162,154,147,141,132,122,117,113,108,103,101,102,103,103,104,105,106,106,107,107,108,109,108,109,109,110,110,111,111,112,112,112,112,112,112,111,111,111,111,110,109,109,109,107,106,104,102,101,100,101,101,102,102,102,103,103,103,103,103,103,104,103,104,103,104,103,102,102,102,102,102,102,102,103,103,104,103,103,104,104,104,105,105,105,105,106,106,108,108,109,108,109,109,110,109,110,110,111,112,112,113,114,114,115,116,116,117,118,119,119,119,119,121,121,121,122,122,121,121,122,122,122,122,121,121,122,121,121,120,120,120,120,120,119,119,118,118,117,117,116,116,116,114,115,114,114,113,112,112,111,110,108,108,107,106,106,104,103,101,101,101,100,100,100,100,100,100,99,99,98,98,99,99,98,98,98,98,97,97,96,96,96,95,95,94,94,93,92,92,90,90,89,89,88,88,87,86,86,85,85,85,85,83,83,83,82,82,81,81,80,79,79,79,78,77,77,77,76,76,76,75,75,75,74,74,74,73,73,73,72,72,72,71,71,71,70,70,69,69,69,67,67,67,66,66,66,65,65,65,63,63,62,62,62,61,61,60,59,59,58,58,58,57,57,57,56,56,56,56,55,55,55,55,54,54,55,54,54,54,54,54,54,54,53,52,53,52,52,52,52,52,51,52,51,51,51,51,50,50,50,49,49,48,48,48,48,48,48,48,48,48,48,48,48,48,48,48,48,49,49,49,49,48,48,48,48,48,49,49,49,49,49,49,49,49,49,49,49,49,49,49,48,48,48,48,48,48,48,47,47,47,47,47,47,47,46,46,46,46,46,45,45,45,45,45,45,44,44,44,44,44,44,43,43,43,43,43,43,43,43,43,42,42,42,42,42,42,42,42,42,42,42,44,46,48,50,52,54,56,68,72,73,74,76,78,79,81,82,82,82,82,81,82,82,82,82,81,48,49,52,55,57,61,64,67,70,73,75,78,81,83,84,85,88,88,88,87,85,84,79,70,61,55,51,44,37,26,1,1,1,1,1,1,1,1,1,1,1,1,1,1,1,1,1,1,1,1,1,1,1,1,1,1,1,1,1,1,1,1,1,1,1,1,1,1,1,1,1,1,1,1,1,1,1,1,1,1,1,1,1,1,1,1,1,1,1,1,1
syn_f000402-3-Pre,1,1,1,1,1,1,1,1,1,1,1,1,1,1,1,1,1,1,1,1,1,1,1,1,1,1,1,1,1,1,1,1,1,1,1,1,1,1,1,1,1,1,1,1,1,1,1,1,1,1,1,1,1,1,1,1,1,1,1,1,1,1,1,1,1,1,1,1,1,1,1,1,1,1,1,1,1,1,1,1,1,1,1,1,1,1,1,1,1,1,1,1,1,1,1,1,1,1,1,1,1,1,1,1,1,1,1,1,1,1,1,1,1,1,1,1,1,1,1,1,1,1,1,1,1,1,1,1,1,1,21,28,34,39,43,46,49,52,55,57,59,61,63,65,66,68,69,70,70,72,73,74,74,75,76,77,77,77,77,77,77,77,77,78,78,78,78,78,79,79,80,81,81,81,82,83,84,85,84,85,85,83,83,81,80,78,77,76,75,76,75,74,72,72,71,71,70,70,69,68,68,67,66,66,66,67,67,67,66,65,64,63,62,58,55,53,51,50,50,49,49,49,49,48,49,49,49,50,49,50,51,55,165,171,178,186,195,203,208,214,219,225,234,243,257,267,282,282,282,282,281,279,276,275,267,267,265,247,241,203,198,194,190,186,181,177,172,165,154,147,137,107,102,97,94,95,97,97,98,98,99,99,101,101,101,101,101,102,102,102,102,102,102,102,102,102,102,101,101,101,101,101,101,100,100,99,98,97,97,96,95,94,93,93,92,92,92,91,91,91,92,92,91,91,91,92,91,91,91,91,90,90,90,90,88,88,88,88,87,86,86,86,85,84,84,83,83,82,83,82,82,80,80,79,80,79,79,79,79,81,83,85,86,88,90,91,93,94,96,97,99,100,101,103,104,105,106,106,108,108,108,109,109,110,111,111,111,110,110,111,111,111,111,111,112,111,111,111,111,110,110,110,110,109,109,110,109,108,108,108,107,107,106,106,104,104,104,103,101,101,100,99,99,99,98,98,97,97,96,96,95,95,94,94,93,92,92,91,91,90,90,89,88,88,87,86,85,84,83,83,82,82,81,81,81,81,81,81,81,81,81,81,81,81,81,81,81,81,82,81,81,81,81,81,81,81,80,80,80,80,80,79,79,79,79,78,77,77,77,77,75,75,75,75,73,73,73,72,71,71,71,69,69,69,67,67,66,65,64,64,62,62,61,61,59,59,58,58,57,55,55,54,54,54,53,53,52,52,52,51,51,51,50,51,51,52,51,52,52,52,52,53,52,53,53,53,53,53,53,53,53,53,53,53,54,53,53,53,53,52,53,52,52,51,51,51,51,50,49,49,49,49,49,49,49,49,48,48,48,49,49,49,50,50,50,50,51,51,51,51,51,52,52,52,51,51,51,51,51,51,51,51,50,50,50,49,49,49,49,49,47,47,47,47,46,45,45,45,44,44,43,42,42,41,41,40,39,39,39,38,38,38,38,37,37,37,38,37,37,38,38,38,38,39,40,40,41,43,44,45,49,51,54,56,58,61,63,68,73,74,76,78,82,83,84,84,85,85,86,85,85,85,84,82,50,52,55,59,63,66,70,73,76,80,83,84,86,88,89,89,89,87,86,85,83,80,69,58,51,44,41,27,1,1,1,1,1,1,1,1,1,1,1,1,1,1,1,1,1,1,1,1,1,1,1,1,1,1,1,1,1,1,1,1,1,1,1,1,1,1,1,1,1,1,1,1,1,1,1,1,1,1,1,1,1,1,1,1,1,1,1,1,1,1,1,1,1,1
syn_f000407-1-Pre,1,1,1,1,1,1,1,1,1,1,1,1,1,1,1,1,1,1,1,1,1,1,1,1,1,1,1,1,1,1,1,1,1,1,1,1,1,1,1,1,1,1,1,1,1,1,1,1,1,1,1,1,1,1,1,1,1,1,1,1,1,1,1,1,1,1,1,1,1,1,1,1,1,1,1,1,1,1,1,1,1,1,1,1,1,1,1,1,1,1,1,1,1,1,1,1,1,1,1,1,1,1,1,1,1,1,1,1,1,1,1,1,1,1,1,1,1,1,1,1,1,1,1,1,1,1,1,1,5,21,28,33,38,42,44,47,50,52,55,57,59,60,62,63,64,66,66,68,68,68,70,70,71,72,72,72,72,72,73,73,73,73,74,74,74,75,75,75,76,76,77,77,78,78,79,79,79,78,78,76,74,70,68,67,66,65,63,62,62,61,60,59,58,58,58,58,57,57,57,57,56,55,54,52,49,45,43,43,41,41,41,40,40,40,39,40,39,39,40,39,40,40,40,40,41,41,42,43,155,189,202,212,228,251,272,272,272,271,271,269,268,266,259,258,257,251,240,237,192,187,182,178,173,168,162,156,146,140,102,95,89,82,77,72,68,68,68,69,69,70,71,71,73,72,74,73,73,74,74,74,75,75,75,74,75,75,75,75,75,75,74,73,73,73,73,73,72,72,71,71,70,70,69,68,67,66,66,65,65,65,64,64,63,64,63,63,64,64,64,64,65,65,65,65,65,65,64,64,64,64,64,64,64,64,64,64,63,63,63,63,62,62,62,62,62,61,61,61,61,61,61,61,61,61,61,63,62,63,63,64,64,64,65,66,66,67,67,67,68,68,68,68,68,68,69,69,70,70,70,71,71,71,72,72,72,73,72,72,73,73,73,73,74,74,74,74,75,74,75,74,74,75,75,75,75,75,75,75,75,76,76,75,75,75,75,74,74,75,75,75,75,76,76,76,76,76,77,77,77,77,77,77,77,77,77,77,76,76,75,75,75,74,74,73,72,71,70,70,69,68,68,67,66,66,65,65,64,64,64,64,64,63,63,63,63,62,62,61,61,61,61,61,61,61,61,60,60,60,60,60,60,60,60,59,59,59,60,60,59,59,59,59,59,59,58,58,58,58,57,57,57,57,56,56,55,55,54,54,54,54,53,53,53,53,52,52,51,51,50,50,50,49,49,49,49,48,48,48,48,48,48,48,47,47,48,48,48,49,49,50,50,50,51,51,52,52,52,52,52,52,52,52,52,52,52,51,51,51,50,50,49,49,48,49,48,47,47,46,46,46,45,45,44,44,44,44,44,44,44,44,44,44,44,43,43,43,43,43,43,43,44,44,43,43,43,43,43,43,43,43,42,42,42,42,42,42,42,42,42,42,42,41,41,41,41,41,41,41,40,40,40,40,40,39,39,39,39,39,39,38,38,38,38,38,38,37,37,37,37,37,37,37,36,36,36,36,37,37,38,39,39,41,43,45,47,49,51,53,55,57,58,59,61,64,67,70,72,76,80,84,84,84,84,83,83,83,65,55,58,61,64,66,70,73,76,80,82,86,89,89,89,88,87,84,85,83,69,56,48,42,36,33,1,1,1,1,1,1,1,1,1,1,1,1,1,1,1,1,1,1,1,1,1,1,1,1,1,1,1,1,1,1,1,1,1,1,1,1,1,1,1,1,1,1,1,1,1,1,1,1,1,1,1,1,1,1,1,1,1,1,1,1,1,1,1,1,1,1
syn_f000409-3-Pre,1,1,1,1,1,1,1,1,1,1,1,1,1,1,1,1,1,1,1,1,1,1,1,1,1,1,1,1,1,1,1,1,1,1,1,1,1,1,1,1,1,1,1,1,1,1,1,1,1,1,1,1,1,1,1,1,1,1,1,1,1,1,1,1,1,1,1,1,1,1,1,1,1,1,1,1,1,1,1,1,1,1,1,1,1,1,1,1,1,1,1,1,1,1,1,1,1,1,1,1,1,1,1,1,1,1,1,1,1,1,1,1,1,1,1,1,1,1,1,1,1,1,1,1,1,1,1,1,1,1,10,23,31,35,39,43,46,49,52,53,55,58,60,62,64,65,66,67,68,69,70,71,71,73,73,73,73,73,74,74,74,74,74,74,74,75,74,75,75,76,76,76,77,78,79,79,79,80,80,81,80,80,79,79,77,75,73,73,72,72,72,71,70,69,68,69,69,68,67,66,66,66,66,65,65,65,64,63,63,61,57,53,51,51,51,51,51,52,51,52,52,53,53,176,198,208,217,227,241,263,284,284,283,284,283,281,279,278,271,270,269,266,251,248,238,210,207,205,202,200,196,192,188,185,180,175,168,160,154,147,132,115,107,101,97,92,88,89,90,90,92,92,92,93,93,93,94,94,94,94,94,94,94,94,94,93,93,93,93,92,91,91,91,90,90,89,89,89,90,90,90,89,89,90,90,90,90,90,90,90,90,89,89,89,88,88,87,87,87,87,86,86,85,84,84,84,84,82,82,82,81,81,81,80,79,78,79,79,78,78,78,77,77,77,76,77,77,76,76,77,77,77,77,79,80,82,84,85,85,87,88,90,90,91,93,94,95,96,97,97,98,99,99,100,101,101,102,102,102,103,103,103,105,105,105,105,105,106,106,106,106,106,106,105,105,105,105,105,105,105,105,104,103,103,103,103,102,102,101,100,100,99,99,97,97,98,97,97,98,97,97,96,95,96,95,94,94,93,92,91,90,90,89,88,87,86,86,87,87,86,86,86,86,86,86,86,86,86,86,86,87,87,87,87,87,88,88,88,87,87,87,87,87,87,87,87,86,86,86,86,86,84,84,84,84,84,84,83,82,82,82,81,81,81,81,80,79,79,79,78,77,77,77,77,75,75,75,74,73,73,72,72,70,70,69,69,68,67,66,66,65,65,64,63,62,62,61,61,60,60,59,59,59,58,58,57,57,58,57,58,58,58,58,59,58,58,59,58,59,59,58,58,58,58,58,58,58,58,58,58,58,58,58,58,57,57,56,57,57,57,56,56,57,57,57,57,57,57,57,57,57,57,57,57,57,57,56,56,56,57,57,57,57,57,57,57,57,57,57,57,56,56,56,56,56,54,54,54,54,54,54,54,53,53,52,52,52,52,50,50,50,50,49,49,48,47,47,47,46,46,46,44,44,44,43,43,43,42,41,41,40,40,40,40,39,39,39,38,37,37,37,38,37,38,39,39,40,41,43,46,47,49,53,55,58,60,63,68,71,73,76,79,81,83,84,84,84,82,82,83,83,82,46,49,51,53,56,60,64,67,72,74,77,80,82,85,88,91,90,90,89,87,85,83,77,67,61,53,46,42,40,35,1,1,1,1,1,1,1,1,1,1,1,1,1,1,1,1,1,1,1,1,1,1,1,1,1,1,1,1,1,1,1,1,1,1,1,1,1,1,1,1,1,1,1,1,1,1,1,1,1,1,1,1,1,1,1,1,1,1,1,1,1,1,1,1,1,1
syn_f000427-0-Pre,1,1,1,1,1,1,1,1,1,1,1,1,1,1,1,1,1,1,1,1,1,1,1,1,1,1,1,1,1,1,1,1,1,1,1,1,1,1,1,1,1,1,1,1,1,1,1,1,1,1,1,1,1,1,1,1,1,1,1,1,1,1,1,1,1,1,1,1,1,1,1,1,1,1,1,1,1,1,1,1,1,1,1,1,1,1,1,1,1,1,1,1,1,1,1,1,1,1,1,1,1,1,1,1,1,1,1,1,1,1,1,1,1,1,1,1,1,1,1,1,1,1,1,1,1,1,1,1,1,1,1,1,1,1,1,1,1,1,1,1,1,1,14,24,31,35,40,44,46,49,52,53,55,57,59,60,62,63,65,65,67,68,68,69,69,71,71,71,71,72,72,72,72,72,72,72,72,73,73,73,74,74,74,75,76,77,76,77,78,78,76,76,73,72,70,69,69,68,68,67,65,65,64,64,63,62,61,61,59,59,59,59,59,58,58,57,56,55,54,52,50,48,47,47,46,46,46,46,45,46,45,46,46,46,46,46,45,45,45,46,47,46,47,47,47,51,54,59,62,67,72,78,131,135,140,146,151,156,164,172,179,187,197,201,204,208,211,215,222,226,230,236,243,248,253,261,261,261,260,260,256,81,81,81,82,82,82,83,83,82,82,83,82,82,82,82,82,81,81,81,80,80,79,79,78,77,77,76,74,74,73,72,70,70,70,70,69,69,69,68,69,69,68,68,68,68,68,68,68,68,68,68,68,68,67,67,67,68,68,68,68,68,68,69,69,68,68,69,69,69,69,70,70,70,70,71,70,70,70,71,71,71,72,72,72,74,74,74,75,76,76,76,77,77,78,78,78,79,79,80,81,82,82,82,83,83,82,83,83,84,84,85,85,85,86,85,85,85,86,86,85,86,86,86,86,85,85,86,86,85,85,84,85,84,84,83,82,82,81,81,80,79,78,77,76,76,76,76,76,75,75,75,74,75,75,74,74,74,73,73,72,72,72,71,71,70,69,68,68,67,66,66,65,64,64,63,62,62,61,61,61,60,60,60,60,59,59,58,57,57,57,57,57,57,56,55,56,56,55,54,54,54,54,54,54,53,53,53,53,53,53,52,52,52,52,52,51,51,51,51,51,51,50,50,49,49,48,48,48,48,48,48,47,47,47,47,47,47,46,46,46,46,46,45,45,45,45,45,45,46,46,45,45,46,46,46,47,47,47,48,48,48,49,48,49,48,48,49,48,48,48,48,47,47,47,47,46,46,45,45,45,45,45,44,44,43,43,42,42,42,41,41,41,41,41,40,40,40,40,41,41,40,40,40,40,40,41,41,40,40,40,40,40,40,40,39,39,39,39,39,38,38,38,37,36,36,36,36,35,35,35,35,33,33,33,33,33,32,31,31,31,31,31,30,30,30,31,31,32,32,31,32,32,33,34,35,35,38,40,42,45,47,49,52,54,56,60,63,66,68,72,73,76,77,75,75,75,74,74,70,38,39,43,45,47,50,52,55,60,63,66,70,75,79,81,83,84,84,83,81,80,79,77,72,56,49,44,42,39,37,1,1,1,1,1,1,1,1,1,1,1,1,1,1,1,1,1,1,1,1,1,1,1,1,1,1,1,1,1,1,1,1,1,1,1,1,1,1,1,1,1,1,1,1,1,1,1,1,1,1,1,1,1,1,1,1,1,1,1,1,1,1,1,1,1,1,1,1,1,1,1,1,1,1,1,1,1,1
syn_f000432-3-Pre,1,1,1,1,1,1,1,1,1,1,1,1,1,1,1,1,1,1,1,1,1,1,1,1,1,1,1,1,1,1,1,1,1,1,1,1,1,1,1,1,1,1,1,1,1,1,1,1,1,1,1,1,1,1,1,1,1,1,1,1,1,1,1,1,1,1,1,1,1,1,1,1,1,1,1,1,1,1,1,1,1,1,1,1,1,1,1,1,1,1,1,1,1,1,1,1,1,1,1,1,1,1,1,1,1,1,1,1,1,1,1,1,1,1,1,1,1,1,1,1,20,27,34,38,43,47,50,53,55,57,59,61,63,65,67,70,70,72,72,74,75,76,76,78,78,79,79,80,80,80,80,80,80,81,81,81,81,81,81,81,81,82,82,82,83,84,85,84,85,86,86,84,84,82,81,79,77,77,76,76,75,74,73,73,72,72,71,70,70,69,69,69,69,69,69,70,70,69,67,67,65,63,60,59,57,55,55,54,54,54,54,54,55,56,56,57,58,58,59,60,61,61,62,63,63,64,65,72,82,90,96,102,107,113,119,163,170,175,179,184,187,191,195,199,205,209,213,216,219,222,224,227,231,233,237,240,244,248,253,257,261,267,272,277,281,291,293,293,292,291,289,286,283,199,190,176,117,114,114,115,115,116,116,116,116,116,117,117,117,116,115,115,115,115,115,114,113,113,113,113,111,111,110,110,108,107,107,107,107,107,108,107,107,107,107,106,106,106,105,105,105,104,102,102,101,101,100,99,99,98,97,97,97,97,96,96,96,96,96,95,95,95,95,94,94,94,94,94,94,94,94,94,92,92,92,92,92,93,94,95,96,97,98,100,102,103,105,106,107,109,110,111,113,114,114,115,116,118,119,119,119,120,120,120,122,122,122,122,121,121,121,121,122,122,122,123,123,123,122,122,122,122,121,121,121,120,120,119,119,119,118,117,116,116,115,114,114,113,112,111,110,109,110,110,110,109,109,108,108,108,107,107,106,105,105,105,104,103,102,102,101,100,99,99,98,95,94,94,93,93,94,94,94,94,94,93,93,93,93,93,94,94,94,95,95,95,96,96,95,95,95,95,95,95,95,94,94,94,94,94,93,93,92,92,91,91,91,91,91,90,89,89,88,88,88,87,86,86,86,84,84,84,83,82,82,81,81,80,79,79,78,77,76,76,75,75,73,73,72,72,70,70,69,69,68,68,67,66,65,64,63,63,62,61,61,60,60,59,59,59,59,60,59,60,60,60,61,61,61,60,60,59,59,58,57,58,57,58,57,58,58,58,58,57,56,56,56,55,55,54,54,55,54,54,54,54,54,54,54,54,54,54,55,55,56,56,56,56,56,57,57,56,56,57,57,57,57,57,56,56,56,56,57,57,56,56,56,56,56,55,54,54,54,54,54,53,52,52,52,52,51,50,50,50,50,48,48,48,47,47,47,45,45,45,44,44,44,43,42,42,41,41,42,42,41,41,42,42,41,42,43,43,43,44,45,47,49,49,52,54,56,58,61,64,67,71,73,74,76,79,81,82,82,82,83,84,85,86,85,85,86,50,52,53,57,60,63,66,69,72,75,77,80,82,84,84,86,88,87,86,84,82,81,76,67,60,55,51,45,39,37,31,1,1,1,1,1,1,1,1,1,1,1,1,1,1,1,1,1,1,1,1,1,1,1,1,1,1,1,1,1,1,1,1,1,1,1,1,1,1,1,1,1,1,1,1,1,1,1,1,1,1,1,1,1,1,1,1
syn_f000438-0-Pre,1,1,1,1,1,1,1,1,1,1,1,1,1,1,1,1,1,1,1,1,1,1,1,1,1,1,1,1,1,1,1,1,1,1,1,1,1,1,1,1,1,1,1,1,1,1,1,1,1,1,1,1,1,1,1,1,1,1,1,1,1,1,1,1,1,1,1,1,1,1,1,1,1,1,1,1,1,1,1,1,1,1,1,1,1,1,1,1,1,1,1,1,1,1,1,1,1,1,1,1,1,1,1,1,1,1,1,1,1,1,1,16,24,31,35,40,43,45,49,52,54,56,58,59,61,62,63,66,66,68,68,69,70,70,71,72,72,73,73,73,73,73,74,74,74,74,74,75,75,75,76,77,78,78,79,79,80,80,80,79,79,77,76,74,73,73,72,72,71,71,70,69,68,67,67,66,65,64,64,63,62,62,62,61,61,60,59,58,57,55,53,51,48,46,45,44,43,43,43,43,42,43,42,43,42,43,42,43,43,44,45,44,45,46,47,48,48,49,50,50,51,52,53,54,55,56,57,59,64,69,151,157,164,171,178,186,195,207,222,229,233,239,245,251,256,262,271,277,284,295,296,296,295,294,293,290,287,280,157,91,83,82,83,83,84,84,85,86,86,86,86,87,87,86,87,87,87,87,87,87,86,86,86,86,86,86,85,85,85,85,84,83,83,83,82,80,80,79,78,76,75,74,73,72,73,73,73,72,73,73,73,73,73,73,73,74,73,74,74,74,73,74,73,73,74,74,74,74,74,74,74,75,75,74,74,74,74,75,75,75,75,75,76,76,76,76,77,77,76,77,77,77,77,77,77,77,78,78,78,79,80,81,81,82,82,83,83,84,84,84,85,85,85,86,87,86,87,87,87,88,88,88,89,89,89,90,90,90,90,90,90,91,91,91,91,92,92,91,91,92,92,92,93,93,92,92,92,91,92,92,92,91,90,90,89,89,88,88,87,86,85,85,85,84,84,84,84,83,82,83,82,82,82,81,80,80,79,78,78,77,76,76,75,74,73,73,72,72,71,71,70,70,69,69,69,68,68,68,67,67,67,67,66,65,65,65,64,64,64,64,64,63,63,63,63,62,62,62,62,61,61,61,61,61,60,60,60,60,59,59,59,59,59,58,58,58,58,57,57,57,57,57,56,56,56,56,56,54,54,54,54,54,54,53,53,53,52,52,52,51,50,50,50,50,49,49,49,49,49,48,48,48,48,48,48,47,47,48,48,48,48,48,48,48,48,49,48,48,49,48,48,48,48,47,48,48,47,48,47,47,48,47,47,48,47,47,46,47,47,46,46,45,45,45,45,44,44,44,43,43,43,43,43,42,42,42,42,42,42,42,42,42,42,41,42,42,42,42,41,41,41,41,41,40,40,40,40,40,39,39,39,39,39,39,38,38,37,37,37,36,36,36,36,36,35,35,35,35,35,35,34,34,34,34,34,34,34,33,33,33,33,33,33,33,33,32,32,32,32,32,32,32,32,33,32,33,33,34,35,36,37,39,40,43,45,46,48,51,53,55,57,59,61,66,69,72,74,77,79,79,80,82,83,83,84,84,83,83,76,48,50,52,55,58,61,64,68,72,75,79,82,84,86,87,89,89,88,87,85,84,82,79,63,55,50,45,38,27,1,1,1,1,1,1,1,1,1,1,1,1,1,1,1,1,1,1,1,1,1,1,1,1,1,1,1,1,1,1,1,1,1,1,1,1,1,1,1,1,1,1,1,1,1,1,1,1,1,1
syn_f000439-3-Pre,1,1,1,1,1,1,1,1,1,1,1,1,1,1,1,1,1,1,1,1,1,1,1,1,1,1,1,1,1,1,1,1,1,1,1,1,1,1,1,1,1,1,1,1,1,1,1,1,1,1,1,1,1,1,1,1,1,1,1,1,1,1,1,1,1,1,1,1,1,1,1,1,1,1,1,1,1,1,1,1,1,1,1,1,1,1,1,1,1,1,1,1,1,1,1,1,1,1,1,1,1,1,1,1,1,1,1,1,1,1,1,1,1,1,1,1,1,1,1,1,1,1,1,1,1,1,1,1,1,1,1,1,1,1,1,1,1,16,23,31,36,39,43,46,49,51,53,55,57,59,60,62,63,65,66,67,67,69,69,69,70,71,72,72,72,72,72,72,72,72,73,73,74,74,75,75,75,76,77,78,79,79,79,79,79,77,75,73,73,72,72,72,71,70,70,68,68,68,67,67,66,66,65,65,65,65,64,64,64,65,64,63,62,60,59,57,55,54,54,52,52,52,51,52,52,53,53,54,54,55,56,57,58,58,61,67,78,98,110,153,161,168,171,175,179,184,191,197,203,208,212,215,218,222,224,227,230,235,239,244,248,252,260,267,271,277,287,289,289,288,287,285,283,281,272,201,195,189,185,176,109,110,110,111,111,112,112,113,113,113,113,114,114,114,114,113,113,114,114,114,114,113,113,112,112,111,111,110,109,108,106,105,103,102,102,102,102,102,101,101,100,101,100,99,99,99,97,97,96,96,95,94,94,93,92,92,91,90,89,88,87,86,86,85,84,83,83,83,83,83,83,83,84,85,85,86,87,87,88,89,90,91,91,93,94,94,96,97,99,100,101,103,104,106,107,107,109,109,110,111,111,112,113,113,113,114,114,114,115,115,115,116,116,116,116,116,116,116,115,115,115,115,116,114,114,114,113,113,113,111,111,110,110,110,108,108,107,106,105,105,103,103,101,101,99,98,97,97,96,95,96,95,94,93,92,91,90,89,88,87,86,85,85,85,84,84,84,85,85,84,84,84,85,85,85,85,85,85,85,85,85,85,85,85,86,86,86,86,85,85,85,85,85,85,85,84,84,84,84,84,83,83,83,83,82,81,81,81,80,80,79,79,79,78,77,77,77,77,75,75,75,75,74,73,72,72,71,71,70,69,69,68,68,66,65,65,64,64,63,61,61,60,60,59,58,57,57,56,56,56,55,55,56,55,55,55,55,55,55,55,55,55,55,56,55,56,55,56,55,56,55,56,56,56,56,57,56,56,56,55,55,54,55,55,55,55,55,55,54,55,55,55,55,55,53,54,53,53,53,53,53,53,54,54,54,54,55,55,55,54,54,54,54,54,54,54,54,54,54,53,53,53,53,53,52,52,52,51,51,50,50,50,49,48,48,48,47,46,45,45,45,43,43,43,42,41,41,40,40,40,39,38,38,39,38,39,39,40,41,42,43,45,46,49,52,53,56,58,64,68,70,73,75,76,77,79,81,81,82,81,82,81,81,81,82,44,45,46,49,51,54,59,63,66,70,72,76,80,82,83,85,89,88,88,87,86,85,84,82,79,72,61,50,44,34,24,1,1,1,1,1,1,1,1,1,1,1,1,1,1,1,1,1,1,1,1,1,1,1,1,1,1,1,1,1,1,1,1,1,1,1,1,1,1,1,1,1,1,1,1,1,1,1,1,1,1,1,1,1,1,1,1,1,1,1,1,1,1,1,1,1,1,1,1,1,1,1,1
syn_f000449-0-Pre,1,1,1,1,1,1,1,1,1,1,1,1,1,1,1,1,1,1,1,1,1,1,1,1,1,1,1,1,1,1,1,1,1,1,1,1,1,1,1,1,1,1,1,1,1,1,1,1,1,1,1,1,1,1,1,1,1,1,1,1,1,1,1,1,1,1,1,1,1,1,1,1,1,1,1,1,1,1,1,1,1,1,1,1,1,1,1,1,1,1,1,1,1,1,1,1,1,1,1,1,1,1,1,1,1,1,1,1,1,1,1,1,1,1,1,1,1,1,20,27,33,37,41,44,46,49,52,55,56,58,59,61,62,64,65,66,67,68,69,69,71,71,71,72,72,72,72,73,73,73,74,74,74,75,75,76,77,78,79,78,79,80,81,80,81,81,81,80,79,77,75,73,73,72,72,71,70,68,67,68,67,65,65,63,63,62,62,61,60,60,60,59,58,57,56,54,52,50,48,46,46,45,45,45,46,46,46,47,47,47,47,48,48,48,48,49,49,49,50,50,51,52,51,52,52,53,53,53,54,57,61,64,70,77,94,142,149,153,158,163,169,174,179,183,188,195,201,209,217,223,227,230,234,237,241,246,250,254,258,263,269,274,278,284,291,291,291,290,289,286,90,90,91,90,91,91,91,91,91,91,91,91,91,90,90,90,90,90,89,89,88,88,88,87,87,86,86,84,84,82,82,80,80,78,76,75,74,74,75,74,74,74,75,75,75,75,76,76,76,76,76,76,77,77,76,76,76,76,76,76,77,76,76,76,76,76,76,77,76,76,76,77,76,77,77,76,77,77,78,79,80,80,80,80,81,82,82,82,82,83,83,84,84,84,85,85,86,86,87,87,88,88,89,88,89,90,90,90,91,90,91,92,91,92,91,92,92,92,92,92,92,92,92,92,91,92,92,91,91,90,91,90,90,89,89,89,88,88,88,88,87,87,88,87,87,87,87,87,87,88,87,87,87,86,86,86,85,86,85,85,84,83,82,82,81,81,80,79,78,77,76,76,76,75,75,75,75,74,74,73,73,72,72,72,72,71,71,70,70,69,69,69,69,69,68,68,68,68,68,68,67,67,67,67,67,67,66,66,66,66,66,65,66,66,66,66,66,65,64,64,64,63,63,63,63,63,62,62,62,62,62,61,61,60,60,59,59,59,59,59,58,57,57,57,56,56,56,56,55,55,55,55,55,55,54,54,54,54,54,54,54,54,54,54,54,54,54,54,55,54,55,55,55,55,54,54,54,54,53,53,53,52,53,52,52,52,52,52,52,51,52,51,50,50,49,49,48,48,47,47,46,46,46,47,47,47,47,46,47,47,47,47,47,46,46,46,46,46,45,45,46,46,46,45,44,44,44,44,44,43,43,43,43,43,42,41,41,41,41,41,40,39,39,39,39,39,38,37,37,37,37,37,36,35,35,35,35,35,35,34,33,33,33,33,33,33,33,33,33,33,33,32,32,32,32,32,33,33,34,34,34,35,36,37,38,39,42,43,45,48,50,51,53,56,57,59,61,63,68,72,74,77,78,80,80,81,82,85,86,86,86,87,86,85,76,65,62,65,68,71,74,78,84,85,87,88,90,90,91,91,90,89,86,86,84,82,60,53,49,40,38,31,1,1,1,1,1,1,1,1,1,1,1,1,1,1,1,1,1,1,1,1,1,1,1,1,1,1,1,1,1,1,1,1,1,1,1,1,1,1,1,1,1,1,1,1,1,1,1,1,1,1,1,1,1,1,1,1
syn_f000464-3-Pre,1,1,1,1,1,1,1,1,1,1,1,1,1,1,1,1,1,1,1,1,1,1,1,1,1,1,1,1,1,1,1,1,1,1,1,1,1,1,1,1,1,1,1,1,1,1,1,1,1,1,1,1,1,1,1,1,1,1,1,1,1,1,1,1,1,1,1,1,1,1,1,1,1,1,1,1,1,1,1,1,1,1,1,1,1,1,1,1,1,1,1,1,1,1,1,1,1,1,1,1,1,1,1,1,1,1,1,1,1,1,1,1,1,1,1,1,1,1,1,1,1,1,1,1,1,1,1,1,1,1,1,1,1,12,24,31,36,39,44,47,50,52,54,56,58,60,61,64,66,66,68,68,69,70,71,72,72,73,74,74,74,74,74,74,74,74,74,74,74,75,75,75,75,76,76,76,77,78,79,78,79,80,78,78,77,75,73,72,71,70,70,70,68,67,67,67,66,65,65,65,65,65,65,65,65,65,65,64,64,63,62,61,61,60,59,59,58,57,57,56,57,57,58,58,58,59,59,59,60,66,81,93,102,169,174,179,186,192,199,205,212,216,219,223,225,229,234,240,246,251,261,269,275,287,288,288,287,287,285,282,279,272,271,251,202,197,193,188,183,178,171,119,114,111,111,112,112,112,113,113,113,114,114,114,114,115,115,115,115,115,115,115,115,114,114,113,113,112,112,112,111,111,109,109,108,108,107,107,108,108,109,108,109,109,109,108,109,109,108,108,108,107,108,108,107,107,107,107,107,107,106,106,104,104,103,103,103,102,102,102,102,102,102,102,101,101,101,101,100,100,100,100,100,100,100,101,101,102,103,104,105,104,105,105,106,107,109,109,110,111,113,114,114,116,117,117,119,119,119,120,120,120,121,122,122,122,122,123,124,124,125,125,125,125,125,125,126,126,126,126,126,126,126,126,126,126,126,126,126,125,125,125,124,124,123,123,123,122,121,121,120,119,119,118,117,116,114,114,113,112,110,109,107,106,103,101,98,96,96,95,95,94,93,92,92,91,90,89,88,86,86,85,85,84,84,83,83,84,82,82,83,83,83,83,83,83,83,84,84,84,84,83,83,83,83,83,84,84,83,82,82,81,81,81,81,80,80,80,79,78,78,78,78,76,76,76,75,74,74,74,72,72,72,71,70,70,69,68,67,67,65,65,64,63,62,61,60,59,59,58,56,56,55,55,55,54,54,53,53,54,53,53,54,53,54,54,54,54,55,55,55,55,56,55,56,56,56,56,56,56,57,56,57,57,57,57,57,57,57,56,57,56,55,56,55,55,55,55,55,55,55,54,54,54,54,54,54,54,53,53,53,52,52,52,52,51,51,51,52,52,52,52,52,51,51,51,51,51,51,51,51,50,50,50,50,50,49,49,48,48,47,47,47,46,45,45,45,44,43,43,42,42,42,40,40,40,39,38,38,38,37,37,37,37,35,35,35,35,35,35,36,36,37,39,40,42,43,46,47,49,51,54,56,60,65,67,69,71,72,74,75,77,77,77,77,78,78,77,77,77,76,45,47,48,50,52,56,59,62,65,68,70,72,75,77,79,79,82,82,81,80,79,75,70,60,55,49,45,41,37,33,1,1,1,1,1,1,1,1,1,1,1,1,1,1,1,1,1,1,1,1,1,1,1,1,1,1,1,1,1,1,1,1,1,1,1,1,1,1,1,1,1,1,1,1,1,1,1,1,1,1,1,1,1,1,1,1,1,1,1,1,1,1,1,1,1,1,1
syn_f000468-1-Pre,1,1,1,1,1,1,1,1,1,1,1,1,1,1,1,1,1,1,1,1,1,1,1,1,1,1,1,1,1,1,1,1,1,1,1,1,1,1,1,1,1,1,1,1,1,1,1,1,1,1,1,1,1,1,1,1,1,1,1,1,1,1,1,1,1,1,1,1,1,1,1,1,1,1,1,1,1,1,1,1,1,1,1,1,1,1,1,1,1,1,1,1,1,1,1,1,1,1,1,1,1,1,1,1,1,1,1,1,1,1,1,1,1,1,1,1,1,1,1,20,26,32,36,41,44,47,50,52,54,56,58,60,61,63,64,65,66,67,68,69,69,70,70,72,72,72,72,72,72,72,73,73,73,73,73,73,74,74,75,75,76,76,77,77,78,79,80,80,81,82,81,79,79,77,76,74,73,72,72,71,70,69,69,68,67,66,65,65,64,64,64,63,62,62,62,61,60,59,58,55,52,49,47,45,45,45,44,44,44,44,45,45,45,45,45,46,45,46,46,47,47,48,49,52,56,60,66,71,77,83,90,96,102,130,139,145,151,156,160,164,168,172,176,181,186,192,199,206,214,219,222,225,227,232,236,240,244,248,251,257,263,267,272,279,284,285,284,283,282,278,90,90,91,91,91,91,92,92,92,92,92,92,91,91,91,90,90,90,89,88,88,87,87,86,84,83,83,82,80,79,78,77,76,75,75,75,74,74,74,74,74,74,73,74,74,74,74,74,74,74,74,74,74,75,75,74,74,73,73,73,72,72,72,71,71,70,70,70,69,69,69,68,67,67,67,67,67,67,67,67,67,68,68,69,70,71,73,73,74,76,76,78,78,80,80,81,83,83,84,85,86,86,87,88,88,89,89,90,90,90,91,90,91,91,91,91,91,91,91,90,91,91,90,90,89,90,90,89,90,89,89,88,88,87,87,87,88,89,90,90,90,90,90,90,91,91,91,92,92,91,91,91,91,91,90,91,91,91,90,90,91,90,90,89,90,89,88,87,86,85,85,84,84,83,83,82,82,81,81,81,80,80,80,79,79,78,78,78,78,78,77,77,77,77,77,76,76,76,76,75,74,74,74,74,74,73,73,73,73,73,72,72,72,72,71,71,71,71,70,70,70,69,69,69,68,67,67,67,66,66,65,65,65,64,64,64,62,62,62,61,61,60,60,59,58,58,57,57,56,56,55,55,55,54,54,53,53,52,52,52,52,52,52,52,52,52,52,53,53,53,53,54,54,55,54,55,55,54,55,54,55,54,55,54,54,54,54,54,54,53,54,53,53,53,53,52,52,51,51,51,51,51,50,50,50,50,50,50,50,50,50,49,49,49,49,50,50,50,50,49,49,50,50,50,50,49,49,49,49,49,48,48,48,48,48,48,47,47,47,47,47,46,46,46,45,45,44,44,44,43,43,42,42,42,41,40,40,39,39,39,38,37,37,37,36,36,36,36,36,36,35,35,35,35,35,36,35,36,36,36,37,38,38,39,40,41,43,45,47,50,52,54,57,59,62,64,69,75,76,79,81,84,85,84,86,85,85,84,84,84,85,47,49,51,54,55,57,61,64,67,71,74,76,78,83,85,87,89,91,91,91,90,90,87,85,70,61,54,49,44,40,34,1,1,1,1,1,1,1,1,1,1,1,1,1,1,1,1,1,1,1,1,1,1,1,1,1,1,1,1,1,1,1,1,1,1,1,1,1,1,1,1,1,1,1,1,1,1,1,1,1,1,1,1,1,1,1,1
syn_f000470-0-Pre,1,1,1,1,1,1,1,1,1,1,1,1,1,1,1,1,1,1,1,1,1,1,1,1,1,1,1,1,1,1,1,1,1,1,1,1,1,1,1,1,1,1,1,1,1,1,1,1,1,1,1,1,1,1,1,1,1,1,1,1,1,1,1,1,1,1,1,1,1,1,1,1,1,1,1,1,1,1,1,1,1,1,1,1,1,1,1,1,1,1,1,1,1,1,1,1,1,1,1,1,1,1,1,1,1,1,1,1,1,1,1,1,1,1,1,1,1,1,1,1,5,22,29,35,40,43,47,50,53,55,57,59,61,63,64,66,67,69,70,71,72,73,73,75,75,76,76,78,77,78,78,78,78,78,78,78,79,79,79,79,80,81,81,82,83,83,83,84,85,86,86,86,85,84,84,81,80,78,77,76,75,74,73,73,72,71,70,70,69,69,67,67,66,65,65,65,64,64,64,64,64,63,62,61,60,59,57,54,51,50,49,48,47,48,48,48,49,49,50,50,51,52,54,55,56,57,57,58,58,59,60,60,61,62,66,153,158,163,169,174,179,183,189,197,208,215,221,225,230,235,241,247,252,258,267,273,279,291,292,293,292,291,290,287,285,275,274,197,191,184,172,159,112,105,99,95,96,96,97,97,97,97,97,97,97,97,96,96,96,96,96,95,95,95,95,94,93,93,92,92,90,90,89,88,88,88,88,88,88,88,89,89,89,89,90,89,89,89,89,89,88,89,89,89,90,90,89,90,90,90,91,91,90,90,91,91,91,90,90,90,90,89,89,89,89,88,88,88,87,87,87,87,87,87,88,88,88,90,90,91,92,92,92,94,94,94,95,95,96,96,98,98,99,99,100,101,101,102,102,103,103,104,103,104,105,105,105,105,106,105,106,106,106,106,106,106,106,105,106,106,105,106,105,105,105,105,105,104,105,104,104,103,103,102,102,101,101,100,100,100,100,100,100,100,100,100,100,99,100,100,100,100,99,99,99,99,98,98,97,98,97,96,95,94,94,92,91,89,87,87,86,85,85,84,84,83,83,82,82,82,80,80,80,80,79,79,79,78,78,77,77,77,77,76,76,76,76,75,75,75,75,74,74,74,73,73,73,73,72,72,72,71,71,71,71,70,70,70,70,69,69,69,68,69,68,68,67,68,67,67,67,66,65,65,65,64,64,64,63,63,63,63,62,62,62,61,61,61,61,60,60,60,59,59,59,58,58,57,57,57,56,57,56,57,56,56,56,56,56,55,56,55,54,54,54,54,53,54,53,53,53,53,53,52,52,51,51,50,50,50,49,49,49,49,48,48,48,48,48,48,49,49,49,49,49,50,50,50,50,50,49,49,49,49,49,49,49,49,48,48,48,48,48,48,48,47,47,47,47,46,46,45,45,45,45,45,45,43,43,43,43,43,42,42,42,41,40,40,40,40,40,40,38,38,38,38,38,38,37,37,37,37,36,36,36,36,37,37,38,38,39,39,39,40,42,43,45,47,49,53,55,57,60,65,69,70,73,75,77,78,79,80,81,81,80,80,80,80,42,43,45,47,49,51,52,55,58,61,64,68,70,72,75,78,79,81,83,84,83,82,81,80,76,69,62,58,52,48,42,36,31,1,1,1,1,1,1,1,1,1,1,1,1,1,1,1,1,1,1,1,1,1,1,1,1,1,1,1,1,1,1,1,1,1,1,1,1,1,1,1,1,1,1,1,1,1,1,1,1,1,1,1,1,1,1,1,1,1
syn_f000495-1-Pre,1,1,1,1,1,1,1,1,1,1,1,1,1,1,1,1,1,1,1,1,1,1,1,1,1,1,1,1,1,1,1,1,1,1,1,1,1,1,1,1,1,1,1,1,1,1,1,1,1,1,1,1,1,1,1,1,1,1,1,1,1,1,1,1,1,1,1,1,1,1,1,1,1,1,1,1,1,1,1,1,1,1,1,1,1,1,1,1,1,1,1,1,1,1,1,1,1,1,1,1,1,1,1,1,1,1,1,1,1,1,1,1,1,1,1,1,1,1,1,1,1,1,1,1,17,26,32,37,41,45,47,50,53,54,56,58,60,63,65,66,67,67,69,70,71,71,73,73,74,74,75,75,75,75,75,76,76,76,76,76,76,76,76,76,76,77,77,77,78,78,79,79,79,79,80,79,79,78,76,74,72,70,68,67,67,67,66,65,64,64,63,64,64,63,62,62,62,61,61,61,61,61,61,60,60,59,57,52,48,48,47,48,47,48,49,50,51,52,53,54,55,56,57,57,58,59,60,61,63,63,67,73,84,154,161,166,171,177,181,188,193,199,205,212,225,230,233,235,238,243,246,251,255,260,263,267,275,281,286,291,301,302,302,303,302,300,297,294,284,94,95,95,96,95,96,96,97,97,97,97,97,97,97,97,97,97,96,96,96,95,94,94,93,92,92,91,90,90,90,89,89,88,88,88,88,87,87,87,87,87,86,86,86,85,85,85,85,85,84,84,84,84,84,85,85,84,84,84,84,83,83,83,82,83,83,83,83,83,83,83,84,84,85,86,86,87,88,89,90,90,91,92,91,91,92,92,92,93,93,94,94,96,96,97,97,98,98,98,99,99,99,100,100,99,99,99,100,100,100,99,99,99,99,99,99,99,99,99,98,98,98,98,97,97,97,97,96,96,95,95,95,94,94,94,93,93,92,92,91,90,90,90,91,91,90,90,90,89,89,89,89,89,88,88,87,86,86,85,85,84,84,83,83,83,82,82,82,81,81,81,81,80,80,80,80,80,80,80,80,80,80,81,81,80,80,80,79,79,79,79,79,79,79,79,78,78,78,78,78,77,77,77,77,76,76,76,76,75,75,75,75,74,74,74,74,73,73,72,71,71,70,70,69,69,69,67,67,66,66,65,65,64,63,63,62,62,61,60,60,59,59,58,57,57,56,56,56,56,55,54,54,54,54,53,53,53,53,53,53,53,53,54,53,54,54,55,55,56,56,56,56,55,56,56,56,56,56,56,56,56,56,56,56,56,56,55,56,55,56,55,55,54,55,55,54,54,54,54,54,54,54,54,53,53,53,53,53,53,53,52,52,52,52,52,52,52,52,52,52,52,52,52,51,51,51,51,51,51,50,50,50,50,50,50,49,49,49,49,49,48,47,47,47,47,46,46,46,45,45,44,44,43,43,43,43,41,41,41,41,41,39,39,39,39,39,38,38,38,38,38,38,36,36,36,37,37,37,37,37,38,39,40,40,41,43,45,46,49,51,53,55,57,61,64,68,72,74,76,79,81,83,84,84,85,85,85,85,85,85,82,57,60,63,65,69,73,76,79,83,87,89,90,90,88,87,85,83,82,78,67,59,52,46,41,38,33,1,1,1,1,1,1,1,1,1,1,1,1,1,1,1,1,1,1,1,1,1,1,1,1,1,1,1,1,1,1,1,1,1,1,1,1,1,1,1,1,1,1,1,1,1,1,1,1,1,1,1,1,1,1,1,1,1,1,1,1,1,1
syn_f000503-1-Pre,1,1,1,1,1,1,1,1,1,1,1,1,1,1,1,1,1,1,1,1,1,1,1,1,1,1,1,1,1,1,1,1,1,1,1,1,1,1,1,1,1,1,1,1,1,1,1,1,1,1,1,1,1,1,1,1,1,1,1,1,1,1,1,1,1,1,1,1,1,1,1,1,1,1,1,1,1,1,1,1,1,1,1,1,1,1,1,1,1,1,1,1,1,1,1,1,1,1,1,1,1,1,1,1,1,1,1,1,1,1,1,1,1,1,1,1,1,1,1,1,1,1,1,1,1,1,1,1,1,18,27,32,37,41,45,47,50,52,54,56,58,60,62,63,65,65,67,68,69,70,71,71,72,73,73,73,74,74,74,74,75,75,75,75,75,75,75,76,75,76,77,78,78,78,79,79,79,80,79,80,79,79,78,76,74,70,68,67,66,66,64,63,62,61,61,61,59,59,58,58,58,58,58,58,58,58,57,55,39,39,39,39,39,39,40,40,40,41,42,43,43,43,44,44,45,45,46,45,46,47,47,48,49,52,55,58,64,72,154,159,165,170,176,183,191,199,208,216,220,226,231,236,243,249,255,263,270,277,286,287,287,286,285,283,280,271,271,184,173,92,85,84,84,85,85,85,85,85,85,86,86,86,86,86,86,86,86,86,85,84,84,83,83,83,82,81,80,80,79,79,78,78,78,77,76,76,76,75,75,75,74,73,73,73,71,71,70,70,70,69,68,68,68,68,66,66,66,65,65,64,64,63,63,62,61,61,61,60,60,60,59,58,58,57,57,57,56,56,56,56,57,58,59,60,62,62,64,64,65,67,67,68,69,70,70,71,72,72,73,73,74,75,75,75,77,77,77,77,78,78,78,79,79,79,80,81,81,82,82,82,83,83,83,83,84,84,84,84,84,85,85,85,84,84,84,84,85,84,83,83,83,83,82,82,82,81,81,81,81,81,82,81,81,81,81,81,82,81,80,80,79,79,79,78,77,77,76,74,74,74,73,73,72,72,72,71,71,71,70,70,70,70,70,70,70,69,69,69,69,69,69,69,69,69,68,68,68,68,68,67,67,67,67,67,67,66,66,66,66,65,65,65,65,64,64,64,64,64,64,63,63,63,63,63,62,62,62,61,60,60,59,59,59,59,58,58,57,56,56,55,55,55,54,54,53,53,53,52,51,51,50,50,51,51,51,51,51,51,51,51,50,51,51,51,52,52,53,53,54,54,55,55,55,55,54,55,54,55,54,54,54,53,53,52,52,51,51,51,50,50,49,49,48,48,48,47,47,48,47,47,47,47,47,46,46,46,46,46,46,47,47,47,47,48,48,47,47,47,47,47,47,47,47,47,47,46,46,46,46,46,46,46,46,45,44,44,44,44,44,44,43,43,43,43,43,42,42,42,42,41,41,41,41,41,40,40,40,40,39,39,39,39,39,39,38,38,38,38,38,37,37,37,37,37,37,37,37,37,38,39,40,40,42,44,47,48,51,54,56,59,61,64,67,70,72,74,76,77,79,82,86,87,87,86,86,87,85,67,70,73,78,81,84,86,87,89,91,91,90,89,86,87,86,84,73,59,53,42,34,28,1,1,1,1,1,1,1,1,1,1,1,1,1,1,1,1,1,1,1,1,1,1,1,1,1,1,1,1,1,1,1,1,1,1,1,1,1,1,1,1,1,1,1,1,1,1,1,1,1,1,1,1,1,1,1,1,1,1,1,1,1,1,1,1,1,1,1,1
syn_f000504-2-Pre,1,1,1,1,1,1,1,1,1,1,1,1,1,1,1,1,1,1,1,1,1,1,1,1,1,1,1,1,1,1,1,1,1,1,1,1,1,1,1,1,1,1,1,1,1,1,1,1,1,1,1,1,1,1,1,1,1,1,1,1,1,1,1,1,1,1,1,1,1,1,1,1,1,1,1,1,1,1,1,1,1,1,1,1,1,1,1,1,1,1,1,1,1,1,1,1,1,1,1,1,1,1,1,1,1,1,1,1,1,1,1,1,1,21,27,34,38,42,45,48,50,53,55,57,59,61,63,64,66,66,68,68,70,70,70,72,72,73,73,74,74,74,74,74,74,74,74,75,76,76,76,77,77,77,78,79,78,79,80,80,80,81,81,81,80,80,77,75,72,70,70,69,68,67,66,65,64,64,63,62,62,62,62,61,61,61,61,62,62,61,61,60,58,56,53,51,49,48,49,48,49,49,49,49,50,50,50,50,51,51,52,51,53,54,55,55,56,56,57,175,181,186,191,197,203,209,218,229,233,236,240,246,253,260,265,277,286,300,301,301,300,300,298,295,293,284,284,282,264,198,191,172,160,150,107,99,90,87,88,88,89,89,89,90,90,90,91,91,91,91,91,92,92,92,92,92,92,92,92,91,91,91,91,91,91,89,89,89,88,87,86,84,83,82,80,78,77,76,76,76,75,76,76,75,75,75,75,74,74,74,74,73,73,73,73,72,72,72,72,71,71,71,72,72,72,71,71,71,71,71,71,71,71,71,70,70,70,70,70,70,71,71,71,71,71,71,71,71,71,70,70,70,71,72,73,73,74,75,75,76,76,77,78,79,79,81,81,82,82,83,84,84,85,85,86,86,86,87,87,87,88,88,89,89,89,89,89,89,89,90,90,89,89,90,90,90,90,89,89,89,89,88,89,87,88,87,87,87,86,86,84,84,84,84,84,84,85,84,84,84,84,84,83,83,83,84,83,83,82,82,82,81,81,80,79,78,77,76,75,73,72,72,72,72,72,71,71,71,71,71,71,71,70,70,70,71,71,71,71,70,70,70,70,70,69,69,70,70,70,69,69,69,69,69,68,68,68,68,68,67,67,67,67,67,65,65,65,65,65,64,64,64,63,63,62,62,62,61,61,60,60,60,59,59,58,58,57,57,57,56,56,55,55,54,54,54,54,53,52,52,52,52,52,52,51,51,51,51,52,52,52,52,52,52,51,51,52,52,52,53,52,52,53,53,53,53,53,53,53,53,52,53,52,53,52,53,52,53,52,53,52,53,52,53,52,51,52,51,51,51,51,50,51,50,50,50,51,50,50,50,50,50,51,51,51,51,51,50,50,50,50,50,50,50,50,49,49,50,50,50,50,50,50,49,49,49,49,49,49,49,49,49,48,48,48,48,48,47,47,47,47,46,46,45,45,45,45,45,44,44,44,43,43,43,42,42,42,42,41,41,41,40,40,40,40,39,39,39,39,38,38,38,38,38,37,37,37,38,39,39,40,42,43,45,48,50,52,54,57,59,60,62,64,68,73,75,78,79,81,82,84,86,87,87,87,87,87,86,78,55,57,62,65,68,71,74,78,81,84,86,88,89,91,91,91,90,89,88,86,82,67,55,49,44,37,35,31,1,1,1,1,1,1,1,1,1,1,1,1,1,1,1,1,1,1,1,1,1,1,1,1,1,1,1,1,1,1,1,1,1,1,1,1,1,1,1,1,1,1,1,1,1,1,1,1,1,1,1
syn_f000505-2-Pre,1,1,1,1,1,1,1,1,1,1,1,1,1,1,1,1,1,1,1,1,1,1,1,1,1,1,1,1,1,1,1,1,1,1,1,1,1,1,1,1,1,1,1,1,1,1,1,1,1,1,1,1,1,1,1,1,1,1,1,1,1,1,1,1,1,1,1,1,1,1,1,1,1,1,1,1,1,1,1,1,1,1,1,1,1,1,1,1,1,1,1,1,1,1,1,1,1,1,1,1,1,1,1,1,1,1,1,1,1,1,1,1,1,1,1,1,21,29,35,39,44,47,49,52,55,57,59,61,63,65,66,68,70,70,72,72,74,74,75,76,77,77,78,78,79,79,79,79,79,79,79,79,79,80,80,81,82,83,83,83,84,85,86,86,86,86,86,86,84,82,79,78,77,77,76,75,75,74,73,73,73,72,71,70,70,70,70,70,69,69,70,69,69,68,67,66,64,62,61,60,58,57,57,57,57,56,57,57,57,57,57,57,58,58,59,60,60,61,62,64,65,66,68,69,70,72,165,174,179,185,189,195,202,209,216,222,228,232,235,238,243,247,253,258,263,268,278,284,291,303,303,303,303,303,301,298,296,286,286,212,207,202,196,191,185,171,163,115,113,113,114,115,116,116,117,117,118,117,118,118,118,119,119,119,120,120,120,120,119,119,119,119,119,119,119,118,117,117,116,116,115,113,113,112,112,112,112,112,113,112,112,112,112,111,111,111,111,111,110,110,110,110,109,109,108,108,107,107,107,106,106,107,106,106,105,105,105,105,105,105,105,105,104,105,105,104,104,104,104,104,104,104,104,103,104,105,105,106,106,107,107,108,108,110,111,111,112,113,114,114,115,117,117,118,118,118,119,119,120,120,120,120,121,121,121,121,122,121,121,122,122,122,122,121,122,122,122,122,121,121,120,120,119,119,119,118,118,117,115,115,114,114,113,112,111,110,109,108,107,106,105,103,102,101,99,97,97,96,96,95,94,94,93,92,91,90,89,89,88,88,87,86,85,84,84,84,83,82,82,82,82,81,81,81,81,81,81,81,81,81,81,81,80,80,80,80,80,80,79,79,79,79,79,79,78,78,78,78,77,77,77,77,77,76,75,75,75,75,75,74,74,73,73,73,72,72,72,71,70,70,70,70,68,68,68,68,66,66,66,65,64,64,63,63,61,61,61,60,59,58,58,58,57,57,56,56,55,55,55,55,54,54,54,54,53,53,53,54,54,53,53,54,54,53,54,54,54,54,53,54,53,52,53,52,53,52,52,52,52,53,52,52,52,52,51,52,51,51,50,50,49,50,49,49,48,48,48,48,48,48,48,47,48,48,48,48,49,49,49,49,48,48,49,49,49,49,49,49,50,48,48,48,48,48,48,48,47,47,47,47,47,47,46,46,45,45,45,44,44,43,43,43,42,42,41,41,41,40,39,39,39,39,37,37,37,37,37,36,36,36,36,36,36,35,35,35,36,36,36,37,37,38,38,38,39,39,42,43,45,48,50,52,55,57,60,62,65,71,75,77,80,82,83,85,86,86,85,84,83,84,84,83,77,65,50,52,54,55,59,63,66,70,74,76,79,83,86,87,88,90,91,90,90,89,88,88,86,84,66,59,52,48,44,40,39,31,1,1,1,1,1,1,1,1,1,1,1,1,1,1,1,1,1,1,1,1,1,1,1,1,1,1,1,1,1,1,1,1,1,1,1,1,1,1,1,1,1,1,1,1,1,1,1,1,1,1,1,1
syn_f000512-0-Pre,1,1,1,1,1,1,1,1,1,1,1,1,1,1,1,1,1,1,1,1,1,1,1,1,1,1,1,1,1,1,1,1,1,1,1,1,1,1,1,1,1,1,1,1,1,1,1,1,1,1,1,1,1,1,1,1,1,1,1,1,1,1,1,1,1,1,1,1,1,1,1,1,1,1,1,1,1,1,1,1,1,1,1,1,1,1,1,1,1,1,1,1,1,1,1,1,1,1,1,1,1,1,1,1,1,1,1,1,1,1,1,1,1,1,1,1,1,1,1,1,1,1,1,1,1,1,1,1,1,1,1,1,1,1,1,1,1,1,1,1,1,1,1,17,26,32,37,40,44,47,50,52,54,56,58,60,61,63,65,65,67,67,69,69,70,71,72,72,72,73,73,73,73,73,73,74,74,74,75,75,76,76,76,77,78,79,78,79,80,80,80,79,78,77,74,71,71,69,69,68,67,66,64,64,64,62,62,61,60,60,60,60,60,60,59,58,57,54,45,44,43,42,42,42,41,41,41,41,41,41,42,41,42,42,43,44,45,46,47,48,49,50,51,51,53,56,61,138,142,147,152,156,161,165,170,175,182,201,205,208,214,218,224,229,235,242,248,254,265,267,267,267,266,264,262,259,251,164,85,86,86,87,87,88,88,89,89,89,89,89,89,89,89,89,88,88,88,88,88,87,87,87,86,86,86,86,84,83,83,82,81,79,79,80,79,79,80,79,79,79,79,79,80,79,79,79,79,79,78,78,78,78,78,77,76,76,75,75,74,73,73,72,72,72,71,70,70,70,69,69,69,69,69,69,69,69,69,69,70,70,70,70,70,71,71,71,73,73,73,75,75,75,76,77,78,78,78,79,79,80,81,81,82,82,83,83,83,83,84,83,84,84,84,84,84,84,83,84,83,83,84,83,83,84,83,83,83,82,83,83,82,82,82,82,82,81,81,81,81,82,82,82,82,82,83,83,83,83,82,82,83,83,82,82,81,82,81,81,80,79,79,78,76,74,74,74,74,72,72,71,71,71,70,70,69,69,68,67,66,66,65,65,64,64,63,62,62,62,62,61,61,60,60,60,59,59,59,59,58,58,58,58,58,57,57,57,57,56,56,56,56,55,55,55,54,54,53,53,53,52,52,52,52,50,50,50,50,49,49,49,48,48,48,48,47,47,47,47,46,46,47,47,47,46,46,46,46,47,47,47,46,46,47,47,47,48,47,47,47,47,46,47,47,47,47,46,46,46,45,45,45,45,44,45,44,43,43,42,42,42,41,41,41,41,41,41,41,40,40,40,40,40,40,40,40,40,40,40,39,40,40,40,40,40,40,40,40,39,39,39,39,39,39,39,38,38,38,38,38,38,37,37,37,37,35,35,35,35,35,35,34,34,33,33,33,33,32,32,32,32,31,31,31,31,31,32,32,32,32,32,32,33,33,34,35,36,36,38,40,41,43,45,48,50,52,55,57,58,61,64,67,68,70,71,72,74,76,77,78,77,77,77,49,50,52,55,58,62,65,68,70,74,76,79,80,81,81,81,80,78,76,73,59,51,45,42,38,23,1,1,1,1,1,1,1,1,1,1,1,1,1,1,1,1,1,1,1,1,1,1,1,1,1,1,1,1,1,1,1,1,1,1,1,1,1,1,1,1,1,1,1,1,1,1,1,1,1,1,1,1,1,1,1,1,1,1,1,1,1,1,1,1,1,1,1,1,1,1,1,1,1,1,1,1,1,1,1,1
syn_f000520-2-Pre,1,1,1,1,1,1,1,1,1,1,1,1,1,1,1,1,1,1,1,1,1,1,1,1,1,1,1,1,1,1,1,1,1,1,1,1,1,1,1,1,1,1,1,1,1,1,1,1,1,1,1,1,1,1,1,1,1,1,1,1,1,1,1,1,1,1,1,1,1,1,1,1,1,1,1,1,1,1,1,1,1,1,1,1,1,1,1,1,1,1,1,1,1,1,1,1,1,1,1,1,1,1,1,1,1,1,1,1,1,1,1,1,1,1,1,1,1,1,1,1,1,1,1,1,1,18,27,33,38,42,45,48,51,53,55,58,60,62,64,66,67,68,69,70,72,72,73,74,75,75,76,77,77,77,77,77,77,77,77,77,77,77,77,78,78,78,78,78,79,80,80,80,81,82,82,82,82,81,81,79,78,76,74,74,73,73,73,72,70,70,69,69,69,68,67,66,66,65,64,64,65,65,65,64,64,64,63,60,57,54,53,51,51,50,51,50,50,50,50,50,50,50,50,50,51,51,51,52,53,53,58,65,71,77,84,92,99,107,116,147,155,162,168,175,181,190,199,213,220,224,228,232,236,240,246,251,256,261,269,275,281,287,297,297,298,298,297,295,291,289,281,189,182,172,95,96,96,97,97,98,98,99,99,98,99,99,99,99,99,99,99,99,99,99,98,98,98,98,98,97,96,96,95,95,93,93,92,91,89,87,87,87,88,87,88,88,88,88,89,88,87,88,87,87,87,87,87,86,87,87,87,87,88,88,88,88,88,88,88,88,88,88,88,88,88,88,88,88,89,89,89,88,89,88,88,88,87,87,88,88,89,89,89,89,90,90,90,92,92,93,94,94,96,96,97,97,98,99,100,100,100,101,102,102,103,103,103,104,104,104,105,105,105,105,105,106,106,106,106,106,106,106,105,105,105,105,104,104,104,103,103,103,101,101,100,100,98,97,97,96,95,94,93,91,90,91,90,90,89,89,89,88,88,88,87,87,86,86,86,85,84,84,83,83,82,82,81,82,81,81,80,80,79,79,79,79,79,79,79,79,79,79,79,79,79,79,78,78,78,78,78,78,78,78,78,77,77,77,77,77,76,76,76,75,75,74,74,74,74,73,73,73,73,71,71,71,71,71,70,70,70,70,70,70,69,69,69,68,68,67,67,66,65,65,65,64,64,63,63,63,62,62,61,61,61,60,60,59,59,58,58,57,57,57,56,56,56,55,55,56,56,56,56,56,57,57,58,57,58,58,57,58,57,58,57,57,57,57,57,56,56,56,55,55,54,53,54,53,53,52,51,51,51,51,51,50,50,50,50,50,49,48,49,49,49,49,49,49,49,49,50,49,49,49,49,49,49,49,48,48,48,48,48,48,47,47,47,47,47,47,46,45,45,45,45,45,44,43,43,43,43,43,41,41,41,41,40,40,39,39,38,38,38,38,38,37,36,36,36,36,36,35,35,36,36,36,37,37,38,39,40,41,42,44,45,48,51,53,55,58,59,62,66,71,73,75,76,78,79,78,80,81,81,81,81,82,81,65,50,52,55,58,61,63,66,70,73,75,78,81,82,84,86,86,87,88,87,85,84,82,79,65,58,52,47,45,42,34,1,1,1,1,1,1,1,1,1,1,1,1,1,1,1,1,1,1,1,1,1,1,1,1,1,1,1,1,1,1,1,1,1,1,1,1,1,1,1,1,1,1,1,1,1,1,1,1,1,1,1,1,1,1,1,1,1,1,1,1
syn_f000523-1-Pre,1,1,1,1,1,1,1,1,1,1,1,1,1,1,1,1,1,1,1,1,1,1,1,1,1,1,1,1,1,1,1,1,1,1,1,1,1,1,1,1,1,1,1,1,1,1,1,1,1,1,1,1,1,1,1,1,1,1,1,1,1,1,1,1,1,1,1,1,1,1,1,1,1,1,1,1,1,1,1,1,1,1,1,1,1,1,1,1,1,1,1,1,1,1,1,1,1,1,1,1,1,1,1,1,1,1,1,1,1,1,1,1,1,1,1,1,1,1,1,1,1,1,1,1,1,1,1,1,20,27,34,37,42,45,48,50,52,54,56,58,61,63,64,65,66,67,69,69,69,71,71,72,73,73,73,74,74,74,75,75,75,75,75,75,75,76,77,76,77,78,78,79,78,79,79,78,77,76,74,70,68,68,66,65,64,63,62,61,61,61,59,59,59,58,59,59,59,59,59,59,59,58,56,56,54,51,48,46,46,46,46,47,47,48,48,48,49,49,50,50,50,51,51,51,52,52,52,52,52,55,59,62,66,70,76,82,88,94,101,108,152,160,166,173,179,184,189,195,201,206,212,220,227,230,233,235,240,243,247,252,256,259,263,269,274,279,284,293,294,293,292,291,289,286,93,93,93,94,94,95,95,94,94,95,95,95,94,94,94,95,95,95,94,94,94,94,94,94,92,92,92,91,90,90,88,88,87,86,84,82,80,77,76,77,76,76,77,76,76,77,77,77,77,77,78,77,77,78,78,78,78,78,79,78,78,79,79,79,78,79,79,79,79,79,79,79,79,79,78,79,79,79,80,80,79,79,79,79,79,79,79,80,80,82,82,82,83,83,84,85,86,86,86,87,87,89,89,90,90,90,91,91,91,92,92,92,92,92,93,93,93,93,93,94,94,94,94,93,93,93,94,92,92,92,91,92,92,90,90,89,89,89,88,87,86,85,84,84,83,83,83,82,82,81,81,80,80,80,80,79,79,78,77,77,76,75,74,74,73,72,72,72,71,71,70,70,70,69,69,68,68,68,68,68,68,68,67,67,67,66,66,66,66,66,66,65,64,64,64,64,64,63,63,63,63,63,63,62,62,62,61,61,61,60,60,60,60,60,60,58,58,58,58,58,57,57,57,57,56,55,55,55,54,54,54,54,52,52,52,52,51,51,51,50,50,50,50,50,49,49,49,49,48,48,49,49,49,49,49,49,50,50,50,50,51,51,51,52,52,52,53,53,53,53,53,53,53,53,53,53,52,51,52,51,50,50,49,49,48,47,48,47,46,46,45,45,44,45,45,44,44,44,44,44,45,45,44,45,45,45,45,45,46,46,46,45,45,45,46,46,46,46,46,45,45,45,45,45,45,45,44,44,44,44,44,43,43,42,42,42,42,42,42,40,40,40,40,40,40,39,38,38,38,38,37,37,37,37,35,35,36,36,36,36,35,35,35,36,36,36,37,36,36,36,37,37,38,38,39,40,40,42,43,45,47,51,53,57,59,61,65,67,69,71,73,75,77,81,85,87,86,86,86,86,43,44,46,48,51,55,58,62,66,71,73,76,79,83,85,90,91,90,88,87,85,81,79,71,62,56,50,42,39,35,1,1,1,1,1,1,1,1,1,1,1,1,1,1,1,1,1,1,1,1,1,1,1,1,1,1,1,1,1,1,1,1,1,1,1,1,1,1,1,1,1,1,1,1,1,1,1,1,1,1,1,1,1,1,1,1,1,1,1,1,1,1,1,1
syn_f000535-2-Pre,1,1,1,1,1,1,1,1,1,1,1,1,1,1,1,1,1,1,1,1,1,1,1,1,1,1,1,1,1,1,1,1,1,1,1,1,1,1,1,1,1,1,1,1,1,1,1,1,1,1,1,1,1,1,1,1,1,1,1,1,1,1,1,1,1,1,1,1,1,1,1,1,1,1,1,1,1,1,1,1,1,1,1,1,1,1,1,1,1,1,1,1,1,1,1,1,1,1,1,1,1,1,1,1,1,1,9,23,31,36,40,44,48,51,54,56,58,60,62,64,66,67,69,69,71,72,73,74,75,75,76,77,77,77,78,78,78,78,79,79,80,80,80,80,80,80,80,81,81,82,82,82,83,84,83,84,85,84,84,82,82,79,77,75,73,72,72,71,70,68,68,67,67,66,65,65,65,65,65,65,65,65,64,64,62,61,58,55,54,52,51,51,50,51,50,51,50,51,51,51,51,51,52,52,52,53,183,196,225,233,246,259,298,298,298,299,298,296,295,293,290,284,283,283,276,264,264,249,218,215,212,208,204,199,195,190,185,180,174,168,163,160,155,146,141,134,127,121,116,110,104,97,97,98,99,100,101,101,101,101,101,100,101,101,101,101,101,101,100,100,100,100,100,100,100,100,100,99,98,98,98,97,97,96,95,94,93,92,92,91,91,91,92,92,93,92,92,93,93,93,93,94,94,93,93,93,93,93,93,92,92,92,91,92,92,91,91,91,90,90,90,89,89,88,89,89,89,88,88,88,88,87,87,87,87,86,86,86,86,86,86,86,86,86,86,86,86,86,87,87,88,89,90,91,92,92,93,94,94,95,95,97,98,98,99,99,101,101,102,102,102,104,104,105,105,105,106,106,106,106,107,107,107,107,107,108,108,108,108,107,107,108,108,108,108,108,107,107,107,107,106,106,106,107,106,106,106,105,104,103,103,103,102,101,101,100,98,98,98,99,99,98,98,98,97,97,97,97,97,97,96,95,94,94,94,93,93,92,91,90,88,88,87,87,88,88,86,86,86,86,86,86,86,86,86,86,86,86,86,86,85,85,86,85,85,85,85,85,85,84,84,84,84,84,83,83,83,83,83,82,81,81,81,81,81,81,80,80,80,80,80,78,78,78,78,78,77,76,76,76,75,75,75,75,73,73,73,72,72,71,71,70,70,70,69,68,67,67,67,66,66,66,65,65,64,63,63,63,62,62,62,61,61,61,60,60,60,60,60,60,60,61,61,62,61,62,62,63,63,63,63,63,62,61,62,61,61,60,60,60,59,59,58,58,58,57,57,56,55,56,55,54,54,54,54,54,54,54,55,55,54,54,54,54,54,54,54,54,54,53,54,54,54,54,54,55,54,54,54,54,55,55,54,54,54,54,54,53,53,53,52,52,51,51,51,51,51,50,50,50,49,49,49,48,47,47,47,47,46,45,45,45,45,44,43,43,42,42,42,41,41,41,41,40,40,40,40,39,40,40,39,39,39,40,40,39,39,39,40,40,41,40,41,41,42,43,44,46,47,49,51,54,56,60,63,69,72,74,74,76,78,80,80,83,84,85,88,89,89,89,88,88,46,49,51,53,56,60,63,66,70,74,77,79,80,83,85,87,88,90,92,91,90,88,85,82,72,64,59,52,46,40,37,1,1,1,1,1,1,1,1,1,1,1,1,1,1,1,1,1,1,1,1,1,1,1,1,1,1,1,1,1,1,1,1,1,1,1,1,1,1,1,1,1,1,1,1,1
syn_f000549-3-Pre,1,1,1,1,1,1,1,1,1,1,1,1,1,1,1,1,1,1,1,1,1,1,1,1,1,1,1,1,1,1,1,1,1,1,1,1,1,1,1,1,1,1,1,1,1,1,1,1,1,1,1,1,1,1,1,1,1,1,1,1,1,1,1,1,1,1,1,1,1,1,1,1,1,1,1,1,1,1,1,1,1,1,1,1,1,1,1,1,1,1,1,1,1,1,1,1,1,1,1,1,1,1,1,1,1,1,1,1,1,1,1,1,1,1,1,1,1,1,1,1,19,27,34,39,42,45,48,51,53,55,57,59,61,63,64,66,67,68,70,70,71,71,73,73,74,74,75,75,75,76,76,76,76,76,76,77,78,78,79,79,80,80,80,81,81,82,82,82,82,82,81,80,77,75,73,73,72,72,71,70,69,69,68,68,67,67,66,66,66,66,66,66,66,66,66,66,65,64,64,61,58,55,54,53,52,52,52,53,52,53,52,53,52,53,54,55,55,56,56,57,178,190,208,223,227,231,237,244,253,259,280,298,298,298,298,297,296,293,292,290,283,283,281,265,262,259,244,219,214,211,208,204,201,197,193,189,184,176,168,159,149,143,125,119,114,108,103,102,103,104,104,105,105,105,106,107,107,107,107,107,107,107,107,107,107,107,107,106,106,106,106,106,106,106,105,105,104,103,103,103,103,102,102,101,101,100,100,99,100,100,99,100,100,99,99,99,98,98,98,97,97,96,96,95,95,95,94,94,93,93,93,92,92,91,91,91,91,90,91,91,91,91,91,91,91,91,92,91,92,92,93,93,94,95,95,95,96,96,97,98,99,100,101,102,103,104,105,106,107,108,109,110,111,111,111,112,112,113,113,115,115,116,116,117,117,117,118,118,118,118,119,120,120,120,120,120,120,120,120,120,120,120,120,120,120,120,120,119,118,118,118,118,117,116,116,116,115,114,113,113,112,111,110,108,108,106,105,102,101,100,100,100,99,98,97,96,95,94,93,91,90,89,88,87,87,86,86,86,87,87,87,87,86,86,86,87,87,87,87,87,87,87,88,88,88,88,88,88,87,87,88,88,88,88,88,88,88,87,87,87,87,87,87,86,86,86,85,85,85,85,84,83,83,83,83,83,81,81,81,81,80,79,79,78,78,78,77,76,76,75,75,74,73,72,72,71,71,70,69,68,68,67,67,66,66,66,64,64,64,63,63,63,62,62,62,61,61,61,61,60,60,61,60,60,60,60,60,60,59,59,59,59,58,59,58,59,58,58,58,58,58,57,57,57,57,56,56,57,56,56,56,57,57,57,57,57,56,56,56,56,56,56,56,56,57,57,56,56,56,57,57,57,57,58,57,57,57,57,57,57,57,56,55,55,55,55,55,54,54,54,54,53,53,52,51,51,51,51,49,49,49,49,48,48,47,46,46,45,45,44,43,43,43,42,42,41,41,40,40,40,40,39,39,39,39,38,38,39,39,39,40,39,40,40,41,42,43,44,46,47,50,52,54,57,59,68,71,72,73,75,77,80,81,83,84,86,86,86,85,85,86,85,54,57,60,64,67,71,75,78,80,83,85,87,89,91,91,90,90,88,87,86,85,79,65,57,51,47,42,40,30,1,1,1,1,1,1,1,1,1,1,1,1,1,1,1,1,1,1,1,1,1,1,1,1,1,1,1,1,1,1,1,1,1,1,1,1,1,1,1,1,1,1,1,1,1,1,1,1,1,1,1,1,1,1,1,1,1
syn_f000559-2-Pre,1,1,1,1,1,1,1,1,1,1,1,1,1,1,1,1,1,1,1,1,1,1,1,1,1,1,1,1,1,1,1,1,1,1,1,1,1,1,1,1,1,1,1,1,1,1,1,1,1,1,1,1,1,1,1,1,1,1,1,1,1,1,1,1,1,1,1,1,1,1,1,1,1,1,1,1,1,1,1,1,1,1,1,1,1,1,1,1,1,1,1,1,1,1,1,1,1,1,1,1,1,1,1,1,1,1,1,1,1,1,1,1,1,17,26,32,38,42,45,48,51,53,55,58,60,62,63,65,66,68,70,70,72,72,74,74,75,75,77,77,77,77,77,77,77,77,77,78,78,77,78,79,80,79,80,80,81,81,81,82,83,83,83,83,83,81,80,78,76,74,74,73,72,72,71,70,69,70,69,69,68,68,67,67,67,67,67,67,67,67,66,65,64,63,61,60,58,55,53,53,52,51,51,52,51,52,52,53,53,54,55,57,57,58,60,60,62,63,64,68,74,81,87,94,101,110,123,156,162,168,173,180,185,189,192,196,200,204,210,217,223,230,235,237,240,243,246,249,253,257,261,266,269,273,279,285,290,294,301,307,307,306,307,305,303,300,289,203,117,111,110,110,112,112,112,112,113,113,113,113,113,114,114,114,114,114,114,114,114,114,114,114,113,113,113,112,111,111,111,111,112,111,111,112,111,112,112,111,112,111,112,112,111,111,112,111,111,111,110,111,111,111,110,110,111,110,110,109,110,109,109,108,108,109,108,108,108,107,107,107,106,106,107,108,109,108,109,110,111,111,112,112,113,113,114,115,116,116,117,118,118,119,119,120,121,121,122,123,123,123,124,125,125,125,125,126,127,127,127,127,127,127,127,128,128,128,128,128,128,128,129,127,127,127,127,126,126,126,126,125,124,124,123,122,121,121,120,119,118,117,116,115,114,113,111,110,108,107,104,102,100,100,99,98,97,96,95,94,93,92,92,90,90,90,89,89,88,88,88,88,88,88,87,87,87,87,87,87,87,87,87,87,87,87,87,87,87,87,86,86,86,86,86,86,86,86,86,85,85,85,85,84,83,83,83,83,83,83,82,82,82,82,80,80,80,80,79,79,79,79,79,77,77,77,76,76,76,76,75,74,74,73,73,73,72,72,71,70,70,70,69,69,68,68,66,66,65,65,64,64,63,63,62,61,61,60,60,60,59,59,59,58,58,58,58,58,58,58,57,58,57,58,58,57,58,57,58,57,57,57,57,57,57,57,56,57,57,57,57,57,56,56,55,56,55,55,55,55,54,54,54,54,54,54,54,54,54,54,53,53,53,53,53,53,53,54,54,53,53,53,53,53,53,53,53,53,53,53,52,51,51,51,51,51,51,50,50,50,50,50,48,48,48,48,48,48,46,46,46,46,46,44,44,44,44,43,42,42,42,42,40,40,40,40,40,38,38,38,38,38,37,36,36,36,36,36,36,36,36,37,38,39,39,40,42,43,45,48,49,52,55,58,60,62,67,72,75,76,78,80,82,83,84,85,85,86,87,87,87,87,86,87,87,65,47,49,51,53,55,58,62,66,69,73,76,79,82,86,87,89,89,90,92,92,92,91,90,88,87,83,73,65,61,56,52,50,43,42,28,24,1,1,1,1,1,1,1,1,1,1,1,1,1,1,1,1,1,1,1,1,1,1,1,1,1,1,1,1,1,1,1,1,1,1,1,1,1,1,1,1,1,1,1,1,1,1,1,1
syn_f000559-3-Pre,1,1,1,1,1,1,1,1,1,1,1,1,1,1,1,1,1,1,1,1,1,1,1,1,1,1,1,1,1,1,1,1,1,1,1,1,1,1,1,1,1,1,1,1,1,1,1,1,1,1,1,1,1,1,1,1,1,1,1,1,1,1,1,1,1,1,1,1,1,1,1,1,1,1,1,1,1,1,1,1,1,1,1,1,1,1,1,1,1,1,1,1,1,1,1,1,1,1,1,1,1,1,1,1,1,1,1,1,1,1,1,1,1,17,26,33,37,42,46,48,51,54,56,58,60,62,64,65,67,68,70,70,71,73,73,74,74,76,76,77,77,77,77,77,78,78,78,78,78,78,78,78,79,79,80,81,80,81,82,82,83,83,83,83,82,82,80,78,76,74,74,73,72,71,71,70,70,70,69,69,68,68,67,67,67,67,67,68,68,67,66,66,66,64,63,61,58,57,54,53,53,53,52,52,53,53,53,53,54,56,57,57,58,60,178,184,190,202,219,226,230,235,240,247,256,262,280,299,300,301,300,300,299,296,295,292,285,284,283,265,262,223,220,217,215,212,210,207,204,200,197,192,188,178,167,150,138,129,123,119,115,112,108,106,107,107,108,108,110,110,111,111,111,111,111,112,112,112,112,112,112,114,114,114,114,114,114,114,114,114,114,114,113,113,112,112,112,111,111,111,112,111,112,112,111,111,112,111,111,111,111,111,110,110,110,110,110,110,109,109,109,108,108,108,108,108,108,107,107,106,106,106,106,106,105,105,105,104,104,103,104,104,105,105,106,107,108,107,108,109,109,111,112,112,114,114,115,116,117,117,119,119,119,121,121,121,123,123,123,124,125,125,125,126,126,127,127,128,128,128,128,128,128,129,129,129,129,129,129,129,129,129,128,128,127,127,127,126,126,126,125,124,123,123,122,121,120,119,118,118,116,115,114,113,111,109,108,106,104,101,100,98,98,97,96,95,94,93,92,91,90,89,88,88,89,88,88,88,88,88,88,88,88,88,88,88,89,89,89,89,89,89,89,90,90,90,90,89,89,89,89,89,89,89,90,90,89,88,88,88,88,88,87,87,86,86,86,85,85,85,85,84,83,83,83,83,83,82,81,81,81,81,80,79,79,79,79,78,77,77,76,76,76,74,74,74,73,73,72,71,71,70,70,69,68,67,66,66,65,65,64,64,62,62,62,61,61,60,60,60,58,59,58,58,59,58,59,58,59,58,58,58,58,58,58,58,58,59,58,58,58,58,58,58,59,58,58,59,58,58,57,58,58,57,57,56,57,57,57,56,56,56,56,56,56,56,56,56,56,55,56,55,56,55,55,55,55,55,55,55,56,55,55,55,55,55,55,54,54,54,54,54,54,53,53,53,53,53,53,51,51,51,51,51,50,49,49,49,49,47,47,47,47,46,45,45,44,44,44,43,42,42,42,40,40,40,40,40,38,38,38,38,37,37,37,36,36,36,37,37,38,39,39,40,42,44,45,48,50,52,55,58,60,63,67,72,75,77,78,81,82,82,84,85,85,85,87,87,87,87,87,86,87,65,47,49,50,53,55,57,62,66,70,72,76,79,83,86,88,88,90,91,92,92,91,90,89,88,87,84,73,66,61,56,52,49,45,43,29,26,1,1,1,1,1,1,1,1,1,1,1,1,1,1,1,1,1,1,1,1,1,1,1,1,1,1,1,1,1,1,1,1,1,1,1,1,1,1,1,1,1,1,1,1,1,1,1,1
syn_f000564-0-Pre,1,1,1,1,1,1,1,1,1,1,1,1,1,1,1,1,1,1,1,1,1,1,1,1,1,1,1,1,1,1,1,1,1,1,1,1,1,1,1,1,1,1,1,1,1,1,1,1,1,1,1,1,1,1,1,1,1,1,1,1,1,1,1,1,1,1,1,1,1,1,1,1,1,1,1,1,1,1,1,1,1,1,1,1,1,1,1,1,1,1,1,1,1,1,1,1,1,1,1,1,1,1,1,1,1,1,1,1,1,1,1,1,1,17,26,34,38,43,47,50,53,56,58,60,62,64,66,68,70,72,72,73,75,75,77,77,79,80,80,80,81,81,81,83,83,83,83,83,84,84,84,84,84,84,85,84,85,86,86,87,86,87,88,88,88,89,88,88,87,86,83,81,78,77,75,75,74,73,72,70,70,69,69,67,66,66,65,65,65,64,64,64,63,62,61,60,57,55,53,52,51,51,51,51,50,51,51,51,51,52,51,52,53,53,54,55,56,57,168,191,216,222,230,247,271,291,291,291,291,289,287,286,284,278,276,276,272,258,257,242,213,210,206,203,199,196,193,190,186,183,179,172,165,161,154,139,132,125,122,118,115,110,105,100,101,102,103,104,105,105,106,107,108,108,109,109,110,110,110,110,111,111,111,111,112,112,111,112,112,111,111,111,110,110,110,109,109,108,107,107,106,104,104,103,101,100,99,97,97,97,96,96,97,97,96,96,97,97,97,97,97,97,97,97,96,96,97,96,96,96,97,96,96,96,97,96,96,96,97,97,97,97,97,97,97,98,97,97,97,98,97,97,97,97,98,98,98,98,97,97,98,98,98,99,99,99,100,100,100,100,101,101,102,102,102,103,103,104,104,104,105,105,105,106,106,107,107,106,107,107,107,107,107,107,107,107,107,107,107,106,107,107,106,106,106,105,106,105,105,104,104,103,103,102,102,102,101,101,100,99,99,98,96,95,95,94,94,94,95,94,94,94,94,93,93,93,92,92,91,92,92,91,91,90,90,89,89,88,88,87,87,86,86,84,84,83,83,82,82,81,81,80,80,80,79,79,79,77,77,77,77,77,76,76,76,76,75,74,74,74,74,73,73,73,73,73,72,72,72,72,71,70,70,69,69,69,68,68,68,67,67,67,67,66,66,66,65,65,65,64,64,64,63,62,62,61,61,61,60,60,60,59,58,58,57,57,57,56,56,56,56,55,55,55,54,54,54,54,55,55,54,54,55,55,56,56,56,57,57,57,58,58,59,59,58,58,58,58,57,57,57,56,57,56,56,56,55,55,55,55,54,54,53,53,53,52,51,51,50,50,50,50,50,50,50,50,49,49,49,49,49,49,49,48,48,48,48,48,47,47,48,48,48,48,47,47,47,47,47,47,46,46,46,46,46,45,45,44,44,44,43,43,43,43,43,41,41,41,41,40,40,39,39,39,39,38,37,37,37,37,37,35,35,35,35,35,35,36,35,35,36,36,36,37,36,36,37,38,39,40,40,41,43,44,46,47,49,51,53,56,58,60,62,65,67,70,72,73,75,77,79,81,83,84,84,84,84,83,46,48,50,51,53,55,58,61,64,68,70,72,75,76,78,80,81,83,84,83,82,80,76,66,57,53,48,42,41,37,1,1,1,1,1,1,1,1,1,1,1,1,1,1,1,1,1,1,1,1,1,1,1,1,1,1,1,1,1,1,1,1,1,1,1,1,1,1,1,1,1,1,1,1,1,1,1,1,1,1
syn_f000564-2-Pre,1,1,1,1,1,1,1,1,1,1,1,1,1,1,1,1,1,1,1,1,1,1,1,1,1,1,1,1,1,1,1,1,1,1,1,1,1,1,1,1,1,1,1,1,1,1,1,1,1,1,1,1,1,1,1,1,1,1,1,1,1,1,1,1,1,1,1,1,1,1,1,1,1,1,1,1,1,1,1,1,1,1,1,1,1,1,1,1,1,1,1,1,1,1,1,1,1,1,1,1,1,1,1,1,1,1,1,1,1,1,1,1,1,16,26,33,38,42,47,50,53,56,58,60,62,64,66,68,70,71,72,74,74,76,76,78,78,79,81,81,81,82,82,82,82,82,83,83,83,83,84,84,84,84,84,85,85,85,86,86,87,88,87,88,88,88,88,87,87,87,84,80,78,77,76,75,75,73,71,71,70,70,69,68,68,66,66,65,66,66,66,65,64,63,63,61,59,58,56,54,54,53,53,52,53,53,53,53,54,53,54,54,55,56,57,57,58,59,60,61,61,62,62,67,165,172,177,185,192,200,209,215,219,224,227,232,238,245,254,259,272,280,295,295,296,296,295,294,291,289,280,280,277,259,209,204,201,196,192,187,182,173,128,120,115,109,105,106,107,108,109,109,110,111,110,111,111,112,112,112,112,112,112,113,112,112,112,112,112,112,112,111,111,111,110,110,110,108,108,108,106,105,104,103,102,101,99,98,98,97,97,98,97,97,97,97,97,97,96,96,96,96,96,96,95,95,94,94,93,93,94,93,93,93,92,92,92,92,93,93,92,92,92,92,92,93,92,92,92,92,91,91,91,92,92,92,92,92,92,92,93,93,94,94,95,95,95,96,96,97,97,98,98,100,101,102,102,103,103,105,105,106,106,106,107,107,107,107,108,108,108,109,109,109,109,109,108,109,109,109,109,109,109,108,108,108,107,107,107,106,106,105,105,104,104,103,103,102,101,101,99,99,98,97,97,95,96,96,95,95,95,94,95,95,94,93,93,92,92,91,90,90,89,88,88,87,87,87,86,85,83,83,82,82,82,82,82,81,81,81,81,81,81,81,81,81,81,81,81,81,81,81,80,80,80,80,80,80,80,80,79,79,79,79,79,78,78,78,78,77,76,76,76,75,75,75,75,74,73,73,73,73,72,72,72,70,70,70,69,69,69,67,67,67,66,66,65,64,64,64,63,62,61,61,61,60,60,60,58,58,57,57,57,56,56,55,55,55,55,55,55,55,56,56,57,57,58,58,57,58,58,59,60,60,61,60,60,59,60,59,59,59,59,58,58,58,58,58,58,57,58,57,56,56,56,56,55,54,55,54,54,54,54,53,53,53,53,53,53,53,53,53,52,52,52,52,52,52,52,51,52,52,52,52,52,51,51,51,51,51,51,50,50,50,50,50,50,49,49,48,48,48,47,47,46,46,45,45,45,44,44,43,42,42,42,42,40,40,40,39,39,39,38,37,37,37,37,36,36,36,37,36,37,37,37,38,38,39,39,40,41,41,43,44,46,48,50,52,53,55,58,60,62,64,68,70,73,73,75,77,79,81,83,84,83,83,84,83,46,47,50,52,53,56,58,60,64,68,71,73,74,77,79,79,81,83,84,83,82,80,77,66,57,52,48,45,43,40,1,1,1,1,1,1,1,1,1,1,1,1,1,1,1,1,1,1,1,1,1,1,1,1,1,1,1,1,1,1,1,1,1,1,1,1,1,1,1,1,1,1,1,1,1,1,1,1,1,1
syn_f000567-1-Pre,1,1,1,1,1,1,1,1,1,1,1,1,1,1,1,1,1,1,1,1,1,1,1,1,1,1,1,1,1,1,1,1,1,1,1,1,1,1,1,1,1,1,1,1,1,1,1,1,1,1,1,1,1,1,1,1,1,1,1,1,1,1,1,1,1,1,1,1,1,1,1,1,1,1,1,1,1,1,1,1,1,1,1,1,1,1,1,1,1,1,1,1,1,1,1,1,1,1,1,1,1,1,1,1,1,1,1,1,1,1,1,1,1,1,1,1,1,1,1,1,1,1,1,18,26,33,37,42,46,49,52,54,56,58,60,62,64,66,68,69,70,71,73,73,75,75,76,76,77,78,78,78,79,79,79,79,79,79,79,79,79,80,80,80,80,81,81,82,83,83,83,84,85,84,84,83,83,81,80,77,74,74,73,72,71,71,69,68,68,68,67,66,66,66,66,66,66,67,67,67,67,67,66,66,65,64,63,61,60,58,57,55,55,54,55,54,55,55,56,56,57,58,58,58,59,60,61,64,71,77,82,86,90,94,100,104,108,115,157,165,172,176,180,184,189,194,200,208,216,223,227,231,233,236,239,244,248,253,258,262,267,275,281,286,292,303,304,304,303,302,301,298,295,285,284,207,203,198,192,184,167,158,145,119,119,119,119,119,120,120,120,120,121,121,121,121,121,121,120,120,120,120,120,120,120,119,119,119,118,117,116,115,115,114,115,115,115,115,116,116,116,116,116,117,117,116,117,117,117,117,117,117,117,117,117,117,117,117,116,117,117,117,117,116,116,116,116,117,117,116,116,116,116,115,115,115,115,114,114,113,113,113,113,112,112,112,112,112,114,115,115,117,118,119,120,121,123,123,125,125,126,128,128,129,130,130,131,132,133,133,134,134,134,134,134,134,135,135,134,134,134,134,134,134,133,133,133,133,133,132,132,132,132,131,131,130,131,130,130,129,129,128,128,127,126,126,125,124,124,122,121,120,119,118,117,117,117,116,116,117,116,116,115,115,114,114,113,113,112,112,111,110,110,109,108,107,106,105,104,101,98,97,96,95,95,94,94,93,92,92,92,91,92,91,91,90,90,90,90,90,89,89,88,88,87,87,87,86,86,86,86,85,85,85,83,83,83,82,82,82,81,81,81,81,80,80,78,78,78,77,77,76,76,76,75,75,73,73,72,72,71,71,70,69,69,68,68,67,65,65,64,64,63,63,61,61,61,60,60,60,60,59,59,60,60,59,60,60,60,60,60,60,60,60,60,59,59,58,57,58,57,56,57,56,57,56,56,55,55,54,54,53,53,53,53,52,51,51,51,51,51,51,51,51,51,51,52,52,52,52,53,52,52,52,52,52,52,53,53,52,52,52,52,52,52,51,51,51,51,50,50,50,50,50,48,48,48,48,48,47,47,47,46,45,45,45,44,44,43,43,42,42,42,42,42,41,41,41,41,41,41,41,41,42,42,42,42,43,43,44,45,45,47,48,49,51,53,56,57,60,65,69,72,74,76,77,80,81,81,82,83,85,87,87,87,87,86,87,76,49,51,52,55,57,60,63,66,69,72,74,77,80,82,84,87,89,88,87,86,84,80,76,70,63,58,54,48,44,36,26,1,1,1,1,1,1,1,1,1,1,1,1,1,1,1,1,1,1,1,1,1,1,1,1,1,1,1,1,1,1,1,1,1,1,1,1,1,1,1,1,1,1,1,1,1,1,1,1,1,1,1,1,1,1,1,1,1,1
syn_f000578-2-Pre,1,1,1,1,1,1,1,1,1,1,1,1,1,1,1,1,1,1,1,1,1,1,1,1,1,1,1,1,1,1,1,1,1,1,1,1,1,1,1,1,1,1,1,1,1,1,1,1,1,1,1,1,1,1,1,1,1,1,1,1,1,1,1,1,1,1,1,1,1,1,1,1,1,1,1,1,1,1,1,1,1,1,1,1,1,1,1,1,1,1,1,1,1,1,1,1,1,1,1,1,1,1,1,1,1,1,1,1,1,1,1,1,1,1,1,1,29,33,36,40,44,48,51,53,56,58,60,62,64,65,67,68,70,71,71,73,73,74,74,76,76,77,78,78,78,78,78,78,78,79,79,79,80,80,82,81,82,83,83,83,84,85,85,86,85,85,85,83,82,79,78,76,76,75,74,73,72,71,70,69,69,69,68,68,67,66,66,66,66,66,66,66,67,67,67,66,67,66,66,66,65,65,64,64,65,64,65,65,65,65,64,64,64,64,77,89,98,107,191,197,201,206,211,218,226,232,235,239,242,244,247,249,253,256,260,265,270,276,281,286,297,303,318,320,320,320,319,318,316,313,311,303,301,280,237,233,230,228,225,221,218,214,210,205,199,187,180,175,166,159,154,149,143,134,129,127,128,128,129,129,130,130,130,130,130,130,130,130,130,130,129,129,129,128,127,126,125,124,124,123,122,122,123,124,124,125,124,125,125,125,125,126,125,126,126,126,127,126,127,127,127,127,127,127,127,128,128,128,128,128,129,128,129,129,129,129,129,129,130,129,129,128,128,127,126,126,126,126,126,126,126,127,128,130,131,133,133,135,136,137,139,139,141,141,143,143,144,145,145,146,147,147,149,149,150,150,150,150,150,150,150,151,151,151,150,149,149,149,148,148,148,147,147,147,145,144,143,143,142,140,139,139,138,136,135,134,132,131,131,130,128,127,126,124,123,123,121,120,118,116,115,114,115,114,114,114,113,113,113,112,112,111,110,110,110,110,109,108,107,107,106,105,104,103,102,101,101,101,101,100,100,100,99,99,99,99,98,98,99,99,99,99,99,98,99,99,99,98,98,98,98,98,97,97,97,97,96,96,96,95,95,96,96,94,94,94,94,93,93,93,92,92,92,91,90,90,90,89,89,88,88,87,87,86,85,85,84,84,83,83,82,81,80,80,79,79,77,77,76,75,73,72,72,71,70,69,68,68,67,66,65,64,64,64,63,63,62,61,61,61,60,60,59,60,59,60,59,60,59,60,59,60,59,60,59,60,60,60,60,60,61,61,61,61,61,60,60,59,60,60,59,59,59,60,59,59,59,59,59,58,58,57,57,57,57,57,58,58,59,59,58,58,58,58,59,59,59,59,58,59,59,59,59,58,58,58,58,57,57,57,57,57,56,56,55,55,54,54,54,54,52,52,52,52,52,51,51,51,51,50,50,50,49,49,49,49,48,48,48,48,47,47,47,47,47,46,46,46,46,46,46,46,46,45,46,48,49,51,53,56,58,67,73,75,76,79,80,81,83,85,85,86,87,87,86,86,87,87,88,87,87,87,46,49,50,51,53,55,57,60,63,66,70,72,75,78,80,83,86,88,90,91,93,93,91,90,89,88,87,82,76,67,62,57,53,48,42,32,22,1,1,1,1,1,1,1,1,1,1,1,1,1,1,1,1,1,1,1,1,1,1,1,1,1,1,1,1,1,1,1,1,1,1,1,1,1,1,1,1,1,1,1,1,1,1,1,1,1
syn_f000579-2-Pre,1,1,1,1,1,1,1,1,1,1,1,1,1,1,1,1,1,1,1,1,1,1,1,1,1,1,1,1,1,1,1,1,1,1,1,1,1,1,1,1,1,1,1,1,1,1,1,1,1,1,1,1,1,1,1,1,1,1,1,1,1,1,1,1,1,1,1,1,1,1,1,1,1,1,1,1,1,1,1,1,1,1,1,1,1,1,1,1,1,1,1,1,1,1,1,1,1,1,1,1,1,1,1,1,1,1,1,1,1,1,1,1,1,1,1,1,1,1,1,1,1,1,1,1,1,1,1,1,1,1,1,1,1,1,1,1,1,1,1,1,1,1,1,1,1,20,27,33,38,41,45,48,50,53,55,56,59,59,62,64,65,66,66,68,68,70,70,71,71,72,73,73,73,73,73,73,74,74,74,74,74,74,75,75,75,76,77,78,78,78,79,79,78,78,77,76,73,72,70,70,69,69,68,67,66,65,65,64,63,63,62,61,61,61,61,61,60,60,59,58,57,56,52,46,43,42,42,42,41,42,41,42,42,42,42,43,43,43,44,44,44,45,45,46,47,51,159,169,179,199,204,207,212,219,226,233,246,263,265,265,265,264,262,260,258,250,250,247,230,178,173,168,164,157,138,92,86,80,74,68,69,70,70,71,71,71,72,72,72,73,73,74,74,74,75,75,75,75,75,75,75,76,76,76,76,76,76,76,75,74,74,74,74,73,73,72,72,71,70,71,71,70,70,69,69,69,68,68,68,67,67,67,67,67,67,66,66,66,66,65,65,65,65,65,66,66,66,66,66,66,67,67,67,67,67,68,68,68,68,68,69,70,70,71,71,72,73,73,73,74,75,76,76,77,77,78,78,79,79,80,80,81,81,81,83,83,83,83,85,85,85,85,85,85,86,86,86,86,86,86,86,86,86,86,86,86,86,86,86,85,84,84,83,83,83,82,82,81,80,79,79,77,77,76,74,74,73,72,72,72,72,71,70,69,68,69,68,68,67,67,66,66,66,65,65,64,64,64,65,65,65,64,64,64,64,64,64,64,65,65,65,65,65,65,65,65,65,65,65,65,65,65,65,64,65,64,64,64,64,63,63,63,63,63,62,61,61,61,61,60,59,59,58,58,58,57,56,56,55,55,54,53,53,53,52,52,51,50,50,49,49,48,48,48,47,47,46,46,45,45,44,44,44,45,45,45,46,46,47,47,48,48,48,48,49,49,50,49,50,49,49,49,49,49,48,47,47,47,46,46,45,44,44,43,43,43,42,42,41,41,41,41,41,42,42,41,42,42,42,42,42,42,43,42,42,42,42,42,42,42,42,42,41,41,41,41,41,40,40,40,40,39,39,38,38,38,38,37,37,37,37,36,36,36,35,35,35,34,34,34,33,33,33,33,32,32,32,32,31,31,31,31,31,30,30,30,30,31,31,30,31,31,32,33,34,35,37,39,41,43,45,47,50,51,53,55,58,60,61,67,70,73,75,75,75,78,78,78,78,78,77,73,59,61,64,68,75,77,79,80,81,82,82,81,81,80,80,79,78,74,57,49,45,42,38,1,1,1,1,1,1,1,1,1,1,1,1,1,1,1,1,1,1,1,1,1,1,1,1,1,1,1,1,1,1,1,1,1,1,1,1,1,1,1,1,1,1,1,1,1,1,1,1,1,1,1,1,1,1,1,1,1,1,1,1,1,1,1,1,1,1,1,1,1,1,1,1,1,1,1,1,1,1,1,1,1,1,1
syn_f000581-2-Pre,1,1,1,1,1,1,1,1,1,1,1,1,1,1,1,1,1,1,1,1,1,1,1,1,1,1,1,1,1,1,1,1,1,1,1,1,1,1,1,1,1,1,1,1,1,1,1,1,1,1,1,1,1,1,1,1,1,1,1,1,1,1,1,1,1,1,1,1,1,1,1,1,1,1,1,1,1,1,1,1,1,1,1,1,1,1,1,1,1,1,1,1,1,1,1,1,1,1,1,1,1,1,1,1,1,1,1,1,1,1,1,1,1,1,1,1,1,1,1,1,16,24,31,35,40,44,46,49,52,54,55,57,58,60,62,63,65,65,67,67,69,69,70,70,71,72,72,72,72,72,73,73,73,73,73,73,73,74,74,74,74,75,76,76,77,77,78,78,78,78,77,76,73,72,70,68,68,67,67,66,65,64,63,62,62,61,61,61,60,60,60,60,60,60,60,60,59,59,58,56,53,52,50,49,49,48,48,47,47,47,48,48,47,48,48,48,48,49,49,49,51,52,52,53,53,55,59,64,73,153,160,167,172,178,183,188,194,199,205,215,222,226,231,234,238,243,251,256,261,270,278,284,296,296,297,297,296,294,290,288,281,184,169,158,97,87,87,88,88,89,89,89,90,90,90,89,89,90,90,90,89,89,88,88,87,87,87,87,85,85,85,84,83,83,82,82,82,81,81,81,80,80,80,80,80,80,80,79,79,79,79,79,79,79,79,78,78,78,77,77,76,75,75,75,74,73,73,72,72,72,72,72,72,71,71,71,71,71,70,70,70,70,70,70,70,71,72,72,73,73,75,75,76,77,78,79,80,81,82,84,85,86,87,89,89,89,90,91,92,92,92,93,93,93,94,94,95,95,95,96,96,96,96,96,96,96,96,96,95,95,95,95,94,94,94,93,93,93,92,92,92,91,91,91,90,90,90,88,88,87,87,86,86,86,86,85,85,85,84,84,83,84,83,83,82,82,81,81,80,80,80,79,78,77,76,75,75,74,74,74,73,73,73,72,72,72,72,72,72,72,72,72,72,72,72,72,71,71,71,71,71,71,71,70,69,69,69,69,68,68,68,68,68,67,67,67,67,67,67,66,65,65,65,65,65,65,64,63,63,63,63,63,63,62,61,61,59,59,59,58,58,57,57,56,56,54,54,54,53,52,52,51,51,51,51,49,49,50,49,49,49,49,49,49,49,49,49,49,50,50,51,51,52,52,52,53,52,53,54,54,55,55,55,55,55,55,56,56,56,56,55,56,55,55,55,55,55,54,53,54,53,53,52,52,52,51,51,50,51,50,50,50,50,50,49,49,49,49,47,47,47,47,47,47,46,46,46,46,47,47,46,46,46,46,46,46,45,45,45,45,45,45,45,44,44,44,44,43,43,43,43,42,41,41,41,41,40,40,40,39,38,38,38,37,37,37,36,36,36,36,35,35,35,35,35,34,34,34,34,34,33,34,34,34,35,35,34,35,36,37,38,39,40,42,45,46,48,50,52,55,57,58,60,62,64,68,71,72,75,76,78,80,81,82,82,82,82,82,82,79,66,49,51,53,55,57,60,63,67,70,74,77,81,83,86,88,89,89,88,87,86,85,84,78,62,56,50,47,46,44,41,1,1,1,1,1,1,1,1,1,1,1,1,1,1,1,1,1,1,1,1,1,1,1,1,1,1,1,1,1,1,1,1,1,1,1,1,1,1,1,1,1,1,1,1,1,1,1,1,1,1,1,1,1,1,1,1,1
syn_f000584-2-Pre,1,1,1,1,1,1,1,1,1,1,1,1,1,1,1,1,1,1,1,1,1,1,1,1,1,1,1,1,1,1,1,1,1,1,1,1,1,1,1,1,1,1,1,1,1,1,1,1,1,1,1,1,1,1,1,1,1,1,1,1,1,1,1,1,1,1,1,1,1,1,1,1,1,1,1,1,1,1,1,1,1,1,1,1,1,1,1,1,1,1,1,1,1,1,1,1,1,1,1,1,1,1,1,1,1,1,1,1,1,1,1,1,1,1,1,1,1,1,1,1,1,1,1,1,1,1,1,1,16,25,31,36,39,43,46,48,51,52,54,56,57,59,60,62,63,64,65,66,66,67,68,69,69,69,70,70,70,70,70,70,70,70,71,71,71,71,71,71,72,72,72,73,73,74,74,74,74,74,72,72,70,66,64,63,62,61,61,60,58,59,58,58,57,57,56,56,56,56,56,56,56,56,55,54,50,42,41,41,41,41,41,42,41,42,42,42,43,44,43,44,44,45,46,49,52,58,62,70,79,156,163,169,174,178,183,188,194,200,211,220,224,228,231,236,241,247,252,257,266,273,279,289,289,289,288,288,285,282,273,272,194,184,176,80,80,81,81,82,83,84,84,85,85,85,86,86,86,87,87,87,87,87,87,86,86,86,86,86,86,86,86,85,85,84,84,83,82,81,80,79,77,76,77,76,76,76,75,75,74,74,74,72,72,72,72,71,71,70,70,70,70,69,69,69,69,69,69,68,67,67,67,66,66,66,66,66,66,66,66,66,66,66,66,67,67,67,67,68,68,68,69,69,69,69,71,71,71,72,72,74,74,74,75,76,77,77,78,78,78,79,79,79,80,80,80,81,81,80,80,80,80,79,79,78,79,78,78,78,77,77,77,77,76,76,75,75,74,75,75,75,76,76,76,75,76,76,76,76,76,77,76,76,76,76,76,75,75,75,75,74,74,74,73,73,72,71,70,70,69,68,67,66,67,66,66,65,64,64,64,64,63,63,63,63,63,63,63,63,62,62,62,62,62,62,62,62,61,61,61,61,61,61,60,60,60,60,60,60,59,59,59,59,59,58,58,58,58,57,57,57,57,56,56,56,56,55,54,54,54,53,53,53,52,52,51,50,50,50,49,49,49,48,47,47,46,46,45,45,45,45,45,44,44,44,44,44,44,44,44,43,43,43,44,44,44,44,44,44,44,43,44,44,44,44,44,44,45,45,44,45,45,45,45,46,45,45,45,45,46,45,46,46,45,46,45,45,44,44,44,43,43,42,42,42,43,43,43,43,43,43,43,43,44,44,44,45,45,45,44,44,45,45,45,45,46,46,46,46,45,45,45,45,45,45,45,45,45,45,45,45,45,44,44,44,44,44,43,43,43,43,43,42,42,42,42,41,41,41,41,40,40,40,39,39,39,39,39,38,38,38,38,38,38,37,37,37,37,37,37,37,37,37,36,36,36,36,36,36,37,38,41,43,45,47,50,53,55,58,60,62,65,69,73,76,78,79,82,86,89,90,90,90,90,90,89,83,69,57,61,66,70,74,80,85,88,89,91,92,93,92,92,91,89,87,86,84,70,57,50,45,36,34,1,1,1,1,1,1,1,1,1,1,1,1,1,1,1,1,1,1,1,1,1,1,1,1,1,1,1,1,1,1,1,1,1,1,1,1,1,1,1,1,1,1,1,1,1,1,1,1,1,1,1,1,1,1,1,1,1,1,1,1,1,1,1,1,1,1
syn_f000608-0-Pre,1,1,1,1,1,1,1,1,1,1,1,1,1,1,1,1,1,1,1,1,1,1,1,1,1,1,1,1,1,1,1,1,1,1,1,1,1,1,1,1,1,1,1,1,1,1,1,1,1,1,1,1,1,1,1,1,1,1,1,1,1,1,1,1,1,1,1,1,1,1,1,1,1,1,1,1,1,1,1,1,1,1,1,1,1,1,1,1,1,1,1,1,1,1,1,1,1,1,1,1,1,1,1,1,1,1,1,1,1,1,1,1,1,1,1,1,1,1,1,1,1,1,1,1,1,1,1,1,9,22,30,35,40,44,47,50,53,55,57,59,61,63,65,66,68,69,70,72,72,74,74,75,75,77,77,77,77,78,78,78,78,78,78,79,79,79,79,80,80,79,80,81,81,81,82,83,83,83,84,84,84,82,81,79,77,77,75,75,75,74,73,72,71,70,69,70,68,67,66,66,65,65,65,64,64,64,64,64,63,62,61,61,59,57,56,54,53,52,52,51,51,51,51,50,50,50,50,50,51,51,51,52,51,52,53,53,53,54,54,57,60,63,67,70,75,78,84,147,153,159,164,170,175,181,189,204,217,222,228,233,238,245,250,255,263,270,275,285,287,288,288,287,285,283,281,272,189,182,170,100,101,102,102,103,104,104,105,104,105,105,106,106,106,106,106,106,107,106,106,106,106,105,105,105,104,104,104,103,103,103,102,102,100,100,98,98,97,95,94,93,92,91,91,92,92,92,92,92,93,93,94,93,93,93,93,93,92,93,93,93,93,93,93,94,94,94,95,95,96,96,95,96,96,97,97,97,98,97,97,97,96,96,95,95,95,95,95,96,96,97,98,99,99,98,99,99,99,100,100,102,102,102,103,103,103,104,104,103,104,104,104,105,105,105,105,106,105,105,105,105,105,105,104,105,104,103,103,102,102,101,101,101,100,99,98,97,98,97,96,95,94,93,92,91,90,90,90,90,90,89,89,89,89,89,89,89,88,88,88,87,87,87,87,87,87,86,85,85,84,83,83,82,82,81,80,79,79,78,77,77,77,77,76,76,76,76,76,76,75,75,75,74,74,74,74,74,74,74,73,73,73,73,73,73,72,72,72,70,70,70,70,69,69,69,68,68,68,68,67,67,67,66,65,65,65,64,64,63,62,62,62,61,61,61,59,59,58,58,58,57,56,56,55,55,55,55,54,54,54,54,53,53,54,54,54,55,55,55,55,55,56,56,56,57,56,56,57,56,56,56,56,55,55,55,54,54,54,53,53,52,52,52,51,51,50,49,48,48,47,48,47,47,47,47,46,45,45,45,45,46,46,46,46,46,46,46,46,46,46,46,46,46,46,46,46,46,45,45,45,45,45,45,45,45,44,43,43,43,43,43,42,42,41,41,41,40,40,39,39,38,38,38,38,37,36,36,36,36,36,35,35,35,35,35,35,35,35,35,34,34,34,34,34,35,36,37,38,39,41,42,45,47,49,52,54,57,59,63,70,72,73,75,77,78,78,80,81,82,85,84,84,84,84,85,74,50,52,56,59,62,66,68,71,73,77,79,81,82,83,85,86,87,86,85,84,83,81,75,64,58,53,47,39,28,1,1,1,1,1,1,1,1,1,1,1,1,1,1,1,1,1,1,1,1,1,1,1,1,1,1,1,1,1,1,1,1,1,1,1,1,1,1,1,1,1,1,1,1,1,1,1,1,1,1,1,1,1,1,1,1,1,1,1,1,1,1,1,1
syn_f000615-0-Pre,1,1,1,1,1,1,1,1,1,1,1,1,1,1,1,1,1,1,1,1,1,1,1,1,1,1,1,1,1,1,1,1,1,1,1,1,1,1,1,1,1,1,1,1,1,1,1,1,1,1,1,1,1,1,1,1,1,1,1,1,1,1,1,1,1,1,1,1,1,1,1,1,1,1,1,1,1,1,1,1,1,1,1,1,1,1,1,1,1,1,1,1,1,1,1,1,1,1,1,1,1,1,1,1,1,1,1,1,1,1,1,1,14,23,30,36,39,43,46,49,51,53,55,57,59,61,62,64,65,66,67,68,69,70,70,71,72,72,72,72,72,73,73,73,74,74,75,75,75,75,75,75,76,77,77,78,78,79,79,80,80,80,81,80,80,78,77,75,72,70,69,69,68,67,65,65,63,62,62,62,61,60,60,60,60,60,59,59,60,60,60,59,58,57,55,53,51,50,50,49,50,50,50,50,50,50,50,52,52,53,53,54,53,54,55,55,54,54,56,61,66,72,79,90,158,164,172,178,182,188,193,199,209,234,238,241,244,249,254,259,265,269,276,285,291,298,308,308,308,307,306,304,301,298,291,288,176,163,88,89,90,90,91,91,92,92,93,93,93,93,94,93,93,93,93,93,92,93,92,93,92,92,91,91,91,90,91,89,89,89,87,87,85,84,83,81,80,79,77,77,78,78,77,78,78,77,77,77,78,77,77,77,77,77,77,77,76,76,76,76,75,75,75,75,76,75,75,75,75,75,75,75,75,75,75,75,75,75,75,75,76,76,77,77,77,78,78,80,80,80,80,81,81,82,82,82,84,84,85,85,87,87,88,88,88,88,88,88,89,89,90,89,90,90,90,90,90,90,90,90,90,90,89,90,90,89,90,89,89,88,89,88,88,87,87,86,86,86,85,86,86,86,87,87,87,87,86,86,87,87,87,87,87,87,86,86,87,87,87,86,86,86,85,85,86,85,85,84,83,82,82,81,81,80,80,79,79,78,78,77,76,76,76,75,75,74,74,73,73,73,73,72,71,71,71,71,71,70,69,69,69,69,68,68,68,68,67,67,67,67,67,66,66,66,66,66,65,65,65,65,65,64,64,64,64,64,63,63,63,63,62,62,62,61,60,60,60,60,59,59,59,59,58,57,57,57,57,56,56,56,55,55,54,54,54,54,54,54,53,53,53,53,53,53,53,53,53,53,53,54,54,53,53,53,53,53,54,54,54,54,54,54,55,54,54,54,54,54,53,54,53,53,53,53,53,52,53,52,52,51,52,51,51,50,51,50,49,49,48,48,47,47,46,47,47,47,47,47,46,46,46,45,46,46,46,45,45,45,45,45,44,44,44,44,45,45,44,44,44,44,44,44,44,43,43,43,43,43,43,42,42,42,42,41,41,40,40,40,40,40,40,40,39,38,38,38,38,38,38,38,38,37,37,37,37,37,37,37,37,37,37,37,37,36,36,36,36,36,36,36,36,36,37,37,37,38,38,38,39,40,41,43,45,46,49,52,54,57,59,62,66,68,70,74,76,79,80,83,84,86,89,90,91,91,91,91,91,91,82,56,59,62,65,68,72,75,79,83,87,89,90,91,93,93,94,93,91,91,89,86,83,71,61,54,46,41,24,1,1,1,1,1,1,1,1,1,1,1,1,1,1,1,1,1,1,1,1,1,1,1,1,1,1,1,1,1,1,1,1,1,1,1,1,1,1,1,1,1,1,1,1,1,1,1,1,1,1,1
syn_f000625-3-Pre,1,1,1,1,1,1,1,1,1,1,1,1,1,1,1,1,1,1,1,1,1,1,1,1,1,1,1,1,1,1,1,1,1,1,1,1,1,1,1,1,1,1,1,1,1,1,1,1,1,1,1,1,1,1,1,1,1,1,1,1,1,1,1,1,1,1,1,1,1,1,1,1,1,1,1,1,1,1,1,1,1,1,1,1,1,1,1,1,1,1,1,1,1,1,1,1,1,1,1,1,1,1,1,1,1,1,1,1,1,1,1,1,1,1,1,1,1,1,1,1,1,1,1,1,1,20,28,33,37,41,45,48,51,53,55,57,59,61,62,64,65,66,67,68,69,70,70,72,72,72,72,73,73,73,73,73,73,73,74,75,75,74,75,75,75,76,76,77,78,78,78,79,80,79,80,79,79,78,75,73,70,68,67,67,65,63,63,62,62,61,61,60,60,59,60,60,60,60,59,58,58,56,53,51,50,49,48,49,48,48,49,48,49,49,49,49,50,50,50,51,52,52,53,54,53,56,165,171,179,186,193,198,205,211,215,220,224,230,236,244,251,261,270,279,288,288,288,287,287,285,282,279,272,270,252,197,191,185,179,174,164,155,81,81,83,83,84,84,85,86,86,86,87,87,87,87,87,87,87,87,87,86,87,87,87,87,86,86,86,86,84,84,84,84,82,82,82,81,80,80,80,80,80,80,80,79,79,80,80,79,79,78,78,77,77,77,77,75,75,75,75,73,73,72,72,70,69,69,69,68,67,67,68,67,67,67,68,68,67,67,67,68,69,69,70,71,73,74,76,77,78,79,80,79,80,81,81,82,83,83,84,83,84,84,84,85,85,86,86,86,86,87,87,87,87,88,88,88,88,89,89,90,90,90,90,90,90,90,90,90,90,91,91,90,89,89,89,89,89,89,89,88,88,87,87,86,86,86,85,84,84,83,82,82,82,81,81,81,80,80,79,79,78,77,77,76,75,73,72,72,71,70,70,70,69,69,69,69,69,69,69,69,69,69,70,70,70,70,69,69,69,69,70,70,70,70,70,70,71,70,70,70,70,71,71,71,71,70,70,70,70,70,70,70,69,68,68,68,68,68,67,67,67,67,66,65,65,65,65,65,64,63,63,63,63,62,61,61,60,60,60,60,58,58,58,57,57,57,55,55,55,54,54,54,54,53,53,53,53,52,52,52,52,52,51,51,51,51,51,52,52,53,53,54,54,54,55,55,56,57,57,57,57,58,57,58,57,58,58,58,58,58,57,58,57,56,57,56,55,55,55,55,54,53,53,53,53,52,52,52,52,52,52,52,52,52,52,51,51,51,51,51,51,51,51,52,52,51,51,52,52,52,52,52,52,51,50,50,50,50,50,50,50,50,50,48,48,48,48,47,47,47,46,45,45,45,44,44,43,43,42,42,42,41,40,40,39,39,39,38,37,37,37,36,36,36,36,36,35,34,34,34,34,34,34,34,34,35,36,37,38,39,41,42,45,47,48,51,53,55,56,58,60,62,66,69,70,73,74,78,82,84,84,84,84,85,84,81,69,56,59,63,66,70,73,76,80,81,83,85,86,86,86,85,83,83,83,81,77,62,55,50,45,43,40,1,1,1,1,1,1,1,1,1,1,1,1,1,1,1,1,1,1,1,1,1,1,1,1,1,1,1,1,1,1,1,1,1,1,1,1,1,1,1,1,1,1,1,1,1,1,1,1,1,1,1,1,1,1,1,1,1,1,1,1,1,1,1
syn_f000642-1-Pre,1,1,1,1,1,1,1,1,1,1,1,1,1,1,1,1,1,1,1,1,1,1,1,1,1,1,1,1,1,1,1,1,1,1,1,1,1,1,1,1,1,1,1,1,1,1,1,1,1,1,1,1,1,1,1,1,1,1,1,1,1,1,1,1,1,1,1,1,1,1,1,1,1,1,1,1,1,1,1,1,1,1,1,1,1,1,1,1,16,24,31,36,40,43,45,49,52,54,56,58,60,61,63,64,66,66,68,69,69,70,70,72,72,73,73,73,73,74,74,74,74,74,74,75,75,76,77,77,78,79,80,81,81,82,82,82,80,80,79,78,76,76,75,75,74,75,73,73,71,70,70,69,68,66,65,65,63,63,62,62,62,60,60,59,58,57,55,52,50,47,46,45,44,43,42,41,40,41,40,40,40,40,39,39,39,40,39,39,40,39,40,39,40,40,40,40,41,42,42,43,43,44,48,53,59,95,113,143,154,160,167,173,178,184,189,196,203,212,235,239,243,249,255,261,266,271,280,287,293,305,306,305,305,304,302,298,295,288,285,181,66,66,66,67,67,67,67,67,67,67,67,67,66,66,66,67,67,65,65,64,64,64,64,63,63,62,62,62,62,61,61,60,59,59,58,58,58,58,59,59,59,59,58,58,58,58,59,59,59,59,59,59,59,59,59,59,59,58,58,58,58,58,58,58,58,59,58,58,58,58,59,58,59,59,59,60,60,61,61,61,61,61,61,61,61,61,61,61,61,61,61,61,60,61,61,61,60,61,61,61,62,61,62,63,63,64,64,64,65,66,66,67,68,68,68,69,69,70,70,71,73,73,74,74,75,75,76,76,77,77,77,78,78,78,79,79,79,79,79,80,80,80,80,80,80,81,81,82,82,83,83,84,84,84,84,84,85,85,84,84,84,85,84,84,85,85,84,85,85,85,84,84,84,84,84,84,83,83,83,82,82,81,81,80,79,78,79,78,77,77,76,76,75,75,75,74,74,74,74,74,74,73,73,73,73,73,73,73,72,72,72,71,71,71,70,70,70,70,70,70,69,69,69,69,69,69,68,68,68,68,68,67,67,67,67,67,66,66,66,66,66,65,65,66,66,66,65,65,65,65,65,64,64,64,64,64,63,63,63,63,62,61,61,61,61,60,60,60,60,59,59,59,59,57,57,57,57,56,56,56,56,55,55,55,55,54,54,54,54,54,53,53,53,52,52,52,52,52,52,52,53,53,53,53,54,54,54,54,54,54,54,54,54,54,54,53,54,53,54,54,54,54,53,54,54,53,54,53,53,53,53,53,52,53,52,52,52,52,52,52,51,51,52,52,52,52,52,52,52,52,52,52,52,53,53,53,53,52,52,51,51,51,51,51,51,51,50,50,50,50,50,50,50,49,49,49,49,49,49,48,48,48,48,48,48,48,47,47,47,47,47,46,46,45,45,45,45,45,45,44,44,44,44,44,44,43,43,43,43,43,42,42,42,42,42,42,41,41,41,41,41,41,40,40,40,40,40,40,40,39,39,39,39,40,41,42,44,45,48,49,51,54,56,58,61,62,64,66,70,75,77,79,81,81,83,83,85,85,85,87,87,87,88,88,87,78,49,51,53,55,56,59,61,64,67,70,73,76,79,82,85,89,91,93,94,95,96,96,95,94,93,87,73,64,59,55,50,45,42,39,35,1,1,1,1,1,1,1,1,1,1,1,1,1,1,1,1,1,1,1,1,1,1,1,1,1,1,1
syn_f000647-2-Pre,1,1,1,1,1,1,1,1,1,1,1,1,1,1,1,1,1,1,1,1,1,1,1,1,1,1,1,1,1,1,1,1,1,1,1,1,1,1,1,1,1,1,1,1,1,1,1,1,1,1,1,1,1,1,1,1,1,1,1,1,1,1,1,1,1,1,1,1,1,1,1,1,1,1,1,1,1,1,1,1,1,1,1,1,1,1,1,1,1,1,1,1,1,1,1,1,1,1,1,1,1,1,1,1,1,1,1,1,1,1,1,1,1,1,1,1,17,25,32,37,40,44,47,50,52,54,56,58,60,61,63,64,66,66,68,69,70,70,70,72,72,73,73,73,73,73,73,73,73,73,73,73,73,74,74,74,74,75,75,75,76,77,78,77,78,78,77,76,74,74,72,71,70,71,70,69,68,68,66,66,66,65,63,63,61,61,61,61,61,61,61,60,60,59,58,57,56,54,52,52,51,50,50,51,50,50,50,50,50,51,51,51,52,52,52,53,53,53,53,54,54,55,55,55,55,55,60,68,76,86,103,146,153,161,169,173,178,183,190,199,206,211,215,218,222,227,232,238,244,250,256,264,269,275,284,286,286,285,284,281,278,270,190,181,164,87,88,89,88,89,89,90,90,91,91,92,92,92,92,92,92,92,93,93,93,94,93,94,94,94,94,94,94,94,94,94,93,93,92,92,92,92,91,91,90,90,89,89,89,89,88,89,90,89,90,90,90,90,91,90,90,89,90,90,89,89,89,88,88,88,87,87,87,87,86,86,85,84,84,84,84,84,84,82,82,82,82,82,83,83,83,84,84,85,87,87,88,89,89,91,92,92,93,94,95,96,97,98,98,99,100,101,101,102,102,103,103,103,104,104,104,105,105,106,106,106,106,107,107,107,107,107,108,108,108,108,108,108,108,108,108,108,108,108,107,107,107,107,106,106,105,105,104,104,103,102,101,101,100,98,97,95,93,93,93,92,92,91,91,91,91,90,90,89,89,88,87,86,85,84,82,81,80,80,80,79,78,78,78,77,76,76,76,76,76,76,76,76,76,76,76,76,75,75,75,75,75,75,75,75,75,74,74,74,74,73,72,72,72,72,72,72,72,71,71,71,71,70,70,70,70,69,69,69,69,68,68,68,67,67,67,67,66,66,65,65,65,64,63,63,63,62,62,62,61,61,61,60,59,59,58,58,57,57,58,57,57,56,56,56,55,55,54,54,54,53,53,54,53,53,53,54,54,54,54,54,54,55,54,54,54,54,54,54,53,54,53,52,53,52,52,52,51,51,51,50,50,49,48,48,48,47,47,46,47,47,46,46,46,46,46,46,46,46,46,46,46,46,45,45,45,45,45,45,45,46,46,46,45,45,45,45,45,45,44,45,44,44,43,43,43,43,43,43,42,42,42,42,41,41,40,40,40,40,40,39,38,38,38,38,37,37,37,37,37,36,35,35,35,35,35,35,35,35,34,33,33,33,33,33,33,33,33,34,34,36,36,38,40,42,44,46,48,50,52,54,57,59,61,63,64,67,70,72,74,75,76,77,78,79,81,82,82,82,82,47,49,51,53,56,59,62,65,69,71,74,76,79,80,81,82,83,84,86,86,85,83,77,60,54,49,47,43,38,1,1,1,1,1,1,1,1,1,1,1,1,1,1,1,1,1,1,1,1,1,1,1,1,1,1,1,1,1,1,1,1,1,1,1,1,1,1,1,1,1,1,1,1,1,1,1,1,1,1,1,1,1,1
syn_f000653-3-Pre,1,1,1,1,1,1,1,1,1,1,1,1,1,1,1,1,1,1,1,1,1,1,1,1,1,1,1,1,1,1,1,1,1,1,1,1,1,1,1,1,1,1,1,1,1,1,1,1,1,1,1,1,1,1,1,1,1,1,1,1,1,1,1,1,1,1,1,1,1,1,1,1,1,1,1,1,1,1,1,1,1,1,1,1,1,1,1,1,1,1,1,1,1,1,1,1,1,1,1,1,1,1,1,1,1,1,1,1,1,1,1,1,1,1,1,1,1,1,1,1,1,1,1,1,1,1,1,1,1,1,1,1,1,1,1,1,1,1,1,1,1,1,1,1,1,1,1,1,1,1,1,1,1,1,1,1,1,1,16,24,31,36,39,42,45,47,49,51,53,55,57,58,60,61,62,63,64,64,65,66,67,67,67,67,68,68,68,68,69,69,69,70,71,71,72,73,74,73,74,75,76,75,76,74,74,71,68,66,65,64,63,61,61,60,60,58,58,57,57,57,57,57,57,57,56,55,54,53,49,46,44,44,43,44,43,44,43,44,43,44,43,44,43,44,44,151,164,178,184,190,197,205,218,240,256,256,256,256,255,252,252,249,243,242,240,225,222,213,181,177,172,167,162,159,154,149,143,137,133,101,94,91,88,84,80,78,78,79,80,80,81,81,82,82,83,83,83,82,83,83,83,83,83,84,84,82,82,82,82,82,82,82,81,80,80,80,80,79,78,77,76,75,74,73,73,73,73,72,71,70,70,68,68,68,67,67,66,66,64,64,64,63,62,62,61,61,59,59,59,58,58,58,58,58,58,58,58,58,58,57,57,57,57,59,59,60,61,62,62,63,64,65,66,67,68,68,70,71,72,73,74,75,75,77,77,78,79,80,80,80,82,82,83,83,83,84,84,84,84,85,85,85,85,86,86,86,86,86,86,85,85,85,86,86,86,85,85,84,84,84,82,82,81,81,80,80,79,79,78,78,78,78,78,77,77,77,76,76,76,75,75,74,74,73,74,74,73,73,73,73,72,72,72,71,71,71,70,70,70,70,70,70,71,71,71,71,71,71,71,71,71,71,71,71,71,71,71,71,71,71,69,69,69,69,69,68,68,68,68,67,67,67,66,66,66,65,65,63,63,63,62,62,62,60,60,60,58,58,58,57,56,55,55,54,53,52,52,52,51,51,50,50,49,49,48,49,49,48,49,49,49,49,50,50,50,51,50,51,51,51,51,51,51,52,51,52,52,52,52,53,52,52,52,52,51,52,51,51,51,51,51,50,50,50,50,50,49,49,49,49,49,49,49,48,49,48,48,49,49,49,49,49,49,49,49,49,48,48,48,48,48,48,48,48,47,46,46,46,46,44,44,44,44,43,42,42,41,41,40,39,39,38,38,37,36,36,36,35,35,35,34,34,35,34,36,36,37,38,41,42,44,47,48,50,53,56,60,63,65,67,70,74,76,77,76,75,75,76,75,61,44,47,49,53,57,60,64,67,69,73,75,78,81,81,80,80,78,77,76,73,61,51,42,32,28,1,1,1,1,1,1,1,1,1,1,1,1,1,1,1,1,1,1,1,1,1,1,1,1,1,1,1,1,1,1,1,1,1,1,1,1,1,1,1,1,1,1,1,1,1,1,1,1,1,1,1,1,1,1,1,1,1,1,1,1,1,1,1,1,1,1,1,1,1,1,1,1,1,1,1,1,1,1,1,1,1,1,1,1,1,1,1,1,1,1,1,1,1
syn_f000658-0-Pre,1,1,1,1,1,1,1,1,1,1,1,1,1,1,1,1,1,1,1,1,1,1,1,1,1,1,1,1,1,1,1,1,1,1,1,1,1,1,1,1,1,1,1,1,1,1,1,1,1,1,1,1,1,1,1,1,1,1,1,1,1,1,1,1,1,1,1,1,1,1,1,1,1,1,1,1,1,1,1,1,1,1,1,1,1,1,1,1,1,1,1,1,1,1,1,1,1,1,1,1,1,1,1,1,1,1,1,1,1,1,1,1,1,1,1,1,1,1,1,1,1,1,1,1,16,25,33,37,41,45,48,51,53,55,57,59,61,63,65,66,68,68,70,70,72,72,74,74,75,75,76,76,76,77,77,77,77,77,77,77,77,77,78,77,77,78,79,79,79,80,80,81,81,81,81,80,79,78,76,74,72,71,71,70,69,68,68,66,65,65,66,65,64,63,63,63,62,62,61,62,62,61,60,59,58,42,41,42,41,41,42,42,42,43,43,44,44,44,45,46,47,47,49,56,62,162,172,184,199,227,233,237,245,254,260,272,283,298,298,299,299,297,297,294,293,284,283,282,264,207,197,190,183,175,169,164,158,126,118,113,108,103,95,90,91,93,93,94,94,94,95,95,95,95,96,95,96,96,97,97,97,97,96,96,96,96,95,95,95,93,93,93,92,91,90,90,90,88,87,86,85,83,82,81,81,79,80,80,81,81,80,81,81,81,82,81,81,81,81,80,81,80,80,79,79,78,78,77,77,77,76,76,76,75,74,74,74,73,73,72,73,73,74,74,76,76,78,79,80,81,82,83,84,84,85,85,86,87,88,88,89,89,89,90,90,91,91,91,91,91,92,91,92,91,92,91,91,91,91,91,91,91,91,91,91,91,91,91,91,91,92,91,91,91,91,91,90,90,90,91,91,92,92,92,93,93,93,94,93,93,93,94,93,93,93,93,92,93,92,92,92,91,91,90,91,90,89,88,88,87,86,85,85,84,83,83,84,83,83,82,82,81,81,81,80,80,80,79,79,79,79,78,78,78,78,78,77,77,77,77,77,77,76,76,76,76,76,75,75,75,75,75,74,74,74,74,73,73,73,73,72,72,72,72,71,71,71,71,71,70,70,70,70,69,69,69,69,68,68,68,67,67,67,65,65,65,64,64,64,63,63,62,62,62,61,61,60,60,60,59,59,58,58,58,57,58,58,58,58,57,57,57,58,57,57,58,58,58,58,58,58,58,57,58,57,58,57,56,57,56,55,54,54,54,53,52,52,51,51,50,49,49,49,48,48,47,47,46,46,47,47,47,46,46,46,46,46,46,46,46,46,46,46,46,45,46,46,46,46,46,46,45,45,45,45,45,45,45,44,44,44,44,44,44,42,42,42,42,42,42,40,40,40,40,40,39,38,38,38,38,38,37,37,37,37,37,36,36,36,36,36,36,35,35,35,35,35,35,35,35,34,34,35,35,35,36,36,36,36,36,37,38,38,39,40,41,44,46,47,50,52,55,56,60,65,68,72,73,75,78,78,80,81,82,86,88,89,89,88,88,88,73,57,61,63,66,71,73,76,78,80,83,85,87,89,91,91,89,88,85,83,80,67,58,52,47,39,34,1,1,1,1,1,1,1,1,1,1,1,1,1,1,1,1,1,1,1,1,1,1,1,1,1,1,1,1,1,1,1,1,1,1,1,1,1,1,1,1,1,1,1,1,1,1,1,1,1,1,1,1,1,1,1,1,1,1,1,1
syn_f000658-2-Pre,1,1,1,1,1,1,1,1,1,1,1,1,1,1,1,1,1,1,1,1,1,1,1,1,1,1,1,1,1,1,1,1,1,1,1,1,1,1,1,1,1,1,1,1,1,1,1,1,1,1,1,1,1,1,1,1,1,1,1,1,1,1,1,1,1,1,1,1,1,1,1,1,1,1,1,1,1,1,1,1,1,1,1,1,1,1,1,1,1,1,1,1,1,1,1,1,1,1,1,1,1,1,1,1,1,1,1,1,1,1,1,1,1,1,1,1,1,1,1,1,1,1,1,1,16,26,33,37,41,45,48,51,53,55,57,59,61,63,65,67,68,68,70,70,72,72,73,74,75,75,76,76,76,76,77,77,77,77,77,77,77,77,77,78,77,78,78,79,79,80,80,81,81,81,80,80,79,78,76,74,72,71,70,70,69,69,68,66,66,66,67,65,65,64,64,63,63,63,63,63,64,63,62,61,61,43,43,43,43,44,44,44,45,45,46,47,46,47,48,49,50,49,53,59,63,71,79,89,98,158,168,174,181,187,193,201,207,216,227,233,236,240,244,248,254,260,264,271,279,285,292,301,303,302,302,300,298,296,286,285,194,183,171,111,105,94,94,94,94,95,95,95,96,95,95,96,96,97,97,97,97,97,96,97,97,97,96,95,95,95,95,93,93,92,92,90,90,89,89,87,86,85,84,82,81,81,81,81,80,80,80,80,81,80,79,79,79,79,78,78,78,77,77,76,75,73,72,72,72,71,70,70,69,68,68,67,67,67,67,67,67,67,69,70,71,72,74,74,76,77,78,79,79,81,82,82,84,85,85,86,88,88,89,89,90,91,91,92,92,93,93,92,93,93,93,94,93,93,93,94,93,93,94,94,94,94,94,94,93,93,94,94,93,93,93,92,92,93,93,94,94,94,94,94,94,95,95,94,95,95,94,95,95,94,94,93,94,93,92,92,91,90,90,89,88,88,87,86,85,84,84,83,83,82,82,82,83,82,82,82,82,82,82,82,82,82,82,82,82,82,82,82,82,82,82,82,82,82,82,82,82,82,81,82,82,82,82,81,82,80,80,80,80,80,79,79,79,79,79,78,78,78,78,78,76,76,76,76,76,76,75,75,75,74,74,73,73,73,72,72,70,70,70,69,69,69,68,68,67,66,65,65,65,64,64,63,63,62,62,61,61,60,60,59,59,59,58,58,58,57,58,58,58,58,58,59,58,58,59,60,59,58,59,58,59,58,59,58,59,58,57,57,56,55,56,55,55,54,54,54,53,52,52,51,52,51,51,50,50,51,51,50,50,49,49,49,49,50,50,50,49,49,49,50,50,50,50,51,50,50,50,50,50,50,50,50,49,49,49,49,49,49,49,48,47,47,47,47,47,45,45,45,45,45,43,43,43,43,42,41,41,41,40,40,40,38,38,38,37,37,37,37,36,36,36,36,36,36,36,36,36,35,36,36,36,37,37,36,37,37,38,39,39,40,41,42,44,46,48,50,53,54,57,59,66,68,71,73,75,77,78,80,81,82,87,89,88,88,88,89,88,73,58,61,63,67,71,73,76,78,81,83,85,86,89,90,91,89,88,85,82,80,67,59,52,46,40,35,1,1,1,1,1,1,1,1,1,1,1,1,1,1,1,1,1,1,1,1,1,1,1,1,1,1,1,1,1,1,1,1,1,1,1,1,1,1,1,1,1,1,1,1,1,1,1,1,1,1,1,1,1,1,1,1,1,1,1,1
syn_f000672-1-Pre,1,1,1,1,1,1,1,1,1,1,1,1,1,1,1,1,1,1,1,1,1,1,1,1,1,1,1,1,1,1,1,1,1,1,1,1,1,1,1,1,1,1,1,1,1,1,1,1,1,1,1,1,1,1,1,1,1,1,1,1,1,1,1,1,1,1,1,1,1,1,1,1,1,1,1,1,1,1,1,1,1,1,1,1,1,1,1,1,1,1,1,1,1,1,1,1,1,1,1,1,1,1,1,1,1,1,1,1,14,23,30,36,41,43,47,50,53,55,57,59,61,62,64,66,67,68,69,70,71,72,73,73,73,75,75,75,75,75,75,76,76,76,77,77,77,77,77,78,77,78,78,79,79,79,80,81,81,81,81,81,79,78,76,75,73,73,72,72,71,69,69,68,68,68,66,65,64,64,63,63,63,63,63,63,62,61,60,59,57,55,53,51,50,50,49,49,50,49,50,50,50,51,51,52,53,54,55,55,56,57,58,60,67,76,165,175,183,189,197,209,224,233,238,244,251,258,266,271,284,292,310,311,312,311,311,310,308,306,304,296,295,293,274,219,215,210,205,200,193,181,172,167,151,118,111,107,108,109,110,111,112,112,112,113,114,114,114,114,115,115,115,115,115,114,114,114,114,114,113,112,112,112,112,111,110,110,110,108,108,107,107,106,106,106,105,106,106,105,106,106,106,106,106,106,106,105,106,106,106,106,106,105,106,106,105,105,104,104,103,103,103,102,102,101,101,101,101,100,100,100,99,99,99,98,98,98,97,97,97,96,97,97,96,97,98,98,98,100,100,101,101,102,103,103,104,105,105,107,107,108,109,110,111,112,112,113,114,114,114,115,116,117,117,117,117,118,118,118,119,119,118,118,119,119,119,118,118,119,118,118,118,118,117,117,116,116,116,115,115,114,114,113,113,113,112,111,110,110,109,108,107,106,106,105,104,103,102,100,100,100,99,99,99,98,99,99,98,98,97,98,97,97,96,97,96,95,95,94,93,92,93,92,92,92,91,91,91,90,90,90,90,90,90,90,90,89,89,89,89,89,89,89,88,88,88,87,87,87,87,86,86,86,86,86,85,85,85,85,85,84,84,84,83,83,83,83,82,82,82,81,81,81,80,80,79,78,78,78,77,77,77,75,75,74,74,74,72,72,71,71,70,69,69,68,67,67,65,65,64,64,63,62,62,61,61,60,60,58,58,58,57,57,57,58,58,57,58,58,58,59,59,59,59,59,60,60,61,60,60,60,60,61,60,60,60,60,59,60,59,59,59,59,58,59,58,58,57,57,56,56,56,56,55,55,55,54,54,54,54,54,53,53,54,54,54,54,55,55,54,54,54,54,54,54,54,54,54,54,54,54,54,54,53,53,53,53,53,53,52,52,52,51,51,51,50,50,50,49,49,48,48,48,48,47,46,46,46,46,45,45,44,44,43,43,43,42,42,41,41,41,41,40,39,39,39,39,39,39,38,37,37,37,37,37,38,38,39,39,41,42,42,43,45,48,49,51,53,56,58,60,63,65,68,73,77,78,80,82,84,86,87,89,89,89,88,89,90,90,90,91,90,90,56,59,61,63,67,69,72,76,78,80,83,86,88,90,91,93,93,92,91,90,89,88,84,71,64,57,52,47,42,40,33,1,1,1,1,1,1,1,1,1,1,1,1,1,1,1,1,1,1,1,1,1,1,1,1,1,1,1,1,1,1,1,1,1,1,1,1,1,1,1,1,1,1,1,1,1
syn_f000698-1-Pre,1,1,1,1,1,1,1,1,1,1,1,1,1,1,1,1,1,1,1,1,1,1,1,1,1,1,1,1,1,1,1,1,1,1,1,1,1,1,1,1,1,1,1,1,1,1,1,1,1,1,1,1,1,1,1,1,1,1,1,1,1,1,1,1,1,1,1,1,1,1,1,1,1,1,1,1,1,1,1,1,1,1,1,1,1,1,1,1,1,1,1,1,1,1,1,1,1,1,1,1,1,1,1,1,1,1,1,1,1,1,1,1,1,1,1,1,1,1,1,1,1,1,1,1,1,1,1,1,1,1,1,1,1,1,1,1,1,1,1,20,27,33,37,42,45,48,50,53,55,57,60,61,63,64,66,67,67,69,69,70,72,72,73,74,74,74,74,74,74,74,75,75,75,75,75,75,75,76,76,76,76,77,78,78,78,78,79,78,77,76,75,71,68,68,67,66,65,65,63,63,63,62,62,62,62,61,61,61,62,62,62,62,61,60,59,58,56,53,51,49,49,48,48,47,48,47,48,47,48,48,49,49,50,50,175,214,223,237,258,280,280,280,281,280,278,275,275,271,265,265,264,248,245,238,204,200,198,194,190,186,182,177,171,165,155,149,142,134,129,119,110,104,99,94,89,88,89,90,91,92,93,93,94,95,95,97,97,98,97,97,98,98,98,98,98,98,98,98,98,97,96,96,96,96,95,95,94,93,93,92,92,92,91,92,92,93,93,93,93,94,94,93,93,94,94,93,93,94,94,93,93,93,94,94,93,93,93,93,92,92,92,92,92,91,91,91,91,91,90,90,90,90,90,89,89,89,90,91,93,93,94,95,96,97,97,98,99,99,100,101,101,103,103,103,104,105,106,106,106,107,107,107,108,108,108,107,107,108,108,107,107,107,107,107,107,107,106,106,107,106,106,106,105,105,104,104,105,104,104,104,102,101,101,100,100,99,98,98,97,96,94,93,92,91,91,90,90,90,89,89,89,88,88,87,87,86,85,84,83,82,81,81,80,80,79,78,77,76,75,75,74,74,74,73,73,72,72,71,71,71,70,70,69,69,68,68,68,68,68,67,66,66,65,65,65,63,63,63,63,63,63,61,61,61,61,60,60,60,60,60,59,59,59,59,59,58,58,58,57,57,56,56,56,55,55,55,55,54,54,53,52,52,52,51,51,51,50,50,50,49,49,49,49,48,48,48,48,48,48,48,48,48,48,48,49,48,48,49,49,48,49,49,48,49,49,49,49,48,49,48,48,48,48,47,48,47,47,46,46,45,46,45,45,44,44,43,43,42,42,42,42,42,42,42,42,43,43,43,43,43,43,44,44,44,44,43,43,43,43,43,43,43,43,43,43,43,42,42,42,42,42,42,41,40,40,40,40,40,38,38,38,38,38,37,36,36,36,35,35,34,34,34,33,33,32,32,32,32,32,33,33,33,33,33,33,33,35,35,36,37,38,38,40,42,43,46,49,52,55,57,61,64,68,71,74,80,83,83,83,83,84,83,82,79,40,41,43,45,47,49,52,55,60,65,70,74,78,81,84,86,87,88,87,86,85,84,83,80,71,59,50,44,38,35,1,1,1,1,1,1,1,1,1,1,1,1,1,1,1,1,1,1,1,1,1,1,1,1,1,1,1,1,1,1,1,1,1,1,1,1,1,1,1,1,1,1,1,1,1,1,1,1,1,1,1,1,1,1,1,1,1,1,1,1,1,1,1,1,1,1,1,1,1,1,1,1,1,1
syn_f000701-2-Pre,1,1,1,1,1,1,1,1,1,1,1,1,1,1,1,1,1,1,1,1,1,1,1,1,1,1,1,1,1,1,1,1,1,1,1,1,1,1,1,1,1,1,1,1,1,1,1,1,1,1,1,1,1,1,1,1,1,1,1,1,1,1,1,1,1,1,1,1,1,1,1,1,1,1,1,1,1,1,1,1,1,1,1,1,1,1,1,1,1,1,1,1,1,1,1,1,1,1,1,1,1,1,1,1,1,1,1,1,1,1,1,1,1,1,1,1,1,1,1,1,1,1,1,1,1,1,1,1,1,1,21,28,34,38,42,46,49,51,54,55,57,59,60,63,65,66,67,67,69,69,71,71,72,72,74,74,74,74,74,74,74,74,75,75,75,75,76,76,76,77,77,77,78,78,79,80,79,80,79,78,77,76,73,73,72,71,71,70,69,68,68,67,67,65,64,63,63,63,63,63,62,62,61,60,59,57,53,50,49,48,47,46,47,46,46,46,46,45,46,45,46,46,46,47,47,47,48,48,49,50,50,148,155,161,168,175,184,201,207,211,215,221,230,238,250,259,275,275,275,274,273,271,270,267,260,259,255,240,188,183,176,170,164,157,149,86,79,79,81,82,83,83,84,84,85,85,86,86,87,87,87,87,87,88,88,88,88,87,86,86,86,85,85,85,84,84,84,83,82,82,81,79,79,78,76,75,74,73,72,72,73,73,72,72,72,72,72,71,71,71,71,71,71,70,70,69,68,68,67,67,67,66,66,65,64,64,64,64,63,63,62,62,62,62,62,62,61,61,61,62,62,63,63,65,65,66,66,68,68,68,69,69,70,71,72,74,75,76,76,77,78,79,80,81,82,83,83,84,84,85,85,86,86,86,87,87,87,87,87,87,87,88,88,88,87,87,87,87,88,88,87,87,87,86,86,86,87,86,86,86,85,85,85,86,86,86,87,86,86,87,87,87,87,86,86,86,86,86,86,86,86,86,85,85,85,85,84,83,82,81,81,80,79,78,78,78,77,77,77,77,77,77,77,77,77,77,77,76,76,76,76,77,77,77,76,76,76,76,76,76,75,75,75,75,74,74,74,74,73,72,72,72,72,72,71,71,71,70,69,69,69,69,68,67,67,67,66,66,66,64,64,64,63,63,63,62,61,61,60,60,60,59,59,58,57,56,56,56,55,55,54,54,53,53,52,52,52,51,51,51,50,51,51,51,51,51,52,52,53,53,53,53,54,53,54,55,54,55,54,54,54,54,54,54,54,54,54,54,53,53,52,52,52,51,50,50,51,50,50,49,49,49,49,49,49,49,49,48,48,49,49,49,49,48,48,49,49,49,49,48,49,49,49,48,48,47,47,47,47,47,47,46,46,46,46,46,45,44,44,44,44,43,43,43,42,41,41,41,41,40,40,39,39,38,38,38,38,37,37,37,37,36,36,36,36,36,36,36,36,36,37,37,36,36,37,38,39,38,39,41,42,44,46,48,50,52,55,57,59,62,66,68,72,75,77,78,79,82,82,82,82,83,82,66,47,50,52,53,56,60,64,66,69,72,75,78,80,82,84,85,85,85,83,82,78,67,57,52,45,41,36,1,1,1,1,1,1,1,1,1,1,1,1,1,1,1,1,1,1,1,1,1,1,1,1,1,1,1,1,1,1,1,1,1,1,1,1,1,1,1,1,1,1,1,1,1,1,1,1,1,1,1,1,1,1,1,1,1,1,1,1,1,1,1,1,1,1,1
syn_f000708-3-Pre,1,1,1,1,1,1,1,1,1,1,1,1,1,1,1,1,1,1,1,1,1,1,1,1,1,1,1,1,1,1,1,1,1,1,1,1,1,1,1,1,1,1,1,1,1,1,1,1,1,1,1,1,1,1,1,1,1,1,1,1,1,1,1,1,1,1,1,1,1,1,1,1,1,1,1,1,1,1,1,1,1,1,1,1,1,1,1,1,1,1,1,1,1,1,1,1,1,1,1,1,1,1,1,1,1,1,1,1,1,1,1,18,26,33,37,42,46,48,51,54,56,58,60,62,64,65,67,69,70,71,71,73,73,75,75,76,76,77,78,78,78,78,78,78,78,79,79,79,79,79,80,80,81,81,81,82,83,83,84,84,85,84,84,84,82,81,78,77,76,75,74,73,73,72,71,70,70,69,68,68,67,67,66,67,67,67,67,67,68,67,66,65,64,63,61,60,59,58,56,56,55,55,55,55,54,55,55,56,56,56,56,57,58,58,59,62,87,99,172,178,182,187,192,197,203,211,221,226,231,235,239,243,248,255,262,268,277,286,296,307,307,307,306,305,304,302,300,290,289,288,268,223,220,217,214,211,208,204,200,197,192,184,172,112,109,109,109,110,110,110,111,111,111,111,111,111,111,111,111,111,111,111,110,110,110,109,108,108,108,108,107,107,107,106,106,105,104,104,104,104,103,103,103,103,103,103,103,103,101,101,101,100,100,100,99,99,99,97,97,97,97,96,96,96,95,95,95,94,94,93,93,92,92,92,91,91,91,90,90,90,89,89,89,88,88,87,87,87,87,87,87,88,89,90,92,93,94,96,97,99,100,102,103,105,106,107,108,110,110,112,112,113,115,115,115,115,117,117,117,118,118,120,120,120,120,121,120,120,120,121,121,121,121,120,120,119,119,119,118,118,117,116,115,115,114,114,112,112,111,110,110,108,108,107,107,106,106,106,106,106,106,106,106,105,105,105,104,104,103,102,103,102,101,100,99,99,99,98,97,96,96,96,95,95,95,96,97,97,97,97,97,97,98,98,98,99,99,99,99,99,100,100,100,99,100,100,100,100,100,100,101,101,101,100,100,100,100,99,99,99,99,99,99,97,97,97,97,97,96,95,95,95,94,93,93,93,92,91,90,90,89,88,88,87,86,86,84,84,83,82,81,81,80,79,78,78,76,76,75,75,73,72,72,71,70,70,68,67,66,65,65,64,63,63,63,64,65,65,66,66,66,67,68,68,68,69,69,70,70,70,70,69,70,69,69,68,68,68,67,67,66,67,66,65,64,63,64,63,62,62,61,60,61,60,60,60,59,59,59,59,59,60,60,61,61,61,60,60,60,61,61,61,61,61,61,62,62,61,61,61,61,61,61,61,61,59,59,59,59,59,59,59,58,58,57,57,57,56,56,55,54,54,54,53,52,52,51,51,51,49,49,49,48,48,47,46,46,45,45,44,44,43,42,42,42,41,41,41,40,40,40,41,40,40,41,42,42,42,43,44,45,47,49,49,53,55,57,58,60,62,67,70,74,77,79,79,81,83,84,84,85,86,88,89,89,89,90,90,90,89,55,57,59,62,66,69,71,74,78,81,83,85,87,89,90,90,91,90,90,89,87,87,84,74,66,61,55,52,48,44,42,27,1,1,1,1,1,1,1,1,1,1,1,1,1,1,1,1,1,1,1,1,1,1,1,1,1,1,1,1,1,1,1,1,1,1,1,1,1,1,1,1,1,1,1,1,1,1
syn_f000720-0-Pre,1,1,1,1,1,1,1,1,1,1,1,1,1,1,1,1,1,1,1,1,1,1,1,1,1,1,1,1,1,1,1,1,1,1,1,1,1,1,1,1,1,1,1,1,1,1,1,1,1,1,1,1,1,1,1,1,1,1,1,1,1,1,1,1,1,1,1,1,1,1,1,1,1,1,1,1,1,1,1,1,1,1,1,1,1,1,1,1,1,1,1,1,1,1,1,1,1,1,1,1,1,1,1,1,1,1,1,1,1,1,1,1,1,1,1,1,1,1,1,1,1,1,18,26,34,38,42,46,49,52,54,56,58,60,62,64,65,68,69,70,71,71,73,73,74,74,76,76,77,77,77,77,77,77,77,78,78,78,78,79,79,80,81,82,81,82,83,84,84,84,85,85,84,84,82,81,80,77,76,76,75,74,73,73,71,71,71,70,69,68,67,67,67,67,66,66,67,67,66,65,64,62,59,57,55,54,53,52,52,52,53,52,53,52,53,52,53,53,53,54,54,54,55,63,154,165,173,218,227,241,255,275,293,293,293,293,292,291,288,287,280,278,278,262,259,212,209,205,201,196,192,188,183,178,172,162,156,151,145,139,132,124,116,110,104,99,94,93,94,95,96,96,97,97,98,99,98,99,100,101,101,101,101,102,102,103,103,104,103,104,104,104,105,105,105,104,104,104,104,104,102,102,102,101,101,99,99,98,97,95,94,93,93,92,91,91,92,92,92,92,93,93,93,92,93,93,93,92,93,93,92,91,91,91,91,91,90,89,89,89,88,88,88,88,88,88,88,87,87,87,87,87,87,87,88,88,89,89,90,90,91,91,93,93,94,95,96,96,98,98,98,100,100,101,102,103,103,104,105,105,106,107,108,108,109,109,110,110,110,111,112,113,112,112,113,113,113,113,113,113,113,114,114,114,113,113,113,113,114,113,113,113,113,113,112,112,111,111,111,110,110,109,108,107,106,106,104,103,103,102,100,98,97,96,96,96,96,95,95,95,94,94,93,93,93,93,92,92,91,91,90,89,88,87,86,86,85,85,84,84,83,83,82,82,81,81,81,80,80,79,79,78,78,78,78,76,76,76,75,74,74,74,74,73,72,72,72,71,71,71,70,70,70,69,69,69,67,67,67,67,66,66,66,65,65,65,65,64,64,64,63,63,63,63,62,62,62,61,60,60,60,59,59,59,57,57,57,56,56,56,55,55,55,55,54,54,54,55,54,54,55,55,56,55,55,55,55,55,55,55,54,55,54,53,53,53,52,52,52,51,51,51,50,50,49,49,49,48,48,47,47,46,46,45,45,44,44,44,43,43,43,43,43,43,44,44,44,43,44,44,44,44,44,44,44,45,45,45,44,44,44,44,44,44,44,44,43,43,43,43,43,43,42,42,42,41,41,41,41,41,40,40,39,39,39,39,39,38,37,37,37,37,37,36,36,36,36,36,36,36,36,35,35,35,35,35,36,36,36,37,37,37,38,39,40,43,44,47,49,53,56,66,71,71,73,76,77,79,80,80,81,82,84,84,84,83,84,37,37,38,40,41,43,45,47,51,55,60,66,70,73,75,78,80,82,84,86,89,89,88,87,85,82,80,75,68,58,53,45,37,29,1,1,1,1,1,1,1,1,1,1,1,1,1,1,1,1,1,1,1,1,1,1,1,1,1,1,1,1,1,1,1,1,1,1,1,1,1,1,1,1,1,1,1,1,1,1,1,1,1,1,1,1,1,1,1,1,1
syn_f000738-2-Pre,1,1,1,1,1,1,1,1,1,1,1,1,1,1,1,1,1,1,1,1,1,1,1,1,1,1,1,1,1,1,1,1,1,1,1,1,1,1,1,1,1,1,1,1,1,1,1,1,1,1,1,1,1,1,1,1,1,1,1,1,1,1,1,1,1,1,1,1,1,1,1,1,1,1,1,1,1,1,1,1,1,1,1,1,1,1,1,1,1,1,1,1,1,1,1,1,1,1,1,1,1,1,1,1,1,1,1,1,1,1,1,1,1,1,1,1,1,1,1,1,1,1,14,24,31,36,39,43,47,50,52,54,56,58,60,61,63,65,66,67,68,69,69,71,71,72,72,73,73,73,73,73,74,74,74,75,75,75,75,74,75,75,75,75,75,76,77,76,77,77,78,78,77,78,77,77,76,74,73,69,68,67,67,66,65,65,64,65,64,64,63,63,63,63,63,63,63,64,63,63,62,60,59,56,54,51,50,50,50,50,51,50,51,52,52,53,55,54,55,55,56,57,56,58,61,66,71,80,99,113,153,161,167,172,177,182,188,195,203,215,223,227,231,234,238,243,247,254,258,262,269,277,282,288,300,300,300,300,299,297,293,291,282,280,192,184,115,110,104,104,105,105,106,106,107,107,107,107,108,108,108,108,108,108,108,107,107,107,107,107,107,107,106,106,106,106,104,104,103,102,102,101,100,99,99,99,98,98,98,97,97,98,97,97,97,96,96,95,95,94,94,93,93,93,92,92,92,91,91,90,90,90,89,89,89,89,88,88,88,88,87,87,86,86,86,85,85,85,86,85,85,86,87,88,88,89,90,91,92,93,93,94,95,95,97,98,98,99,100,101,101,102,103,104,104,105,106,106,107,107,107,108,109,109,110,110,110,110,111,111,112,112,111,111,112,112,112,112,111,111,111,111,110,110,110,109,109,108,108,107,106,106,105,103,103,102,101,99,99,98,97,97,96,96,95,95,94,93,92,91,90,89,89,88,87,86,85,84,84,84,84,84,84,84,84,84,84,84,84,84,83,83,83,83,82,82,82,82,82,82,82,82,81,81,81,81,80,80,80,80,80,79,79,79,79,78,78,78,78,76,76,76,76,75,75,75,74,73,73,73,72,72,72,70,70,70,70,69,69,67,67,67,66,66,66,65,64,64,63,63,62,62,62,60,60,59,59,59,58,58,57,57,56,56,56,56,55,55,55,55,54,54,54,53,53,53,53,52,52,52,51,51,51,52,51,51,51,51,50,51,50,51,50,50,49,50,49,48,49,48,48,47,47,47,47,47,46,46,46,46,46,46,46,46,47,47,47,47,48,48,48,48,49,49,48,48,48,48,48,49,49,49,49,49,49,49,49,49,49,48,48,48,48,48,47,46,46,46,46,46,46,44,44,44,44,44,43,42,42,42,42,41,40,40,40,40,39,38,38,38,38,37,37,36,36,36,36,36,35,35,35,35,35,36,36,35,35,36,36,37,37,38,39,39,40,42,44,45,48,50,52,55,59,64,68,69,70,71,73,76,78,79,79,81,83,86,85,85,85,85,45,46,48,52,54,57,62,65,68,71,73,77,80,82,85,87,88,86,85,85,83,82,78,73,65,59,54,49,43,38,32,1,1,1,1,1,1,1,1,1,1,1,1,1,1,1,1,1,1,1,1,1,1,1,1,1,1,1,1,1,1,1,1,1,1,1,1,1,1,1,1,1,1,1,1,1,1,1,1,1,1,1,1,1,1,1,1,1
syn_f000784-3-Pre,1,1,1,1,1,1,1,1,1,1,1,1,1,1,1,1,1,1,1,1,1,1,1,1,1,1,1,1,1,1,1,1,1,1,1,1,1,1,1,1,1,1,1,1,1,1,1,1,1,1,1,1,1,1,1,1,1,1,1,1,1,1,1,1,1,1,1,1,1,1,1,1,1,1,1,1,1,1,1,1,1,1,1,1,1,1,1,1,1,1,1,1,1,1,1,1,1,1,1,1,1,1,1,1,1,1,1,1,1,1,1,1,1,1,1,1,1,1,1,12,24,30,36,41,44,47,50,53,55,57,59,61,63,65,66,68,69,70,71,72,72,74,74,75,75,77,77,77,77,77,77,77,78,77,77,77,77,77,77,77,78,77,78,78,79,80,79,80,80,81,80,79,78,77,74,73,71,70,70,69,68,67,67,66,66,65,65,64,63,63,63,63,63,63,63,63,63,63,62,61,61,59,57,54,51,49,49,48,49,49,49,50,49,50,51,52,52,52,53,53,53,53,54,55,173,181,189,200,213,218,224,231,242,251,282,283,284,284,284,282,280,279,275,270,270,266,251,249,210,206,204,200,196,193,188,184,178,171,157,111,107,101,95,92,93,94,95,96,97,97,98,99,99,100,100,101,101,101,102,102,102,103,103,103,103,103,102,102,102,102,102,102,102,102,101,101,101,101,101,101,99,99,98,98,96,96,95,94,93,92,92,92,92,91,91,91,91,90,90,89,88,88,88,86,86,86,85,84,84,83,83,82,82,82,80,80,80,79,79,79,79,78,77,77,77,76,76,76,75,74,74,74,74,73,73,73,73,73,73,72,73,73,75,75,77,77,78,80,81,81,82,83,83,85,85,87,87,88,89,90,90,91,92,93,93,94,94,95,95,95,96,96,96,96,96,96,96,97,97,97,97,97,97,97,97,97,97,97,97,97,97,96,96,95,95,95,93,93,92,91,91,90,88,87,86,85,85,84,84,83,83,83,82,82,82,82,82,81,81,80,80,79,79,78,77,76,75,74,72,72,72,71,71,71,70,70,70,70,70,70,70,69,69,69,69,70,70,70,69,69,69,69,69,69,69,68,68,68,68,68,67,67,67,67,67,67,66,66,65,65,65,65,64,64,64,64,63,63,62,62,62,61,61,61,61,60,59,59,59,59,57,57,57,57,56,55,55,54,54,54,52,52,52,51,51,51,51,50,50,50,50,49,49,49,50,50,50,50,51,51,52,51,51,52,52,53,53,54,54,54,54,55,55,55,56,55,56,55,56,56,56,56,56,56,55,55,55,55,54,54,53,53,53,52,51,51,50,49,49,49,49,49,49,49,49,49,49,49,49,49,49,48,48,48,48,49,49,49,49,50,50,50,50,50,50,50,50,50,49,49,49,49,49,49,48,48,47,47,46,46,46,45,44,44,44,43,42,42,41,41,39,39,38,38,38,36,36,35,35,34,34,33,33,33,33,33,33,33,34,33,33,34,34,35,35,36,36,37,39,41,42,44,47,50,52,54,58,61,63,66,69,70,72,73,76,78,80,81,81,81,82,81,77,44,46,48,51,53,57,61,66,69,72,74,78,80,81,83,85,85,84,83,82,80,77,63,54,48,43,41,39,37,1,1,1,1,1,1,1,1,1,1,1,1,1,1,1,1,1,1,1,1,1,1,1,1,1,1,1,1,1,1,1,1,1,1,1,1,1,1,1,1,1,1,1,1,1,1,1,1,1,1,1,1,1,1,1,1
syn_f000788-2-Pre,1,1,1,1,1,1,1,1,1,1,1,1,1,1,1,1,1,1,1,1,1,1,1,1,1,1,1,1,1,1,1,1,1,1,1,1,1,1,1,1,1,1,1,1,1,1,1,1,1,1,1,1,1,1,1,1,1,1,1,1,1,1,1,1,1,1,1,1,1,1,1,1,1,1,1,1,1,1,1,1,1,1,1,1,1,1,1,1,1,1,1,1,1,1,1,1,1,1,1,1,1,1,1,1,1,1,1,1,1,1,1,1,1,1,1,8,23,30,35,39,44,46,49,52,54,56,58,60,62,64,66,67,68,69,70,70,72,72,74,74,75,75,76,76,76,76,76,76,76,76,77,77,77,77,78,78,79,79,80,81,81,82,83,84,84,85,85,85,85,84,82,81,78,77,75,74,73,72,71,71,69,68,68,67,67,66,65,65,65,64,64,64,63,63,63,64,63,61,60,58,55,48,47,46,46,45,46,45,46,46,47,48,48,49,50,49,50,51,52,52,52,53,53,53,176,189,217,222,229,238,247,266,287,288,289,288,287,286,283,283,280,272,272,270,253,251,239,203,199,193,188,182,176,168,157,148,115,108,100,93,85,78,79,80,79,80,81,81,82,83,83,84,85,85,86,86,87,87,88,87,88,88,89,89,88,89,89,89,89,88,88,88,88,88,88,88,88,88,88,87,87,87,87,86,84,84,83,81,80,79,77,75,76,77,77,77,77,76,76,76,76,75,75,74,75,74,74,74,73,73,73,73,74,74,74,74,74,75,75,74,74,74,74,74,74,74,75,75,75,75,75,75,76,76,76,76,76,77,77,77,78,79,80,81,82,82,83,83,84,84,86,86,87,88,88,89,89,90,90,91,91,92,92,92,93,93,94,94,95,95,95,96,96,96,97,97,98,98,97,97,97,98,98,98,97,97,97,97,96,96,97,96,96,96,95,94,93,93,92,92,91,90,90,90,90,90,89,89,90,90,89,89,89,88,89,88,88,87,87,87,86,86,85,84,83,82,82,81,81,80,79,79,78,77,77,77,77,77,77,76,76,76,76,76,76,76,76,76,76,75,75,75,75,75,75,74,74,74,74,74,74,73,73,73,73,73,72,72,72,72,71,71,70,70,70,69,69,69,69,67,67,67,67,66,66,65,64,64,64,63,63,63,61,61,61,60,60,59,58,58,57,57,56,56,56,55,55,54,54,54,53,53,53,53,52,53,53,53,53,53,54,53,54,55,55,56,56,57,57,57,57,57,57,57,58,57,57,57,56,56,56,55,55,54,54,54,53,53,52,51,52,51,50,50,49,50,50,50,49,49,49,49,49,49,49,49,50,50,50,50,50,50,50,51,51,51,51,51,51,51,50,50,50,50,50,50,50,50,49,49,49,49,49,49,49,49,48,47,47,47,47,46,46,45,45,45,45,44,43,43,43,43,42,41,41,41,41,40,39,39,39,39,38,38,38,38,38,38,37,37,38,38,38,39,39,38,39,40,40,41,42,43,45,47,49,52,55,58,61,63,64,66,68,72,74,76,79,81,84,87,88,88,87,88,88,85,52,54,58,61,64,67,71,74,77,80,84,88,91,92,93,93,92,91,90,88,89,87,82,63,54,49,45,40,38,34,1,1,1,1,1,1,1,1,1,1,1,1,1,1,1,1,1,1,1,1,1,1,1,1,1,1,1,1,1,1,1,1,1,1,1,1,1,1,1,1,1,1,1,1,1,1,1,1,1,1,1,1
syn_f000792-1-Pre,1,1,1,1,1,1,1,1,1,1,1,1,1,1,1,1,1,1,1,1,1,1,1,1,1,1,1,1,1,1,1,1,1,1,1,1,1,1,1,1,1,1,1,1,1,1,1,1,1,1,1,1,1,1,1,1,1,1,1,1,1,1,1,1,1,1,1,1,1,1,1,1,1,1,1,1,1,1,1,1,1,1,1,1,1,1,1,1,1,1,1,1,1,1,1,1,1,1,1,1,1,1,1,1,1,1,1,1,1,1,1,1,1,1,1,1,1,16,24,31,37,41,44,47,50,53,55,57,59,61,63,64,66,68,68,70,70,72,72,73,73,75,75,75,75,75,76,77,77,77,77,77,78,78,78,79,79,79,80,80,81,82,82,82,83,83,82,81,80,77,76,74,74,73,72,71,71,70,68,67,68,67,66,65,65,65,65,65,65,65,65,65,64,63,63,62,61,60,59,57,57,57,56,57,57,56,57,57,57,58,57,57,57,57,57,58,58,58,58,60,62,68,73,78,86,93,101,111,149,156,163,169,174,178,181,185,188,192,198,204,210,216,220,225,229,232,235,238,242,247,252,257,261,265,272,278,283,288,299,300,300,299,298,296,293,290,281,197,191,184,136,129,113,108,108,108,109,109,110,110,111,112,111,111,112,112,113,113,113,113,112,112,112,112,111,111,111,109,109,108,107,106,104,103,102,100,100,100,101,101,102,102,102,102,102,102,103,103,102,103,103,102,102,103,102,102,102,102,101,102,102,101,101,102,102,101,101,101,102,102,101,101,101,100,100,100,99,99,98,98,99,98,98,98,99,99,99,100,100,102,102,103,105,105,106,107,107,109,109,111,111,111,112,112,114,114,115,115,115,116,116,116,117,116,116,117,117,117,116,116,116,116,116,116,115,115,115,115,114,114,113,114,113,112,112,111,111,110,109,110,108,108,107,106,105,105,104,103,103,102,101,101,101,101,101,101,101,101,100,100,100,99,99,99,98,98,97,97,96,96,95,95,94,93,93,92,91,90,90,89,89,89,88,88,88,87,87,86,86,86,86,85,85,85,84,84,84,84,83,83,82,82,82,82,81,81,80,80,79,79,79,79,78,78,78,78,77,77,77,76,76,76,75,74,74,74,73,73,73,72,72,72,71,71,69,69,69,68,68,68,67,66,66,65,65,64,64,62,62,62,61,61,61,60,60,60,58,58,57,57,57,57,57,56,56,56,56,56,55,55,55,54,55,55,54,55,54,55,54,54,54,54,53,54,53,53,53,53,54,53,54,54,53,54,53,52,52,51,52,51,51,51,51,50,51,51,51,51,51,51,51,51,50,51,51,51,51,51,52,51,51,51,52,52,52,52,51,51,51,52,51,51,51,51,50,50,50,50,50,50,49,49,48,48,48,48,48,48,48,48,47,47,47,47,47,47,46,46,46,46,45,45,45,45,44,44,44,44,44,43,43,43,43,43,43,42,42,42,42,42,42,41,42,44,45,47,49,50,51,52,54,55,57,59,65,69,73,75,77,78,79,81,81,82,83,83,83,83,83,83,83,83,47,49,50,53,54,56,60,62,65,69,72,74,76,78,81,83,84,85,87,87,86,86,83,83,77,60,55,50,45,36,30,1,1,1,1,1,1,1,1,1,1,1,1,1,1,1,1,1,1,1,1,1,1,1,1,1,1,1,1,1,1,1,1,1,1,1,1,1,1,1,1,1,1,1,1,1,1,1,1,1,1,1,1,1,1,1
syn_f000793-3-Pre,1,1,1,1,1,1,1,1,1,1,1,1,1,1,1,1,1,1,1,1,1,1,1,1,1,1,1,1,1,1,1,1,1,1,1,1,1,1,1,1,1,1,1,1,1,1,1,1,1,1,1,1,1,1,1,1,1,1,1,1,1,1,1,1,1,1,1,1,1,1,1,1,1,1,1,1,1,1,1,1,1,1,1,1,1,1,1,1,1,1,1,1,1,1,1,1,1,1,1,1,1,1,1,1,1,1,1,1,1,1,1,1,1,1,1,1,1,1,1,1,1,1,1,1,1,1,1,1,1,1,20,28,34,39,43,46,49,52,54,56,58,60,62,64,65,68,69,70,71,72,73,74,74,76,76,77,78,78,78,78,78,79,79,79,79,80,80,80,81,82,82,83,83,83,84,85,85,85,85,85,83,83,81,78,77,75,75,74,73,71,71,69,69,69,67,66,65,65,65,64,64,64,64,64,63,62,61,59,58,56,54,51,50,49,48,48,48,48,48,47,48,47,47,47,47,47,47,48,48,49,49,49,49,50,51,51,51,52,52,55,58,62,66,81,96,138,148,153,157,161,166,169,173,177,182,186,192,197,202,206,210,214,217,221,224,228,232,237,241,244,250,257,261,266,274,277,277,276,275,273,270,260,93,93,93,93,93,92,92,92,92,92,92,91,90,90,90,90,90,88,88,88,88,88,87,87,85,85,85,84,82,81,80,79,78,79,79,78,79,79,79,78,78,78,77,77,77,76,75,75,74,74,74,73,73,74,72,73,73,73,72,72,72,71,71,71,71,71,71,71,71,71,71,72,72,73,73,74,74,75,75,75,76,76,76,77,76,77,77,79,79,80,80,82,82,83,84,85,85,86,87,88,88,88,89,89,91,91,91,92,92,92,93,93,93,93,93,94,94,93,93,93,93,93,93,93,93,93,92,93,92,92,92,91,91,90,90,89,88,87,87,86,86,85,85,85,85,85,85,84,85,85,85,84,84,84,83,83,82,81,81,80,79,78,78,77,76,76,75,74,74,75,75,75,74,74,74,73,73,73,73,74,74,74,74,74,75,75,74,74,74,74,74,74,74,74,75,74,74,74,74,74,74,74,73,73,72,72,72,72,71,71,71,71,70,70,70,69,68,68,68,68,67,66,66,66,64,64,64,64,63,62,62,62,61,60,60,59,59,58,57,57,56,56,54,54,54,53,53,53,52,51,51,51,51,52,52,52,53,52,53,53,54,54,55,55,56,56,57,57,57,57,57,57,57,57,57,57,56,57,56,55,56,55,54,54,54,53,53,52,52,52,51,50,50,50,49,49,49,49,49,49,49,49,49,50,50,49,49,50,50,50,50,51,51,51,51,50,50,50,50,50,50,50,50,50,50,49,49,49,49,49,48,48,47,47,46,46,46,45,45,44,44,44,42,42,42,41,41,40,39,39,39,39,38,38,38,38,37,37,38,38,38,38,38,39,40,40,41,41,42,44,45,47,49,50,52,55,57,61,65,67,68,71,74,76,77,79,80,81,83,83,84,83,82,50,53,57,60,62,66,70,72,75,78,80,82,85,86,85,85,83,83,83,81,78,63,54,46,40,31,28,1,1,1,1,1,1,1,1,1,1,1,1,1,1,1,1,1,1,1,1,1,1,1,1,1,1,1,1,1,1,1,1,1,1,1,1,1,1,1,1,1,1,1,1,1,1,1,1,1,1,1,1,1,1,1,1,1,1,1,1,1,1,1,1,1,1
syn_f000813-3-Pre,1,1,1,1,1,1,1,1,1,1,1,1,1,1,1,1,1,1,1,1,1,1,1,1,1,1,1,1,1,1,1,1,1,1,1,1,1,1,1,1,1,1,1,1,1,1,1,1,1,1,1,1,1,1,1,1,1,1,1,1,1,1,1,1,1,1,1,1,1,1,1,1,1,1,1,1,1,1,1,1,1,1,1,1,1,1,1,1,1,1,1,1,1,1,1,1,1,1,1,1,1,1,1,1,1,1,1,1,1,1,1,1,1,1,1,1,1,1,1,1,1,1,1,1,1,1,16,25,32,36,41,44,47,50,52,54,56,58,60,61,63,65,66,67,68,69,69,71,71,72,73,73,73,73,73,73,75,75,75,75,75,75,75,76,75,75,76,77,76,77,78,79,78,79,80,79,80,78,78,76,73,71,70,68,68,67,66,65,65,64,64,63,63,62,62,62,62,62,62,62,62,62,62,61,60,57,53,49,47,47,47,47,47,46,47,47,47,48,47,48,49,48,49,49,49,49,50,49,50,50,49,50,54,57,63,73,89,96,143,151,159,165,171,176,181,187,193,200,211,215,219,222,226,232,237,243,249,257,263,274,279,279,278,277,276,273,272,263,262,179,173,84,84,84,85,85,86,86,86,86,87,87,87,87,87,87,87,87,87,87,87,87,87,87,87,86,86,86,86,84,84,84,84,83,83,82,80,80,79,78,78,78,78,78,77,78,78,78,77,77,77,77,76,76,74,74,73,73,72,72,71,70,70,70,69,69,69,69,68,68,68,68,68,68,68,68,68,68,69,69,69,69,69,69,71,71,71,71,71,72,72,73,73,75,75,76,76,77,77,78,78,79,80,80,81,82,83,84,84,86,86,86,88,88,88,90,90,91,91,92,92,92,94,94,94,94,94,94,95,95,95,95,96,96,95,95,95,95,95,94,94,94,94,93,92,91,91,90,90,89,88,87,87,88,88,88,87,87,88,87,87,87,86,86,85,84,85,84,84,83,82,82,81,80,79,78,78,78,77,77,76,76,75,75,75,75,75,75,76,76,76,75,75,75,75,75,75,75,75,75,75,76,76,75,75,75,75,74,73,73,73,73,73,73,73,72,71,71,71,71,71,71,71,70,69,69,69,69,68,67,67,67,67,67,65,65,65,64,64,63,63,62,62,62,61,60,59,59,58,58,57,57,56,56,55,55,54,53,53,52,52,51,51,51,50,50,50,50,51,51,51,52,52,53,52,53,53,54,54,54,54,55,54,55,54,55,54,54,53,53,53,52,52,52,51,50,51,50,50,49,50,49,49,48,48,48,48,48,48,47,47,47,47,47,47,47,47,47,48,48,48,47,48,48,48,48,48,48,48,48,47,47,47,47,47,47,47,46,46,46,45,45,45,44,44,43,43,42,42,41,41,41,39,39,39,38,38,38,36,36,36,35,35,35,35,34,34,35,35,34,34,35,35,34,35,35,35,36,37,38,38,40,41,43,45,47,50,52,54,57,58,60,62,66,70,71,74,75,76,79,83,83,83,83,82,83,82,70,51,53,56,59,62,64,68,71,73,76,79,81,83,85,87,86,85,85,84,83,80,64,57,51,44,39,1,1,1,1,1,1,1,1,1,1,1,1,1,1,1,1,1,1,1,1,1,1,1,1,1,1,1,1,1,1,1,1,1,1,1,1,1,1,1,1,1,1,1,1,1,1,1,1,1,1,1,1,1,1,1,1,1,1,1,1,1,1,1,1
syn_f000830-0-Pre,1,1,1,1,1,1,1,1,1,1,1,1,1,1,1,1,1,1,1,1,1,1,1,1,1,1,1,1,1,1,1,1,1,1,1,1,1,1,1,1,1,1,1,1,1,1,1,1,1,1,1,1,1,1,1,1,1,1,1,1,1,1,1,1,1,1,1,1,1,1,1,1,1,1,1,1,1,1,1,1,1,1,1,1,1,1,1,1,1,1,1,1,1,1,1,1,1,1,1,1,1,1,1,1,1,1,1,1,1,1,1,1,1,1,1,1,1,1,1,1,1,1,1,1,1,1,1,1,1,1,1,18,27,33,38,42,46,49,52,54,56,58,60,62,64,66,67,68,69,70,71,72,73,74,75,75,75,76,76,76,76,76,76,76,76,77,77,77,76,76,77,77,76,77,77,78,79,79,79,80,80,81,80,80,78,77,75,73,72,71,70,71,70,69,68,67,66,67,67,67,65,64,64,64,64,63,63,63,63,62,62,61,60,57,52,47,46,45,46,46,45,45,46,46,46,47,47,48,48,49,49,50,51,51,52,52,54,59,62,66,71,75,83,152,158,163,169,174,180,185,191,200,212,223,228,233,240,245,251,256,262,270,275,281,287,296,297,297,296,295,293,290,287,278,171,153,99,94,95,95,96,96,97,97,97,98,98,98,98,99,98,98,98,99,99,98,98,98,98,98,97,97,97,97,96,95,95,94,94,92,91,89,90,90,90,91,91,92,92,92,93,93,93,93,93,94,94,95,94,94,95,94,93,93,94,93,93,93,93,93,92,92,92,92,92,91,91,91,90,91,90,90,89,89,88,88,88,88,87,87,88,88,90,90,89,90,91,91,92,92,93,92,93,93,94,94,95,95,95,95,95,96,96,96,96,96,97,97,97,98,97,97,98,98,98,99,99,99,99,99,100,100,100,100,100,101,100,99,100,99,100,100,100,100,99,99,98,98,98,96,96,95,94,93,93,92,92,92,91,91,90,90,90,89,89,90,89,88,87,87,86,85,84,83,84,84,84,83,83,83,82,82,82,81,81,80,80,79,79,79,79,79,79,78,78,77,77,77,77,77,77,76,76,76,76,74,74,74,74,73,73,73,73,72,72,72,72,71,70,70,70,69,69,69,69,67,67,67,66,66,65,64,64,64,63,62,62,61,61,59,59,59,58,57,56,56,55,55,55,54,54,53,52,52,52,52,51,51,51,51,51,50,50,51,51,52,51,52,52,52,53,52,52,53,52,52,52,52,52,51,51,51,50,49,50,49,48,48,47,46,46,45,44,44,43,44,44,43,43,44,44,44,44,44,45,45,44,44,44,44,44,44,44,44,45,44,44,44,44,43,43,43,43,43,42,42,42,42,42,42,41,41,41,40,40,39,39,39,39,39,39,37,37,37,37,37,37,37,36,35,35,35,35,35,35,34,34,34,34,33,33,33,33,34,34,34,33,34,34,34,34,35,35,36,37,38,39,40,42,43,45,47,51,53,56,58,63,68,69,72,75,77,78,78,81,82,82,82,82,82,81,43,45,48,50,53,57,60,64,68,72,74,78,80,81,83,84,85,85,84,83,82,81,79,70,60,54,49,46,42,39,1,1,1,1,1,1,1,1,1,1,1,1,1,1,1,1,1,1,1,1,1,1,1,1,1,1,1,1,1,1,1,1,1,1,1,1,1,1,1,1,1,1,1,1,1,1,1,1,1,1,1,1,1,1,1,1,1,1,1,1,1,1,1,1,1,1,1
syn_f000834-3-Pre,1,1,1,1,1,1,1,1,1,1,1,1,1,1,1,1,1,1,1,1,1,1,1,1,1,1,1,1,1,1,1,1,1,1,1,1,1,1,1,1,1,1,1,1,1,1,1,1,1,1,1,1,1,1,1,1,1,1,1,1,1,1,1,1,1,1,1,1,1,1,1,1,1,1,1,1,1,1,1,1,1,1,1,1,1,1,1,1,1,1,1,1,1,1,1,1,1,1,1,1,1,1,1,1,1,1,1,16,25,33,38,42,46,50,53,56,58,60,62,64,66,68,69,71,72,74,74,75,77,77,78,79,80,80,81,82,82,82,82,82,82,82,82,82,83,83,83,84,84,84,84,85,85,86,86,87,88,88,88,88,88,88,86,85,83,81,80,79,78,78,77,77,75,74,73,73,72,72,70,70,70,70,70,70,70,71,71,71,70,69,69,68,67,65,63,63,62,61,61,62,61,61,60,61,60,61,61,61,62,61,62,63,62,63,64,64,65,67,67,69,69,71,73,78,84,92,104,113,120,154,163,174,179,185,189,193,196,199,203,208,213,217,223,227,230,233,235,237,240,244,246,248,252,256,259,263,268,271,275,278,286,292,296,301,306,314,315,316,315,314,312,309,306,295,212,207,200,191,128,128,129,129,129,129,129,129,129,129,129,129,129,129,129,130,130,130,130,130,129,129,129,128,128,127,127,126,126,124,125,125,125,125,125,125,125,125,125,124,124,124,124,123,123,122,122,122,122,122,121,121,120,121,121,120,121,121,121,121,121,121,121,122,122,122,122,123,122,122,122,121,121,121,120,121,120,119,119,119,118,118,119,119,120,120,121,121,122,123,124,124,125,125,127,127,127,128,129,130,130,130,131,131,131,131,132,132,133,133,133,133,133,133,134,134,134,134,134,134,134,134,134,134,134,134,133,133,134,133,133,133,133,132,132,131,131,131,130,130,129,129,127,127,126,126,125,124,123,123,121,121,120,118,117,117,115,114,112,111,110,107,104,102,100,100,98,97,97,95,94,93,93,92,92,91,91,89,89,89,88,88,87,87,86,85,85,85,85,85,85,84,84,84,84,84,84,85,85,84,84,84,84,84,83,83,83,84,84,84,83,83,83,83,82,82,82,82,81,81,81,81,80,80,80,80,79,79,79,79,78,77,77,77,76,76,76,76,75,75,75,73,73,72,72,72,71,70,69,69,68,67,67,66,66,65,64,64,63,63,63,61,61,61,61,60,60,59,59,59,59,58,58,59,59,58,59,59,59,59,60,59,60,59,60,59,60,59,60,59,60,59,60,60,60,60,60,60,59,59,59,58,59,58,58,57,57,56,56,56,56,55,55,55,56,55,55,55,54,54,54,54,54,54,54,55,55,55,54,55,55,55,55,55,55,55,54,54,54,54,54,54,53,53,53,53,52,52,51,51,51,51,49,49,49,49,49,47,47,47,47,45,45,45,44,43,43,43,42,42,42,42,42,41,41,41,41,41,41,42,42,43,43,44,45,45,46,48,49,52,53,55,56,59,61,68,71,75,76,79,81,83,83,85,86,86,85,86,86,87,87,86,86,66,52,54,55,58,61,64,67,70,74,77,79,81,83,85,87,89,90,92,92,91,90,89,87,86,83,76,64,59,53,46,41,24,18,1,1,1,1,1,1,1,1,1,1,1,1,1,1,1,1,1,1,1,1,1,1,1,1,1,1,1,1,1,1,1,1,1,1,1,1,1,1,1,1,1,1,1
syn_f000865-0-Pre,1,1,1,1,1,1,1,1,1,1,1,1,1,1,1,1,1,1,1,1,1,1,1,1,1,1,1,1,1,1,1,1,1,1,1,1,1,1,1,1,1,1,1,1,1,1,1,1,1,1,1,1,1,1,1,1,1,1,1,1,1,1,1,1,1,1,1,1,1,1,1,1,1,1,1,1,1,1,1,1,1,1,1,1,1,1,1,1,1,1,1,1,1,1,1,1,1,1,1,1,1,1,1,1,1,1,1,1,1,1,1,1,1,1,1,1,1,1,1,1,1,1,1,1,20,28,34,39,43,46,48,51,53,55,57,59,61,63,64,66,68,68,70,70,72,72,73,73,75,75,75,75,76,76,76,76,76,77,77,77,77,77,78,79,78,79,80,80,81,81,82,82,82,81,80,78,77,75,75,74,73,73,73,71,70,69,69,68,67,66,64,63,63,61,61,61,61,61,60,59,58,57,56,54,52,50,48,47,45,45,44,45,45,45,45,46,47,48,47,48,49,50,50,50,50,56,60,65,69,72,76,81,87,159,168,177,185,196,210,216,222,227,234,240,247,252,262,270,278,286,286,286,286,284,282,279,270,269,267,185,170,159,151,142,96,89,89,90,91,92,93,93,95,96,96,97,98,98,98,98,99,99,99,99,99,99,100,100,98,98,98,98,99,99,98,97,97,97,96,96,94,94,94,93,91,91,90,89,88,87,88,87,87,87,86,86,86,86,86,87,86,86,87,86,86,87,86,87,87,87,87,88,88,87,88,88,88,88,88,88,88,88,88,87,87,87,87,87,87,88,87,87,88,88,89,89,91,92,92,92,93,93,94,94,96,96,97,97,97,98,98,99,99,100,100,100,101,101,100,101,101,100,101,101,100,101,100,100,100,99,100,99,99,98,99,98,98,98,97,98,97,97,96,96,96,95,95,95,95,95,94,94,93,94,94,94,94,95,94,94,94,95,95,95,95,95,95,95,95,95,94,94,94,94,93,93,93,93,94,93,93,92,92,92,91,91,91,89,88,88,87,86,86,85,84,84,83,83,82,82,81,81,81,79,79,78,78,78,77,77,76,75,75,75,74,73,73,73,73,72,72,72,72,71,71,71,71,70,70,70,69,69,69,69,68,69,69,69,68,68,68,68,67,67,67,66,66,66,66,65,65,65,65,64,64,63,63,63,62,62,62,61,61,60,60,59,59,58,58,58,57,57,57,56,57,57,56,57,57,56,57,57,56,57,57,56,57,57,56,55,55,55,54,53,54,53,52,52,52,51,51,50,49,48,47,47,46,45,44,44,44,44,43,43,43,44,44,44,44,43,43,44,44,44,44,44,44,43,43,43,43,43,43,43,43,42,42,42,42,42,42,42,42,41,41,41,40,40,40,40,40,40,40,39,39,39,39,39,39,39,38,38,38,38,38,38,38,37,37,37,37,37,37,37,37,37,36,36,36,36,36,36,36,36,36,36,36,36,36,37,38,39,41,42,45,46,48,51,53,54,56,58,59,61,67,71,74,76,78,79,79,79,79,80,80,81,81,81,73,47,50,52,54,57,60,64,67,70,73,77,80,82,83,85,88,88,88,86,85,83,82,80,60,51,44,37,29,1,1,1,1,1,1,1,1,1,1,1,1,1,1,1,1,1,1,1,1,1,1,1,1,1,1,1,1,1,1,1,1,1,1,1,1,1,1,1,1,1,1,1,1,1,1,1,1,1,1,1,1,1,1,1,1,1,1,1,1,1
syn_f000866-3-Pre,1,1,1,1,1,1,1,1,1,1,1,1,1,1,1,1,1,1,1,1,1,1,1,1,1,1,1,1,1,1,1,1,1,1,1,1,1,1,1,1,1,1,1,1,1,1,1,1,1,1,1,1,1,1,1,1,1,1,1,1,1,1,1,1,1,1,1,1,1,1,1,1,1,1,1,1,1,1,1,1,1,1,1,1,1,1,1,1,1,1,1,1,1,1,1,1,1,1,1,1,1,1,1,1,1,1,1,1,1,1,1,1,1,1,1,1,1,1,1,1,1,1,1,1,1,16,24,31,36,41,43,46,49,52,53,56,58,59,62,64,65,66,67,68,69,70,70,71,73,73,73,73,73,73,73,73,74,74,74,74,75,76,76,76,77,78,78,79,80,80,81,81,81,81,80,80,77,75,73,71,71,71,70,69,68,68,67,67,66,66,65,66,66,66,65,65,65,65,64,62,62,57,50,49,49,48,48,47,48,47,47,47,48,48,48,48,49,49,50,50,50,51,51,52,52,57,164,171,176,182,190,198,221,228,235,243,251,259,273,291,292,292,292,291,291,288,286,282,276,275,257,205,201,196,192,187,182,175,94,88,82,78,80,80,81,81,81,82,82,83,83,84,85,85,86,86,86,87,87,88,88,87,88,88,88,88,88,88,88,88,88,88,87,86,86,85,85,84,83,81,81,80,80,79,79,79,79,78,78,78,78,78,78,78,78,78,78,77,77,77,76,75,75,74,74,73,72,71,70,70,69,69,69,69,68,68,68,68,68,68,67,67,67,67,67,69,69,69,69,69,70,71,72,73,75,76,78,78,80,81,81,82,82,84,84,85,85,85,87,87,88,88,89,89,89,90,91,91,91,91,92,93,93,93,93,93,93,93,93,93,93,93,93,93,93,93,92,92,92,92,92,92,92,90,90,90,90,88,88,88,87,86,86,86,85,85,85,85,85,85,84,84,84,84,83,82,82,81,80,79,78,77,76,76,75,75,75,75,75,75,75,75,75,75,75,75,75,75,76,76,76,76,76,76,76,77,77,77,77,77,77,76,76,77,77,77,77,77,77,77,77,76,76,76,75,75,75,75,74,74,73,73,73,73,72,72,71,71,70,70,70,70,68,68,68,67,67,67,66,65,65,64,64,63,63,62,62,61,60,60,59,59,59,58,57,56,56,56,55,55,54,54,54,53,53,53,52,52,52,53,53,54,53,54,54,55,55,56,56,57,57,57,57,58,58,58,58,59,58,58,59,58,58,57,56,56,55,55,54,53,53,53,52,51,51,51,50,50,49,49,49,48,48,48,48,48,49,49,49,48,49,49,49,49,49,49,50,50,50,50,50,50,50,50,49,49,49,49,49,49,48,48,48,48,48,47,46,46,46,45,45,45,45,44,43,43,42,42,42,41,40,40,39,39,39,38,38,37,36,36,36,35,35,35,34,35,34,34,34,33,33,34,34,34,34,35,34,34,35,35,37,37,38,40,41,43,45,47,50,52,54,57,59,61,66,70,72,74,76,79,82,84,84,84,84,84,83,74,46,49,51,53,57,60,63,67,72,74,76,80,82,83,86,89,89,88,86,85,84,80,69,60,53,46,44,41,37,1,1,1,1,1,1,1,1,1,1,1,1,1,1,1,1,1,1,1,1,1,1,1,1,1,1,1,1,1,1,1,1,1,1,1,1,1,1,1,1,1,1,1,1,1,1,1,1,1,1,1,1,1,1,1,1,1,1,1,1,1
syn_f000869-1-Pre,1,1,1,1,1,1,1,1,1,1,1,1,1,1,1,1,1,1,1,1,1,1,1,1,1,1,1,1,1,1,1,1,1,1,1,1,1,1,1,1,1,1,1,1,1,1,1,1,1,1,1,1,1,1,1,1,1,1,1,1,1,1,1,1,1,1,1,1,1,1,1,1,1,1,1,1,1,1,1,1,1,1,1,1,1,1,1,1,1,17,26,33,38,42,46,50,52,56,58,59,61,64,65,67,69,70,71,73,73,75,75,76,77,77,79,79,79,79,81,81,81,81,81,81,81,82,82,82,82,82,83,82,83,83,84,84,84,85,86,86,86,87,87,87,86,86,85,84,82,79,78,78,77,76,75,75,73,72,72,71,72,71,71,69,69,69,69,69,69,69,69,69,69,68,67,66,65,63,59,53,51,49,50,49,50,49,49,50,51,51,52,53,54,55,56,57,58,57,58,59,61,65,69,72,76,79,83,86,90,95,99,105,112,118,176,182,188,193,198,202,207,212,216,222,228,234,241,247,253,256,261,264,267,271,276,280,285,289,292,296,303,309,314,318,324,333,334,334,333,333,331,327,324,113,113,113,114,114,114,114,113,113,113,113,113,114,114,114,114,113,113,113,113,113,113,111,111,111,110,110,109,109,107,107,106,105,103,102,103,102,102,103,103,103,104,104,103,104,103,104,104,104,104,104,104,104,104,104,103,103,103,103,103,103,103,103,102,102,102,103,102,102,102,101,101,101,100,99,99,99,99,99,99,97,97,97,97,98,98,98,98,98,100,100,101,102,103,103,105,105,106,107,108,108,110,110,111,111,111,113,113,113,114,114,114,115,115,115,116,115,115,116,116,116,116,117,116,116,116,116,116,116,116,116,115,115,115,114,114,114,113,113,112,112,111,111,110,110,110,109,108,108,107,107,106,105,104,103,103,103,103,103,102,102,102,102,101,102,102,102,101,101,100,100,99,99,99,98,97,96,95,94,93,92,91,91,90,90,89,89,89,88,88,88,88,88,86,86,86,86,86,86,86,85,85,85,85,85,84,84,84,84,84,83,83,83,83,82,82,82,82,81,81,81,81,80,80,79,78,78,78,77,77,77,77,76,76,76,75,75,75,75,74,74,74,72,72,72,71,71,71,70,70,70,69,69,69,68,68,67,66,66,66,65,65,63,63,62,62,62,61,60,60,59,59,59,58,58,58,56,56,56,56,56,55,55,55,55,55,55,54,54,55,55,55,56,56,56,56,56,57,56,57,57,56,57,56,57,56,56,57,56,56,56,56,55,56,56,55,56,56,55,55,55,55,55,54,54,53,53,54,53,53,53,53,53,53,53,52,52,52,52,52,52,52,52,52,52,52,52,53,52,52,52,52,52,52,53,53,52,52,52,52,52,52,52,52,51,51,51,51,51,50,49,49,49,49,49,48,48,47,47,47,47,46,46,45,45,45,44,44,44,43,43,43,42,42,41,41,41,41,41,40,40,40,40,40,40,40,39,39,39,39,39,39,39,39,39,39,39,38,38,38,40,41,42,43,45,46,48,50,52,54,56,59,61,63,66,71,76,79,81,83,85,88,89,89,89,91,92,92,92,92,92,92,91,53,56,58,60,64,66,68,70,75,78,80,83,85,88,91,91,93,95,96,97,96,95,93,91,92,89,76,66,59,55,49,40,38,1,1,1,1,1,1,1,1,1,1,1,1,1,1,1,1,1,1,1,1,1,1,1,1,1,1,1,1,1
syn_f000870-0-Pre,1,1,1,1,1,1,1,1,1,1,1,1,1,1,1,1,1,1,1,1,1,1,1,1,1,1,1,1,1,1,1,1,1,1,1,1,1,1,1,1,1,1,1,1,1,1,1,1,1,1,1,1,1,1,1,1,1,1,1,1,1,1,1,1,1,1,1,1,1,1,1,1,1,1,1,1,1,1,1,1,1,1,1,1,1,1,1,1,1,1,1,1,1,1,1,1,1,1,1,1,1,1,1,1,1,1,1,1,1,1,1,1,1,1,1,1,1,1,1,1,1,1,1,1,1,1,1,1,17,25,31,37,40,43,46,48,51,53,54,57,59,60,62,62,64,64,66,66,67,67,68,69,69,69,69,69,69,70,71,71,71,71,71,72,72,72,73,74,75,76,75,76,77,77,76,76,74,73,71,70,69,69,68,67,66,66,64,63,64,63,61,61,59,59,58,58,57,57,57,57,56,55,54,54,52,48,45,43,43,42,42,42,42,42,41,42,43,43,43,44,45,47,47,48,47,49,142,148,156,165,207,212,217,225,233,240,253,272,273,273,273,272,272,269,267,260,259,257,241,195,190,185,180,175,170,164,154,145,96,90,85,82,82,83,83,83,83,84,85,85,85,85,84,84,84,84,82,82,82,82,82,82,82,80,80,80,79,79,78,78,76,75,75,75,75,75,75,74,74,74,75,74,74,74,74,75,75,75,74,74,75,75,75,75,75,75,75,76,76,75,76,76,76,76,76,76,76,76,75,75,76,76,76,75,75,75,74,74,74,74,74,73,73,73,73,74,74,75,75,76,76,78,79,79,81,82,82,83,84,85,85,87,88,88,89,90,90,91,91,92,92,94,94,95,94,95,95,95,96,96,97,97,97,98,98,99,99,99,100,100,99,100,100,100,100,100,100,100,99,99,99,99,99,98,98,97,96,96,95,94,94,94,95,94,94,94,94,95,95,94,94,95,95,94,94,95,94,94,94,94,93,93,92,91,91,90,90,90,89,88,87,86,86,85,84,84,83,82,82,81,81,80,80,80,79,79,77,77,77,77,76,76,76,75,75,75,74,74,74,74,73,73,73,73,73,71,72,72,72,71,71,71,71,70,70,70,70,69,69,69,68,68,68,68,67,67,67,67,66,66,66,65,65,65,64,64,64,63,63,63,61,61,60,60,59,59,59,58,58,57,57,56,56,56,55,55,56,56,55,55,55,55,55,56,56,57,57,58,59,58,59,59,59,59,58,58,58,58,58,58,57,57,56,55,56,55,54,54,53,53,53,52,51,51,51,50,50,49,49,49,49,49,49,49,49,49,48,48,48,48,48,47,47,47,47,47,46,46,46,46,46,46,44,44,44,44,44,44,43,43,43,42,42,42,41,41,41,40,40,40,40,40,39,38,38,38,38,38,38,38,36,36,36,36,36,36,36,36,36,36,35,34,34,34,34,34,34,34,34,34,34,34,34,33,34,34,34,34,35,35,36,38,39,40,42,45,48,51,54,56,59,61,62,65,69,71,74,75,76,76,78,80,81,81,80,80,81,53,55,58,61,63,67,70,72,74,76,79,82,84,85,85,84,84,82,79,72,61,55,49,47,43,39,1,1,1,1,1,1,1,1,1,1,1,1,1,1,1,1,1,1,1,1,1,1,1,1,1,1,1,1,1,1,1,1,1,1,1,1,1,1,1,1,1,1,1,1,1,1,1,1,1,1,1,1,1,1,1,1,1,1,1,1,1,1,1,1,1
syn_f000872-0-Pre,1,1,1,1,1,1,1,1,1,1,1,1,1,1,1,1,1,1,1,1,1,1,1,1,1,1,1,1,1,1,1,1,1,1,1,1,1,1,1,1,1,1,1,1,1,1,1,1,1,1,1,1,1,1,1,1,1,1,1,1,1,1,1,1,1,1,1,1,1,1,1,1,1,1,1,1,1,1,1,1,1,1,1,1,1,1,1,1,1,1,1,1,1,1,1,1,1,1,1,1,1,1,1,1,1,1,1,1,1,1,1,1,1,1,1,1,1,1,1,1,1,1,1,1,1,1,1,1,1,1,1,1,8,23,31,36,40,44,48,51,54,56,58,60,62,64,66,67,69,70,71,72,73,74,75,75,77,77,78,79,79,79,79,79,79,79,79,80,80,80,80,80,81,81,81,81,82,83,82,83,84,85,85,85,85,85,83,83,81,79,76,75,73,72,72,71,70,68,68,67,66,65,65,64,64,64,64,64,64,64,65,65,64,63,62,62,60,57,54,50,49,48,47,47,47,46,46,47,47,48,48,49,50,50,51,52,53,54,55,58,62,66,71,77,154,161,166,170,176,181,187,192,197,205,211,217,220,223,227,233,238,243,247,254,261,267,272,283,284,284,284,283,281,278,277,268,141,118,114,111,106,102,98,98,99,99,99,100,100,100,99,99,99,99,98,98,99,99,98,98,97,97,96,96,96,94,94,93,93,92,92,92,91,91,92,91,91,91,90,91,91,90,91,90,90,91,90,90,90,90,90,90,90,89,90,90,89,89,89,88,88,88,87,87,87,86,86,86,86,84,84,84,84,84,84,84,85,85,86,86,87,88,88,89,89,90,91,91,92,92,93,93,94,94,95,96,96,97,97,98,98,99,99,100,101,101,101,101,101,102,102,101,102,102,102,101,102,102,102,101,102,101,101,102,101,101,101,100,101,100,100,100,99,99,98,98,97,97,96,96,95,95,94,95,95,95,95,94,94,95,94,94,94,93,92,93,92,92,91,91,90,90,89,89,88,88,88,87,86,85,83,83,82,81,81,80,80,79,78,78,77,77,77,76,76,76,75,75,75,74,73,73,73,73,72,71,71,71,71,70,70,70,70,69,69,69,69,68,68,68,68,67,67,67,67,66,66,66,65,65,65,64,64,64,64,63,63,63,62,62,62,62,61,61,61,60,60,60,59,59,59,58,58,57,57,57,56,56,56,55,55,54,54,54,54,54,54,53,53,54,54,54,54,54,54,54,54,54,54,53,53,53,53,53,52,51,52,51,51,50,50,50,49,48,48,47,47,47,47,47,47,47,47,46,47,47,47,48,48,48,49,49,49,49,49,50,49,49,49,49,49,50,50,50,49,49,49,49,49,49,49,48,48,48,48,48,48,47,46,46,46,46,46,46,45,44,44,44,44,43,42,42,42,42,41,41,41,41,40,39,39,39,39,39,38,38,39,39,39,40,39,39,40,40,41,41,42,43,45,47,49,50,53,55,57,60,64,68,71,74,76,77,79,82,83,84,85,85,84,85,85,85,84,54,57,60,64,68,71,74,78,84,86,88,88,88,87,85,84,84,84,80,71,62,57,52,47,39,37,32,1,1,1,1,1,1,1,1,1,1,1,1,1,1,1,1,1,1,1,1,1,1,1,1,1,1,1,1,1,1,1,1,1,1,1,1,1,1,1,1,1,1,1,1,1,1,1,1,1,1,1,1,1,1,1,1,1,1,1,1,1,1,1,1,1,1,1,1
syn_f000875-3-Pre,1,1,1,1,1,1,1,1,1,1,1,1,1,1,1,1,1,1,1,1,1,1,1,1,1,1,1,1,1,1,1,1,1,1,1,1,1,1,1,1,1,1,1,1,1,1,1,1,1,1,1,1,1,1,1,1,1,1,1,1,1,1,1,1,1,1,1,1,1,1,1,1,1,1,1,1,1,1,1,1,1,1,1,1,1,1,1,1,1,1,1,1,1,1,1,1,1,1,1,1,1,1,1,1,1,1,1,1,1,1,1,1,1,1,1,1,1,1,1,1,1,1,1,1,1,1,1,1,1,1,1,1,1,20,27,32,37,41,44,47,50,52,54,56,58,59,61,63,64,66,66,68,68,69,70,70,71,72,72,72,72,72,73,74,74,74,74,74,75,75,76,75,76,77,78,78,78,79,80,80,78,78,75,74,72,72,71,71,70,69,69,68,67,66,66,65,64,63,63,62,62,62,62,62,62,61,60,59,57,55,54,53,51,49,48,48,49,48,49,49,49,49,50,49,50,49,50,50,51,50,50,51,51,52,53,58,62,70,79,87,94,99,106,141,153,159,164,168,172,175,178,182,186,190,194,198,201,204,208,210,213,216,219,222,225,229,233,238,242,246,252,258,262,268,276,279,279,279,278,276,272,91,91,92,92,93,93,93,92,92,92,93,92,92,92,91,91,91,91,91,90,90,90,89,89,88,88,88,87,87,87,87,86,86,86,86,85,85,85,85,84,83,82,82,82,80,79,78,77,76,76,74,74,73,72,71,70,70,69,68,68,67,67,67,67,67,68,69,71,72,74,75,76,78,79,81,82,84,85,87,88,89,90,91,92,93,94,96,96,98,98,100,100,102,102,102,104,104,104,105,105,105,106,107,107,107,107,107,107,107,107,108,108,108,108,108,108,107,107,107,107,107,106,106,106,106,106,105,105,103,103,103,102,102,100,100,99,99,98,97,98,98,97,98,98,97,97,97,96,96,95,94,94,94,93,91,90,89,89,88,87,85,84,83,82,82,82,82,83,82,82,82,82,82,83,83,83,83,83,83,83,83,84,84,84,84,84,84,84,84,84,83,83,83,83,83,83,83,82,82,82,82,81,80,80,80,80,80,79,79,78,78,77,77,77,77,75,75,75,73,73,73,73,71,71,71,71,69,69,69,68,67,66,66,65,64,64,63,63,62,61,60,60,59,58,57,57,56,56,55,54,54,54,54,54,55,54,55,54,55,55,55,55,55,55,55,55,55,55,55,54,55,54,55,54,54,54,54,53,54,53,53,52,52,52,52,52,51,51,51,51,51,51,51,51,50,50,50,50,50,51,51,51,50,51,51,51,51,52,51,51,51,51,51,51,50,50,50,50,50,49,49,49,49,49,48,47,47,47,47,45,45,45,45,45,43,43,43,42,42,40,40,40,39,39,39,37,37,37,36,36,36,35,35,35,34,35,35,34,35,36,36,36,37,38,39,40,42,43,46,48,49,52,54,55,57,62,65,68,71,71,74,77,77,77,77,77,77,73,39,41,43,45,47,48,51,53,56,59,64,67,69,71,74,78,82,85,85,85,84,82,80,80,77,67,53,48,42,40,36,1,1,1,1,1,1,1,1,1,1,1,1,1,1,1,1,1,1,1,1,1,1,1,1,1,1,1,1,1,1,1,1,1,1,1,1,1,1,1,1,1,1,1,1,1,1,1,1,1,1,1,1,1,1,1,1,1,1,1,1,1,1,1,1,1,1,1,1
syn_f000876-3-Pre,1,1,1,1,1,1,1,1,1,1,1,1,1,1,1,1,1,1,1,1,1,1,1,1,1,1,1,1,1,1,1,1,1,1,1,1,1,1,1,1,1,1,1,1,1,1,1,1,1,1,1,1,1,1,1,1,1,1,1,1,1,1,1,1,1,1,1,1,1,1,1,1,1,1,1,1,1,1,1,1,1,1,1,1,1,1,1,1,1,1,1,1,1,1,1,1,1,1,1,1,1,1,1,1,1,1,1,1,1,1,1,1,1,1,1,1,1,1,1,5,23,30,36,40,45,49,52,55,57,59,61,63,65,67,68,70,72,73,74,74,76,76,78,78,79,80,81,81,81,82,82,82,82,82,82,82,82,83,83,83,84,84,85,86,86,87,88,88,89,89,90,91,90,90,88,88,86,85,83,81,81,81,80,79,79,78,77,76,76,75,75,75,74,73,73,73,73,73,72,73,73,72,71,71,70,67,64,58,55,54,53,52,53,52,53,52,53,52,53,54,54,54,55,57,60,67,74,84,92,99,107,167,174,181,192,205,215,222,226,230,233,237,241,246,253,260,265,277,285,300,300,301,301,300,298,295,293,288,284,283,263,219,215,212,208,204,200,195,189,183,172,121,114,109,108,108,109,109,109,110,110,110,110,110,109,109,109,109,110,109,109,108,108,108,108,108,107,107,106,106,105,105,104,103,103,102,100,99,99,98,97,96,95,94,95,95,95,95,95,95,96,96,96,95,95,94,94,95,94,93,92,91,92,91,90,89,89,89,89,87,87,86,86,85,84,84,84,83,82,82,82,82,81,82,82,83,83,83,84,85,85,87,88,89,91,92,92,94,95,96,98,98,100,101,103,104,106,106,107,107,109,109,110,110,112,112,112,112,113,113,114,115,115,115,115,116,116,116,116,117,117,117,117,117,117,117,117,117,117,117,117,116,116,116,116,116,115,115,115,114,113,113,113,111,111,110,110,109,109,110,109,109,109,109,109,108,108,108,107,107,106,105,105,104,103,103,102,102,101,101,100,99,98,98,98,98,98,97,98,98,98,97,98,98,98,98,98,98,98,98,99,99,99,99,99,99,99,100,99,99,99,99,99,99,99,99,98,98,98,98,97,97,97,97,97,95,95,95,95,94,93,93,93,92,92,91,91,91,90,89,89,89,89,88,87,87,87,86,85,84,84,83,83,82,81,80,80,79,78,78,76,76,75,74,74,73,71,71,70,69,68,67,68,67,68,68,68,68,69,68,69,69,69,69,70,69,70,69,69,68,68,68,68,68,67,67,66,66,65,65,65,64,63,63,63,63,62,62,62,61,61,61,61,61,61,61,61,61,60,60,60,60,60,61,61,61,61,61,62,62,62,61,61,61,61,61,61,60,60,60,60,60,60,59,59,59,59,59,57,57,57,56,56,55,55,54,54,53,52,52,52,51,50,50,49,49,49,48,47,46,46,46,45,45,44,43,43,43,42,42,43,43,43,44,45,45,46,47,49,52,54,58,61,68,71,75,78,78,80,82,83,85,86,86,85,87,87,87,88,87,87,46,47,49,52,56,59,63,67,71,75,79,81,84,85,87,88,89,91,93,92,91,89,87,85,82,76,70,64,57,51,42,40,1,1,1,1,1,1,1,1,1,1,1,1,1,1,1,1,1,1,1,1,1,1,1,1,1,1,1,1,1,1,1,1,1,1,1,1,1,1,1,1,1,1,1,1,1,1,1,1,1,1,1,1,1,1,1
syn_f000877-3-Pre,1,1,1,1,1,1,1,1,1,1,1,1,1,1,1,1,1,1,1,1,1,1,1,1,1,1,1,1,1,1,1,1,1,1,1,1,1,1,1,1,1,1,1,1,1,1,1,1,1,1,1,1,1,1,1,1,1,1,1,1,1,1,1,1,1,1,1,1,1,1,1,1,1,1,1,1,1,1,1,1,1,1,1,1,1,1,1,1,1,1,1,1,1,1,1,1,1,1,1,1,1,1,1,1,1,1,1,1,1,1,1,1,1,14,24,32,36,41,45,48,51,53,55,57,59,61,63,65,66,68,69,70,71,72,73,74,74,75,76,76,76,77,77,77,77,78,78,78,78,79,79,79,79,80,80,80,81,82,83,83,83,84,84,84,84,83,83,82,80,77,75,73,73,72,71,71,69,69,67,68,68,68,66,66,65,65,66,66,66,66,66,66,67,66,65,64,57,51,49,50,49,49,49,49,48,49,49,49,49,50,50,50,50,50,51,51,56,155,164,172,181,191,200,215,220,223,228,233,240,248,254,268,277,292,294,293,293,292,291,288,286,277,277,276,257,255,199,193,189,184,179,172,160,150,93,87,86,88,88,89,89,90,90,89,90,90,90,90,90,90,90,91,90,89,89,89,89,89,89,87,87,87,87,87,87,85,85,85,84,83,82,82,81,79,79,78,78,77,77,77,77,76,76,75,75,74,74,74,74,74,74,73,72,72,72,72,70,70,70,69,69,69,68,68,67,67,66,66,66,66,66,66,66,66,67,67,68,68,69,69,69,69,70,70,71,71,71,72,72,72,73,73,74,75,76,77,77,78,80,81,82,83,85,86,87,88,90,91,91,92,93,93,94,96,96,97,97,98,98,99,100,100,101,101,102,102,102,103,104,104,105,105,105,105,105,105,105,106,106,106,106,106,105,104,104,104,104,104,104,104,102,102,102,102,101,100,100,101,100,100,99,100,100,99,99,99,98,98,97,97,96,96,95,95,94,93,92,92,92,91,90,89,88,87,86,86,86,85,85,85,85,85,84,83,83,83,83,84,84,84,84,84,84,84,84,84,84,83,84,84,84,84,84,83,83,83,83,82,82,82,82,82,81,81,81,80,80,80,79,79,79,78,78,78,78,77,76,76,76,75,75,74,74,73,72,72,71,71,70,69,69,69,67,67,66,66,65,64,63,63,63,61,61,60,60,59,59,58,58,58,56,56,56,55,55,55,55,55,56,55,55,56,56,57,57,57,58,58,59,60,59,60,60,60,60,60,60,60,60,60,60,60,60,60,59,60,59,59,59,58,57,58,57,57,58,58,57,58,58,58,58,58,57,57,57,57,57,57,57,57,56,56,56,57,57,57,57,58,57,57,57,58,58,58,57,57,57,57,57,57,56,56,56,56,56,56,54,54,54,54,54,53,52,52,52,51,51,50,50,49,49,49,48,47,47,46,46,46,45,44,43,43,43,42,42,41,41,40,41,41,40,40,40,41,40,40,40,41,41,42,42,43,43,45,46,48,50,52,55,56,59,62,66,68,71,73,75,78,80,83,84,85,86,87,87,87,86,86,80,52,54,56,60,63,66,70,73,75,78,80,83,86,86,89,92,93,92,90,89,86,83,71,63,55,48,44,39,35,1,1,1,1,1,1,1,1,1,1,1,1,1,1,1,1,1,1,1,1,1,1,1,1,1,1,1,1,1,1,1,1,1,1,1,1,1,1,1,1,1,1,1,1,1,1,1,1,1,1
syn_f000883-0-Pre,1,1,1,1,1,1,1,1,1,1,1,1,1,1,1,1,1,1,1,1,1,1,1,1,1,1,1,1,1,1,1,1,1,1,1,1,1,1,1,1,1,1,1,1,1,1,1,1,1,1,1,1,1,1,1,1,1,1,1,1,1,1,1,1,1,1,1,1,1,1,1,1,1,1,1,1,1,1,1,1,1,1,1,1,1,1,1,1,1,1,1,1,1,1,1,1,1,1,1,1,1,1,1,1,1,12,22,28,35,39,42,44,48,51,53,55,57,59,60,62,63,65,66,66,67,68,69,69,71,71,71,72,72,73,73,73,73,74,74,74,74,75,75,76,77,76,77,78,78,78,78,79,79,78,78,77,75,73,71,70,69,68,67,66,65,63,62,62,61,60,60,58,58,58,57,57,57,57,57,56,56,55,54,53,50,48,46,44,44,44,44,44,45,44,45,44,45,45,44,45,45,45,45,46,46,47,48,49,49,49,50,54,170,179,187,195,202,236,243,256,266,283,302,304,304,303,302,302,299,297,289,288,287,270,269,208,202,198,192,187,179,170,166,160,121,116,111,105,98,90,83,82,82,83,84,84,85,85,85,86,86,86,86,86,86,86,86,86,85,85,86,85,85,85,85,84,84,84,82,82,82,81,80,80,78,78,77,76,76,76,75,75,75,75,75,75,75,75,75,75,75,75,75,75,75,75,75,74,74,74,74,73,74,74,74,73,73,73,73,73,73,73,73,73,73,72,72,72,73,73,73,73,74,75,75,75,76,77,78,79,81,82,82,84,85,86,86,87,87,88,88,89,90,90,91,91,92,92,93,93,94,94,94,95,95,95,96,96,95,96,96,96,97,97,96,96,97,97,97,97,98,98,98,98,98,98,98,98,98,98,98,98,98,98,98,98,97,97,96,96,95,95,94,93,93,92,92,92,91,91,92,92,92,92,93,92,92,92,92,92,92,92,92,92,92,91,91,91,90,90,89,90,90,89,88,87,87,86,85,85,84,83,82,82,81,80,80,79,78,77,77,77,77,76,76,76,76,75,75,74,73,73,73,73,73,72,72,71,71,71,70,70,70,70,69,69,69,70,69,69,69,69,69,68,68,68,68,67,67,67,67,66,66,66,66,66,65,65,65,64,64,64,63,62,62,62,62,61,61,61,60,60,60,59,59,59,58,58,58,57,58,58,57,57,57,58,57,57,57,58,57,57,58,58,58,58,58,59,59,58,59,59,59,59,59,58,59,58,57,58,57,56,57,56,55,56,55,54,53,54,53,52,52,52,51,50,49,49,49,49,48,48,48,47,48,48,48,48,48,48,48,48,48,48,47,47,47,47,47,46,46,46,46,47,47,46,46,46,46,46,46,46,46,46,45,45,45,45,45,45,45,45,45,44,44,44,44,44,44,44,43,43,42,42,42,42,42,41,41,41,41,40,40,40,39,39,39,39,39,39,38,38,38,38,38,38,38,38,38,37,37,37,37,37,37,37,37,37,37,37,38,40,41,43,46,47,50,52,55,58,60,62,64,65,69,72,73,74,77,78,80,82,84,85,85,85,84,84,84,40,41,41,42,45,47,48,50,53,55,58,61,64,68,72,75,77,80,82,85,87,89,89,89,89,88,87,85,84,72,63,56,52,46,42,38,36,1,1,1,1,1,1,1,1,1,1,1,1,1,1,1,1,1,1,1,1,1,1,1,1,1,1,1,1,1,1,1,1,1,1,1,1,1,1,1,1,1,1
syn_f000895-2-Pre,1,1,1,1,1,1,1,1,1,1,1,1,1,1,1,1,1,1,1,1,1,1,1,1,1,1,1,1,1,1,1,1,1,1,1,1,1,1,1,1,1,1,1,1,1,1,1,1,1,1,1,1,1,1,1,1,1,1,1,1,1,1,1,1,1,1,1,1,1,1,1,1,1,1,1,1,1,1,1,1,1,1,1,1,1,1,1,1,1,1,1,1,1,1,1,1,1,1,1,1,1,1,1,1,1,1,1,1,1,1,1,1,1,1,1,1,1,1,1,1,1,1,1,1,17,24,32,37,42,45,49,52,54,56,58,60,62,64,65,68,68,70,70,72,73,74,74,75,76,77,77,77,78,78,78,78,78,78,78,78,78,79,79,79,80,80,80,80,81,81,82,82,82,83,82,82,82,80,79,76,73,72,71,70,69,69,67,67,66,66,65,65,64,63,63,63,63,63,63,64,63,63,62,61,60,56,53,51,51,49,49,49,48,49,48,49,48,49,49,49,49,50,51,52,51,52,53,54,59,63,69,76,88,149,157,164,169,174,179,183,189,194,199,207,219,223,226,229,231,235,239,245,250,253,259,267,273,279,287,288,288,287,286,284,281,272,270,186,97,98,99,99,100,100,101,101,101,101,102,102,102,102,102,102,103,103,103,103,103,103,103,103,103,103,103,103,103,103,102,101,100,99,99,98,96,95,94,94,93,93,93,93,93,93,93,92,92,93,92,91,91,90,90,89,89,88,88,88,87,87,86,86,85,85,84,84,84,83,82,81,81,80,80,79,78,77,77,76,75,75,75,76,76,78,78,79,80,81,82,82,83,83,84,84,85,85,87,87,87,88,88,89,89,90,90,91,91,91,92,92,92,93,93,93,93,93,94,94,94,94,94,94,94,95,94,94,95,95,95,95,95,95,95,95,95,95,95,94,94,93,93,93,92,92,91,90,90,89,89,87,88,88,87,87,87,86,86,85,84,84,83,82,81,80,79,78,77,76,75,75,74,74,74,73,73,73,73,71,71,71,71,71,71,71,71,71,71,71,71,71,71,71,70,70,71,71,71,71,71,71,70,70,70,69,69,69,69,69,68,68,68,68,68,67,66,66,66,66,66,66,65,65,65,64,64,63,63,63,63,63,62,62,62,61,60,60,60,59,59,59,58,58,57,57,57,56,56,56,55,55,55,55,54,54,54,54,53,53,53,53,52,52,53,53,53,53,54,54,55,54,54,55,55,56,56,56,56,55,56,56,56,56,57,56,55,56,55,55,55,54,54,54,53,52,53,52,51,51,51,51,50,50,50,51,50,49,50,49,50,49,49,49,50,50,50,50,50,50,51,50,51,50,51,51,51,51,51,51,51,51,51,51,50,50,50,50,50,50,50,49,49,49,48,48,48,48,47,46,46,46,46,46,45,44,44,44,43,43,43,43,41,41,41,41,40,40,40,40,38,38,38,39,38,38,38,38,39,39,38,38,39,39,40,40,41,40,41,42,44,45,47,49,50,52,56,63,65,67,69,69,72,74,76,78,82,83,83,82,82,82,82,45,47,50,53,57,59,62,66,69,71,74,76,77,79,83,84,84,82,80,77,75,69,57,49,42,37,34,1,1,1,1,1,1,1,1,1,1,1,1,1,1,1,1,1,1,1,1,1,1,1,1,1,1,1,1,1,1,1,1,1,1,1,1,1,1,1,1,1,1,1,1,1,1,1,1,1,1,1,1,1,1,1,1,1,1,1,1
syn_f000898-2-Pre,1,1,1,1,1,1,1,1,1,1,1,1,1,1,1,1,1,1,1,1,1,1,1,1,1,1,1,1,1,1,1,1,1,1,1,1,1,1,1,1,1,1,1,1,1,1,1,1,1,1,1,1,1,1,1,1,1,1,1,1,1,1,1,1,1,1,1,1,1,1,1,1,1,1,1,1,1,1,1,1,1,1,1,1,1,1,1,1,1,1,1,1,1,1,1,1,1,1,1,1,1,1,1,1,1,1,1,18,26,32,37,42,44,47,50,53,55,56,58,60,62,63,65,66,68,69,69,71,71,72,72,73,74,74,74,74,74,75,75,75,75,75,75,76,76,76,77,77,78,79,78,79,80,81,80,81,82,81,81,80,80,78,76,74,73,72,71,71,71,70,68,67,66,66,65,64,63,63,62,61,61,61,60,60,60,59,58,58,56,51,48,46,46,45,44,44,44,44,44,44,43,44,43,44,44,44,44,44,45,45,46,46,47,46,47,49,53,57,60,64,69,77,87,95,102,107,113,129,158,165,171,177,182,187,191,195,200,205,210,218,236,240,244,248,252,257,262,266,270,278,285,289,294,304,305,305,304,303,301,297,78,79,79,79,80,80,80,80,81,80,80,80,80,80,78,78,78,78,77,77,75,75,75,74,74,72,72,72,71,71,71,70,70,70,70,70,70,69,69,69,69,69,68,69,69,68,68,68,68,68,67,67,66,66,66,66,65,65,65,64,63,63,63,63,63,63,63,63,63,63,63,63,62,62,63,63,63,63,63,62,63,63,63,64,64,65,66,67,68,69,71,71,72,73,74,74,75,76,76,77,78,78,79,80,80,82,83,83,84,83,83,84,84,84,85,85,85,85,85,87,87,87,86,86,86,87,87,87,87,87,87,87,86,86,87,87,86,86,85,85,85,84,83,84,84,84,85,85,85,84,85,85,85,84,84,84,84,84,83,83,82,83,82,82,81,81,80,80,79,79,78,77,77,76,76,75,75,76,75,75,75,75,75,74,74,74,74,74,74,74,74,74,75,74,74,74,73,73,73,73,73,73,73,73,73,72,72,72,72,72,72,72,71,71,71,71,71,71,71,71,71,70,69,69,69,69,69,69,69,69,68,67,67,67,67,67,66,66,66,65,64,64,64,63,63,62,62,61,61,61,60,60,60,59,59,59,59,58,57,57,56,56,56,56,56,56,55,55,55,54,54,55,54,54,55,55,55,55,56,57,57,56,57,57,57,57,57,57,57,57,57,57,57,56,56,56,55,54,55,54,54,54,53,52,52,52,52,51,51,50,50,51,50,50,50,50,50,50,50,50,49,49,49,49,49,49,49,49,48,49,49,49,49,49,49,48,49,49,49,49,49,48,48,48,48,47,47,47,46,46,46,46,46,45,45,44,44,44,44,44,43,43,43,43,43,42,42,42,42,41,41,41,41,40,40,40,40,39,39,39,39,39,38,38,38,38,38,38,37,37,37,37,37,36,36,36,36,36,36,36,36,36,37,38,39,42,43,45,48,49,51,54,56,58,60,62,64,68,74,76,79,81,82,84,85,86,87,86,85,85,85,81,76,70,64,59,62,65,68,73,76,79,81,85,88,90,90,92,93,93,92,92,90,89,86,82,68,61,53,48,42,39,1,1,1,1,1,1,1,1,1,1,1,1,1,1,1,1,1,1,1,1,1,1,1,1,1,1,1,1,1,1,1,1,1,1,1,1,1,1,1,1,1,1,1,1,1,1
syn_f000903-0-Pre,1,1,1,1,1,1,1,1,1,1,1,1,1,1,1,1,1,1,1,1,1,1,1,1,1,1,1,1,1,1,1,1,1,1,1,1,1,1,1,1,1,1,1,1,1,1,1,1,1,1,1,1,1,1,1,1,1,1,1,1,1,1,1,1,1,1,1,1,1,1,1,1,1,1,1,1,1,1,1,1,1,1,1,1,1,1,1,1,1,1,1,1,1,1,1,1,1,1,1,1,1,1,1,1,1,1,1,1,1,1,1,1,1,1,1,1,1,1,1,1,1,1,1,1,1,1,1,1,1,1,1,1,18,26,33,37,42,46,49,52,54,56,58,60,62,64,65,67,68,69,70,71,73,73,73,74,76,76,76,76,76,76,76,76,76,77,77,77,77,77,78,78,78,79,79,79,80,81,81,82,82,83,83,82,81,81,78,76,75,74,73,73,73,71,70,70,70,69,67,67,67,67,65,65,65,65,65,64,62,61,59,58,57,55,54,53,53,53,52,52,54,54,54,56,57,58,58,59,60,61,61,68,75,188,233,237,241,248,257,263,279,299,300,300,300,299,298,296,295,291,286,285,282,265,257,225,221,218,215,211,208,204,201,197,192,185,176,171,166,160,146,133,128,123,118,114,115,116,117,118,118,120,120,121,121,121,122,122,122,123,124,124,123,124,125,125,125,125,125,124,124,124,123,123,123,122,121,120,120,119,119,119,119,119,119,120,119,120,119,120,119,120,120,119,120,120,119,120,119,119,120,120,120,121,120,121,121,121,121,122,122,123,123,123,123,124,124,122,122,122,122,121,120,119,119,119,119,120,120,121,122,123,123,125,125,127,127,128,129,130,130,131,132,132,133,133,135,135,135,135,136,136,136,136,137,137,137,137,136,137,137,137,136,136,136,135,135,135,134,134,133,133,132,132,131,130,130,129,127,126,126,125,124,123,122,121,120,119,118,117,114,113,111,109,106,106,106,106,105,105,105,104,104,103,103,103,102,102,101,101,100,100,99,99,97,97,96,95,94,93,92,91,91,90,89,89,89,87,87,87,87,87,85,85,85,85,85,83,83,83,82,82,82,81,81,80,80,79,79,79,78,78,78,77,77,76,76,76,75,75,74,74,73,72,72,71,71,70,70,70,69,68,67,67,66,66,65,65,64,63,62,62,61,61,59,59,59,58,58,58,57,57,57,55,55,55,55,54,54,54,53,54,54,55,54,55,55,54,55,54,54,54,54,53,54,53,52,53,52,52,52,51,52,52,52,51,50,50,50,49,49,49,49,48,48,48,48,47,47,47,47,48,48,48,48,47,48,48,48,48,48,48,48,47,47,47,47,47,47,47,46,46,46,46,46,46,45,45,45,45,45,45,44,44,44,44,44,44,44,43,43,43,43,43,43,43,43,42,42,42,42,42,42,42,41,41,41,41,41,41,41,41,41,41,41,41,40,40,40,40,40,40,40,40,40,42,43,46,49,52,55,58,65,69,71,73,74,76,79,80,80,81,82,82,82,82,82,81,82,41,41,41,43,45,47,49,53,56,60,63,66,69,71,74,77,80,81,84,86,86,85,83,82,80,79,75,67,59,54,49,45,38,32,22,1,1,1,1,1,1,1,1,1,1,1,1,1,1,1,1,1,1,1,1,1,1,1,1,1,1,1,1,1,1,1,1,1,1,1,1,1,1,1,1,1,1,1,1,1,1,1,1,1,1,1,1,1,1,1,1,1,1,1,1,1,1,1,1
syn_f000919-0-Pre,1,1,1,1,1,1,1,1,1,1,1,1,1,1,1,1,1,1,1,1,1,1,1,1,1,1,1,1,1,1,1,1,1,1,1,1,1,1,1,1,1,1,1,1,1,1,1,1,1,1,1,1,1,1,1,1,1,1,1,1,1,1,1,1,1,1,1,1,1,1,1,1,1,1,1,1,1,1,1,1,1,1,1,1,1,1,1,1,1,1,1,1,1,1,1,1,1,1,1,1,1,1,1,1,1,1,1,1,1,1,1,1,1,1,1,1,1,1,1,1,1,1,1,1,1,1,1,1,1,1,1,1,1,1,1,1,1,1,1,1,1,1,1,1,1,1,1,1,1,20,27,33,38,42,46,49,52,54,56,58,60,63,64,66,67,68,69,70,71,72,73,74,74,75,75,75,75,76,76,76,76,77,78,78,77,77,77,77,78,77,78,78,79,80,79,80,79,80,80,80,79,78,77,76,73,70,68,68,67,66,66,65,64,64,63,63,63,62,61,61,60,60,61,61,61,61,60,60,59,57,55,52,48,46,47,46,47,47,47,48,48,50,51,53,54,56,60,63,66,70,73,77,81,86,144,148,153,158,164,169,174,181,191,200,207,214,219,222,226,230,234,239,244,249,253,260,266,272,277,287,288,288,288,287,286,283,281,271,103,100,101,101,103,103,103,104,105,105,106,106,107,107,107,108,108,108,108,108,108,108,107,107,107,107,106,105,105,104,104,103,103,102,102,103,102,103,103,103,103,104,104,104,104,105,105,105,104,105,105,104,104,104,105,105,104,104,104,104,104,104,103,103,102,101,101,101,100,100,100,100,99,99,99,99,100,100,99,100,102,102,103,103,103,103,103,103,104,105,105,105,106,106,107,107,108,108,108,109,108,109,109,109,110,109,110,109,109,109,109,109,108,108,108,108,108,107,107,106,106,106,106,105,104,104,103,103,102,102,101,100,99,98,98,97,96,95,94,93,93,91,89,88,87,86,86,86,85,85,84,84,83,83,82,81,80,80,80,79,78,78,77,76,76,75,74,74,73,73,72,72,72,72,72,71,71,71,71,71,70,70,70,70,69,69,69,69,69,68,68,68,68,68,67,67,67,67,66,66,66,66,65,65,65,65,64,64,64,64,64,63,63,63,62,62,61,60,60,60,59,59,57,57,56,56,56,55,55,54,54,53,53,53,53,52,52,52,52,52,52,53,53,52,53,53,54,53,54,53,53,53,53,53,52,51,51,51,50,50,50,49,49,48,48,47,46,47,46,46,45,45,45,45,44,44,44,44,44,45,45,45,45,45,45,45,45,44,44,45,45,45,45,45,45,44,44,44,44,44,44,43,43,43,43,43,42,42,42,41,41,40,40,40,40,39,38,38,38,38,37,36,36,36,36,36,36,35,35,35,35,35,35,35,35,34,34,34,34,34,34,34,35,35,36,37,38,40,42,44,46,48,50,51,54,58,63,66,68,70,73,74,76,79,80,82,81,81,81,81,82,73,49,51,55,57,60,64,67,70,73,75,77,78,81,84,84,83,82,80,77,76,71,63,52,44,35,27,1,1,1,1,1,1,1,1,1,1,1,1,1,1,1,1,1,1,1,1,1,1,1,1,1,1,1,1,1,1,1,1,1,1,1,1,1,1,1,1,1,1,1,1,1,1,1,1,1,1,1,1,1,1,1,1,1,1,1,1,1,1,1,1,1,1,1,1,1,1,1,1,1,1,1,1,1,1,1,1,1,1
syn_f000931-3-Pre,1,1,1,1,1,1,1,1,1,1,1,1,1,1,1,1,1,1,1,1,1,1,1,1,1,1,1,1,1,1,1,1,1,1,1,1,1,1,1,1,1,1,1,1,1,1,1,1,1,1,1,1,1,1,1,1,1,1,1,1,1,1,1,1,1,1,1,1,1,1,1,1,1,1,1,1,1,1,1,1,1,1,1,1,1,1,1,1,1,1,1,1,1,1,1,1,1,1,1,1,1,1,1,1,1,1,1,1,1,1,1,1,1,1,1,1,1,1,1,1,1,1,12,23,31,35,40,43,46,49,52,54,56,58,60,62,64,65,67,67,69,70,70,71,72,73,73,74,75,75,75,75,75,76,76,76,76,76,76,77,77,77,78,78,78,79,80,81,81,82,82,83,82,81,80,78,75,74,73,72,71,70,69,68,68,67,66,65,65,65,65,65,65,64,64,64,63,62,61,58,54,51,49,49,48,47,47,47,47,47,47,48,47,48,48,49,49,49,50,50,175,184,192,201,207,215,221,231,243,279,280,281,280,280,278,277,275,270,268,266,263,249,247,208,205,201,197,194,190,185,180,175,170,163,156,152,145,131,113,106,101,93,85,84,85,87,87,88,89,89,89,90,90,90,91,91,91,91,92,92,91,91,91,91,91,91,90,89,89,89,89,89,88,88,88,88,87,87,86,86,84,84,84,82,81,80,79,79,79,78,78,78,77,77,77,77,76,76,75,75,75,74,73,72,72,72,70,70,70,69,69,69,68,68,67,67,67,67,67,66,65,65,65,64,64,64,64,63,62,62,63,63,64,66,66,67,68,69,70,71,72,74,74,76,76,77,78,79,80,81,82,82,84,84,85,86,87,87,88,89,89,90,91,91,92,92,93,93,94,94,94,94,94,95,95,95,95,95,95,95,95,95,95,95,94,94,94,94,93,92,92,91,91,90,88,88,88,88,88,88,88,87,87,87,86,87,87,86,86,85,85,84,83,83,83,82,81,80,79,77,77,76,76,76,75,75,75,75,75,75,75,75,76,76,76,76,76,75,76,76,76,76,76,76,76,76,76,76,76,76,76,76,76,75,75,75,75,75,75,74,74,74,73,73,73,73,72,72,72,72,72,72,71,70,70,70,70,69,69,68,68,67,67,67,66,65,65,65,64,63,63,62,62,61,60,60,60,59,58,58,57,57,57,56,56,56,54,55,55,54,54,54,54,54,54,55,54,55,55,56,55,56,56,57,56,57,57,57,58,57,58,57,58,58,58,58,58,58,58,58,58,57,58,57,56,57,56,56,56,56,56,55,55,56,56,56,56,56,55,55,55,55,55,55,56,56,56,55,55,55,55,54,53,53,53,53,54,54,54,53,53,53,53,53,53,53,53,52,52,52,52,51,51,51,50,50,49,49,49,48,48,47,46,46,46,45,45,45,43,43,43,42,42,41,40,40,40,39,39,39,38,38,38,37,36,36,36,36,35,35,36,36,37,38,39,42,43,45,47,50,53,55,58,59,61,63,66,69,71,73,75,77,78,80,81,81,81,82,82,81,79,51,54,58,61,65,70,73,77,82,85,85,87,87,86,86,85,84,82,82,81,76,62,55,49,45,42,40,1,1,1,1,1,1,1,1,1,1,1,1,1,1,1,1,1,1,1,1,1,1,1,1,1,1,1,1,1,1,1,1,1,1,1,1,1,1,1,1,1,1,1,1,1,1,1,1,1,1,1,1,1,1,1,1,1,1,1,1
syn_f000943-2-Pre,1,1,1,1,1,1,1,1,1,1,1,1,1,1,1,1,1,1,1,1,1,1,1,1,1,1,1,1,1,1,1,1,1,1,1,1,1,1,1,1,1,1,1,1,1,1,1,1,1,1,1,1,1,1,1,1,1,1,1,1,1,1,1,1,1,1,1,1,1,1,1,1,1,1,1,1,1,1,1,1,1,1,1,1,1,1,1,1,1,1,1,1,1,1,1,1,1,1,1,1,1,1,1,1,1,1,1,1,1,1,1,1,1,1,1,1,1,1,1,1,1,1,1,4,22,29,34,39,43,45,48,51,53,55,58,60,61,63,64,67,68,69,70,70,71,72,73,73,74,75,75,75,75,75,75,75,76,76,76,77,78,78,79,79,79,80,81,81,82,82,83,83,82,82,81,78,77,75,75,74,73,73,72,70,69,69,68,68,67,65,65,65,65,64,65,65,65,65,64,64,63,62,59,55,53,52,51,51,50,51,51,52,51,52,52,52,52,53,54,54,55,55,56,57,58,59,59,60,60,60,62,64,67,71,77,85,93,157,163,168,172,177,180,184,189,196,204,216,221,224,226,230,233,237,241,245,250,254,260,267,273,279,289,289,289,289,288,286,283,279,273,115,108,104,105,105,106,106,106,107,107,107,108,108,108,108,108,109,109,109,109,110,109,109,108,108,108,108,108,107,106,105,105,104,103,102,100,100,99,98,99,98,98,99,99,99,98,98,99,99,98,98,98,97,97,96,96,96,95,95,94,94,94,93,93,93,92,92,92,92,92,92,92,91,91,91,91,91,91,91,90,90,90,89,89,88,88,88,88,88,88,89,89,90,91,91,93,94,95,96,97,98,99,100,101,102,103,104,104,105,106,106,107,107,107,108,109,109,109,109,109,110,110,110,110,110,109,110,110,110,110,109,109,109,109,108,108,107,107,106,106,105,105,104,104,103,101,100,99,99,98,96,95,93,92,92,91,91,91,90,90,90,89,89,88,88,88,88,87,87,86,86,85,85,85,84,84,83,83,83,82,82,81,80,80,79,78,78,78,78,78,78,78,77,77,77,77,77,77,77,77,77,76,76,76,76,76,75,75,75,75,75,75,74,74,74,74,73,73,73,72,72,72,72,72,72,71,70,70,70,70,69,69,68,68,67,67,67,65,65,65,64,64,63,62,62,61,61,59,59,58,58,57,57,56,56,55,53,53,52,52,52,52,51,51,51,52,52,52,52,53,53,54,54,54,54,55,55,55,55,55,55,55,55,55,55,54,54,54,53,53,53,52,51,52,51,50,50,49,49,49,48,48,47,47,47,47,46,46,46,46,46,47,47,47,47,46,46,47,47,47,47,47,48,48,47,47,47,47,47,46,46,45,45,45,45,45,44,44,44,43,43,43,43,42,42,42,42,41,41,41,41,40,40,40,39,39,39,39,38,38,38,38,37,37,37,37,37,36,36,36,36,36,36,35,35,36,36,36,37,37,37,38,39,40,42,44,46,48,50,53,54,56,62,66,69,72,74,76,77,80,82,82,84,84,88,90,89,89,90,90,50,52,55,58,60,62,67,70,73,75,78,82,84,88,90,90,89,88,86,86,84,82,69,56,50,43,37,32,1,1,1,1,1,1,1,1,1,1,1,1,1,1,1,1,1,1,1,1,1,1,1,1,1,1,1,1,1,1,1,1,1,1,1,1,1,1,1,1,1,1,1,1,1,1,1,1,1,1,1,1,1,1,1,1,1,1,1
syn_f000944-0-Pre,1,1,1,1,1,1,1,1,1,1,1,1,1,1,1,1,1,1,1,1,1,1,1,1,1,1,1,1,1,1,1,1,1,1,1,1,1,1,1,1,1,1,1,1,1,1,1,1,1,1,1,1,1,1,1,1,1,1,1,1,1,1,1,1,1,1,1,1,1,1,1,1,1,1,1,1,1,1,1,1,1,1,1,1,1,1,1,1,1,1,1,1,1,1,1,1,1,1,1,1,1,1,1,1,1,1,1,1,1,1,1,1,1,1,1,1,1,1,1,1,1,1,1,1,1,1,1,1,6,21,29,34,38,42,46,49,51,53,55,57,59,60,62,65,65,67,67,68,69,70,71,71,72,73,73,73,73,74,74,74,74,74,75,75,74,75,75,75,75,75,76,76,76,77,78,78,78,79,79,79,78,78,76,74,72,70,69,68,68,68,67,66,64,65,65,64,64,63,62,62,62,62,62,61,61,61,60,60,59,57,52,46,45,44,45,44,45,44,45,46,46,47,48,48,49,49,50,50,51,50,51,51,55,57,61,65,68,72,76,80,87,140,147,154,161,165,170,174,179,184,189,194,199,205,212,220,223,226,229,233,237,242,247,250,255,262,267,271,276,286,287,286,286,284,281,278,84,85,86,85,86,86,86,87,86,86,87,87,86,86,86,86,84,84,84,83,83,83,81,81,80,78,77,76,76,75,76,76,76,75,76,76,75,75,76,75,75,75,74,74,75,75,74,74,74,74,73,73,73,72,72,73,73,72,72,72,72,71,71,71,71,71,71,71,71,70,70,70,70,70,70,70,70,70,72,72,72,73,73,73,75,75,76,76,77,77,78,78,78,79,79,79,79,79,79,80,80,80,81,80,80,80,80,80,81,80,80,80,80,80,81,81,81,81,81,81,82,81,81,82,81,81,81,80,81,80,80,80,80,81,81,81,82,82,82,82,82,83,83,83,83,83,83,83,83,82,82,82,82,82,81,80,81,80,80,79,79,78,77,77,76,75,75,75,74,74,74,73,73,73,72,72,72,71,71,71,70,69,69,69,69,69,68,68,68,68,67,67,67,67,66,65,65,65,65,65,65,64,64,64,64,63,62,62,62,61,61,61,61,61,60,60,60,59,58,58,58,58,57,56,56,56,55,55,55,54,54,53,53,52,52,52,52,51,51,51,51,51,50,50,50,50,50,50,50,50,50,51,51,50,50,50,51,51,52,52,52,53,53,54,54,54,55,54,54,54,54,53,54,53,53,52,53,52,52,52,51,51,50,50,50,49,48,48,47,47,46,47,46,46,46,45,45,45,45,45,44,44,44,44,44,44,43,43,43,43,44,44,44,43,43,43,43,43,43,43,43,42,42,42,42,42,42,42,41,41,41,40,40,40,40,39,39,39,39,39,38,38,38,38,38,38,37,37,37,37,37,37,36,36,36,36,36,36,36,35,35,35,35,35,35,35,35,34,35,35,36,37,38,39,40,41,44,46,48,50,52,55,56,59,60,62,65,68,71,74,77,78,82,86,85,86,86,85,85,85,80,66,53,56,60,63,67,71,74,76,81,84,87,91,91,91,91,89,87,86,85,83,78,62,53,44,35,1,1,1,1,1,1,1,1,1,1,1,1,1,1,1,1,1,1,1,1,1,1,1,1,1,1,1,1,1,1,1,1,1,1,1,1,1,1,1,1,1,1,1,1,1,1,1,1,1,1,1,1,1,1,1,1,1,1,1,1,1,1,1,1,1
syn_f000946-3-Pre,1,1,1,1,1,1,1,1,1,1,1,1,1,1,1,1,1,1,1,1,1,1,1,1,1,1,1,1,1,1,1,1,1,1,1,1,1,1,1,1,1,1,1,1,1,1,1,1,1,1,1,1,1,1,1,1,1,1,1,1,1,1,1,1,1,1,1,1,1,1,1,1,1,1,1,1,1,1,1,1,1,1,1,1,1,1,1,1,1,1,1,1,1,1,1,1,1,1,1,1,1,1,1,1,1,1,1,1,1,1,1,1,1,1,1,1,1,1,1,1,1,9,23,30,36,40,44,47,50,52,55,57,59,61,63,65,67,68,69,70,71,72,73,74,74,76,76,76,76,77,78,78,78,78,78,78,78,78,78,78,79,79,79,79,80,81,80,81,82,83,83,83,83,82,82,80,79,76,75,74,73,73,72,71,70,70,69,69,68,68,66,66,65,65,65,65,65,65,64,65,64,63,62,60,59,57,54,52,52,51,51,51,50,51,51,51,52,53,54,54,55,56,57,57,58,58,177,189,211,220,227,233,242,253,263,283,298,299,298,298,297,296,293,292,288,283,282,280,262,259,250,214,210,205,201,196,191,187,183,178,170,163,157,146,117,112,105,93,92,93,93,93,94,94,94,95,95,96,96,97,96,96,97,97,97,98,98,97,98,98,97,97,97,97,96,96,97,97,95,95,95,94,94,94,94,93,93,94,94,93,94,94,95,95,94,95,95,96,96,95,95,95,94,94,94,93,93,92,92,92,92,92,91,91,90,90,88,88,87,87,87,87,86,87,87,86,86,86,85,85,84,84,85,87,87,88,89,89,90,90,91,92,92,93,94,94,95,96,97,98,99,99,101,101,102,102,104,104,104,105,106,106,106,106,108,108,108,109,109,110,110,110,110,111,111,111,111,112,112,112,112,112,112,112,112,112,112,112,112,112,111,110,110,110,110,108,108,107,106,105,105,104,102,101,99,97,97,96,96,95,94,94,94,93,93,92,91,91,90,89,88,88,87,87,87,87,86,86,86,86,86,86,86,86,86,87,87,86,86,86,86,87,87,87,87,87,86,86,86,86,86,86,86,86,85,85,85,85,85,85,83,83,83,83,83,83,82,81,81,80,80,80,79,79,79,79,78,77,77,76,76,76,76,75,75,75,74,73,73,71,71,71,70,70,69,68,68,66,66,66,65,65,64,64,63,63,63,62,62,61,61,60,60,59,60,59,59,59,59,58,59,59,59,59,59,59,59,59,59,59,59,58,58,58,57,58,57,57,57,57,56,56,56,55,54,54,54,54,53,53,53,53,53,53,53,53,53,53,53,53,53,53,53,53,52,52,52,52,53,53,53,53,54,54,54,54,54,53,53,53,53,53,53,53,53,53,53,52,52,51,51,51,51,50,50,49,49,48,48,48,48,46,46,46,45,45,44,44,43,42,42,42,41,41,40,39,39,39,39,38,38,38,38,36,36,36,36,36,37,37,38,38,40,40,42,44,45,48,49,53,55,57,61,65,69,73,74,77,77,79,80,81,82,81,80,80,80,81,79,65,45,47,49,51,54,58,61,65,69,72,75,77,80,82,85,87,88,90,91,89,88,86,83,81,77,70,62,57,52,46,43,38,28,1,1,1,1,1,1,1,1,1,1,1,1,1,1,1,1,1,1,1,1,1,1,1,1,1,1,1,1,1,1,1,1,1,1,1,1,1,1,1,1,1,1,1,1,1,1,1,1,1,1,1,1,1,1,1
syn_f000954-2-Pre,1,1,1,1,1,1,1,1,1,1,1,1,1,1,1,1,1,1,1,1,1,1,1,1,1,1,1,1,1,1,1,1,1,1,1,1,1,1,1,1,1,1,1,1,1,1,1,1,1,1,1,1,1,1,1,1,1,1,1,1,1,1,1,1,1,1,1,1,1,1,1,1,1,1,1,1,1,1,1,1,1,1,1,1,1,1,1,1,1,1,1,1,1,1,1,1,1,1,1,1,1,1,1,1,1,1,1,1,1,1,1,1,1,1,1,1,1,1,1,1,1,1,1,1,1,1,1,1,1,20,27,34,38,43,47,50,53,55,57,59,61,63,65,66,68,70,70,72,72,74,74,76,76,77,77,78,78,78,78,78,78,79,80,80,80,80,80,81,80,81,82,82,83,83,83,84,85,85,85,85,84,84,82,80,78,76,76,75,75,74,74,72,72,72,71,71,70,70,70,70,70,71,71,71,71,70,70,69,68,65,63,61,60,59,57,57,56,56,55,55,56,55,56,57,57,59,60,60,173,183,210,216,220,224,228,235,242,249,257,272,291,293,293,292,293,291,290,288,286,278,277,276,273,255,249,235,210,205,201,197,194,190,186,180,174,168,161,155,149,141,129,122,116,110,110,111,111,112,113,113,114,114,114,115,115,115,115,114,114,114,114,115,115,115,115,115,114,114,114,114,114,114,113,112,111,110,109,109,107,107,106,107,107,107,108,107,107,108,108,107,108,108,107,107,106,107,107,106,106,107,106,106,106,106,105,105,106,106,105,106,106,106,106,106,106,106,107,107,107,106,106,106,106,105,105,105,105,105,103,103,104,104,103,104,103,104,104,105,104,106,106,107,109,109,110,110,111,112,113,113,114,115,115,115,117,117,117,117,117,118,118,119,119,119,119,120,120,120,120,120,121,121,120,121,121,121,120,120,120,120,120,119,119,119,119,118,117,117,116,116,115,114,114,113,111,111,110,109,108,106,105,103,102,98,96,95,94,93,92,91,90,90,88,89,88,87,87,86,86,86,85,85,85,84,83,83,83,83,83,83,83,83,83,83,83,82,83,83,82,82,82,82,81,81,81,80,80,80,80,80,79,79,79,79,78,78,78,78,78,77,77,76,75,75,75,75,74,74,74,73,73,73,71,71,70,70,70,69,69,68,68,67,67,65,65,64,64,63,63,62,62,60,60,60,59,59,58,57,57,57,57,57,55,55,55,55,56,55,55,56,55,55,56,55,56,56,55,56,55,55,55,55,54,55,54,54,54,54,54,54,54,53,53,52,52,52,53,52,52,52,52,52,52,52,52,52,52,52,52,52,53,53,53,53,53,53,54,54,54,54,54,53,53,53,53,53,53,53,52,52,52,52,52,51,51,50,50,50,49,49,49,48,48,47,47,47,47,45,45,45,45,44,43,43,43,42,42,42,41,41,40,40,40,40,40,39,39,39,39,40,40,40,40,41,41,42,41,41,43,44,46,47,49,51,55,57,60,71,75,76,77,79,80,82,84,84,85,86,86,87,87,86,86,86,48,49,51,54,58,61,64,69,73,76,79,81,82,85,87,90,89,89,88,87,85,83,80,74,65,60,54,50,44,40,37,25,1,1,1,1,1,1,1,1,1,1,1,1,1,1,1,1,1,1,1,1,1,1,1,1,1,1,1,1,1,1,1,1,1,1,1,1,1,1,1,1,1,1,1,1,1,1,1,1,1,1,1,1,1,1,1,1,1,1,1,1,1,1
syn_f000960-2-Pre,1,1,1,1,1,1,1,1,1,1,1,1,1,1,1,1,1,1,1,1,1,1,1,1,1,1,1,1,1,1,1,1,1,1,1,1,1,1,1,1,1,1,1,1,1,1,1,1,1,1,1,1,1,1,1,1,1,1,1,1,1,1,1,1,1,1,1,1,1,1,1,1,1,1,1,1,1,1,1,1,1,1,1,1,1,1,1,1,1,1,1,1,1,1,1,1,1,1,1,1,1,1,1,1,1,1,1,1,1,1,1,1,1,1,1,1,13,23,31,36,40,44,46,49,53,55,57,59,61,62,64,66,67,68,69,70,71,72,72,73,73,75,75,75,75,76,76,76,76,76,76,76,76,76,78,77,78,78,79,79,80,81,81,82,82,83,83,82,82,80,79,77,76,74,73,72,72,71,70,70,68,67,67,66,66,65,64,63,63,63,63,63,63,62,62,62,61,61,59,57,53,49,48,47,46,47,46,47,46,46,46,46,47,47,48,49,49,50,51,52,52,52,53,53,57,61,65,74,158,166,173,180,187,195,203,210,218,222,227,232,238,245,252,258,265,275,282,297,298,298,297,296,296,293,291,282,280,278,200,194,187,180,167,104,95,93,93,95,95,96,96,97,97,97,97,98,98,98,97,98,98,99,99,99,99,99,100,99,99,99,99,99,99,97,97,97,97,95,94,94,92,92,91,89,88,86,85,84,82,82,83,84,83,84,84,84,84,84,84,84,85,85,85,84,84,83,84,84,83,83,82,82,81,81,81,81,81,81,80,80,80,80,80,80,79,79,79,79,79,80,80,79,79,79,80,79,79,79,79,80,80,80,81,80,80,81,81,83,84,84,85,85,87,87,88,88,89,90,91,91,91,92,93,94,94,94,95,95,95,96,96,96,96,97,98,97,98,98,98,98,98,98,99,99,99,99,98,98,98,98,98,97,97,97,96,96,96,95,94,93,93,92,91,91,90,91,91,91,90,90,91,90,90,89,89,88,88,87,87,87,86,86,85,84,84,83,83,82,82,81,81,81,81,80,80,80,80,80,79,79,79,79,79,79,79,79,79,79,79,79,79,79,78,78,78,78,78,78,77,76,76,76,76,75,75,75,75,74,74,74,74,73,72,72,72,72,71,70,70,70,69,69,68,68,67,67,65,65,65,64,64,62,62,62,61,61,59,59,59,58,58,56,56,55,55,55,55,55,54,54,53,54,54,54,53,53,53,54,54,54,54,55,55,56,57,57,57,58,58,59,58,59,58,58,58,58,58,58,57,57,56,57,56,55,56,55,54,54,53,52,52,52,51,51,50,50,49,49,49,49,49,49,49,49,49,48,48,48,48,48,49,49,49,49,49,49,49,50,49,49,49,49,49,49,49,48,48,47,47,47,47,47,47,47,46,45,45,45,45,45,44,43,43,43,43,42,42,41,41,41,40,40,40,40,38,38,38,38,38,37,37,37,37,37,36,36,36,36,36,35,35,35,35,36,37,36,37,38,39,40,42,43,45,48,50,52,55,56,58,64,68,70,71,73,76,78,81,82,82,83,84,86,86,86,86,86,50,52,54,57,61,64,67,71,74,77,80,83,87,89,92,93,93,92,90,87,86,85,78,60,51,44,40,33,1,1,1,1,1,1,1,1,1,1,1,1,1,1,1,1,1,1,1,1,1,1,1,1,1,1,1,1,1,1,1,1,1,1,1,1,1,1,1,1,1,1,1,1,1,1,1,1,1,1,1,1,1,1
syn_f000978-3-Pre,1,1,1,1,1,1,1,1,1,1,1,1,1,1,1,1,1,1,1,1,1,1,1,1,1,1,1,1,1,1,1,1,1,1,1,1,1,1,1,1,1,1,1,1,1,1,1,1,1,1,1,1,1,1,1,1,1,1,1,1,1,1,1,1,1,1,1,1,1,1,1,1,1,1,1,1,1,1,1,1,1,1,1,1,1,1,1,1,1,1,1,1,1,1,1,1,1,1,1,1,1,1,1,1,1,1,1,1,1,1,1,1,1,1,19,27,33,38,40,43,46,49,51,53,56,57,58,59,61,63,64,65,66,66,68,68,68,69,69,71,71,71,71,71,71,71,71,72,72,72,73,74,74,74,75,76,77,77,77,78,78,77,77,76,73,72,70,70,69,69,68,67,65,65,65,64,62,62,61,61,60,60,60,60,60,58,57,56,56,53,50,47,45,44,43,42,42,43,42,43,43,43,44,45,45,46,47,48,47,48,49,50,51,51,51,52,52,53,55,59,65,74,84,91,97,102,107,112,120,142,150,158,164,169,173,176,180,184,188,193,197,202,208,214,221,225,228,230,233,237,241,245,249,253,256,262,268,273,278,284,290,290,290,289,288,284,84,85,85,85,85,85,86,85,85,85,85,85,85,85,85,85,84,83,83,83,82,82,81,80,79,79,78,77,77,78,77,77,77,76,76,76,75,75,75,74,74,73,73,72,72,71,71,70,69,69,69,68,67,67,67,67,67,67,67,67,66,65,65,65,66,66,66,67,67,67,67,68,69,71,72,74,76,78,79,80,80,81,83,83,84,84,85,85,87,87,89,89,91,91,93,93,94,95,95,96,96,98,98,98,98,99,99,99,99,99,100,100,100,100,100,100,100,100,100,100,99,99,99,99,99,99,99,99,98,98,98,98,97,97,97,97,95,95,95,94,94,93,92,92,92,91,91,92,91,91,91,90,90,90,90,90,89,89,88,88,88,88,87,86,86,86,85,85,84,82,81,80,79,79,78,78,78,77,77,77,76,76,76,76,76,76,76,77,77,76,76,76,77,77,77,76,76,76,76,76,76,76,75,75,75,75,75,74,74,74,74,73,73,72,72,72,72,72,72,72,71,71,70,70,70,70,69,69,68,68,68,67,66,66,66,65,65,64,64,64,63,62,62,61,61,61,60,59,58,58,58,57,57,56,55,55,54,54,54,53,53,52,52,52,52,51,51,52,51,51,52,51,52,52,52,52,53,52,53,52,53,52,52,52,52,52,52,52,52,52,52,52,53,52,52,52,51,51,51,50,51,50,50,50,50,50,50,50,51,51,51,50,50,50,50,50,50,50,50,50,50,51,51,51,52,52,51,51,52,52,52,52,53,53,53,53,52,52,52,52,52,52,52,52,52,52,52,51,50,50,50,49,49,49,49,48,47,47,47,46,46,46,45,44,44,43,43,43,42,42,40,40,40,40,39,39,39,38,38,37,36,36,36,36,36,35,36,36,36,37,36,37,38,38,39,40,41,44,45,48,51,53,56,59,61,64,67,70,73,76,77,80,81,84,85,85,85,85,85,84,79,45,47,50,52,54,56,61,65,68,73,75,78,82,85,86,88,89,88,88,87,85,85,83,78,60,50,45,42,39,36,1,1,1,1,1,1,1,1,1,1,1,1,1,1,1,1,1,1,1,1,1,1,1,1,1,1,1,1,1,1,1,1,1,1,1,1,1,1,1,1,1,1,1,1,1,1,1,1,1,1,1
syn_f000985-3-Pre,1,1,1,1,1,1,1,1,1,1,1,1,1,1,1,1,1,1,1,1,1,1,1,1,1,1,1,1,1,1,1,1,1,1,1,1,1,1,1,1,1,1,1,1,1,1,1,1,1,1,1,1,1,1,1,1,1,1,1,1,1,1,1,1,1,1,1,1,1,1,1,1,1,1,1,1,1,1,1,1,1,1,1,1,1,1,1,1,1,1,1,1,1,1,1,1,1,1,21,29,36,39,44,48,51,53,56,58,60,62,64,66,67,69,70,71,72,73,75,75,76,77,77,78,79,79,79,79,80,80,80,80,79,79,81,81,81,81,81,81,82,83,84,83,84,85,86,86,87,88,88,87,87,86,85,82,79,78,77,76,75,75,74,72,73,72,71,71,70,70,71,70,70,70,70,71,71,71,70,69,67,67,66,64,62,62,60,60,59,59,59,58,59,58,59,59,60,59,60,60,61,61,62,64,191,197,203,209,216,225,234,240,244,250,254,258,264,270,277,284,291,304,314,332,333,333,333,333,332,330,327,326,320,315,314,311,291,289,240,237,234,232,229,225,221,216,212,205,194,188,182,176,166,154,141,133,128,123,120,121,121,121,122,122,123,124,124,124,125,125,125,126,126,126,127,127,127,127,128,128,129,129,129,129,128,128,128,128,128,127,127,127,126,125,124,124,122,122,121,119,119,119,119,118,119,119,118,118,118,117,117,116,116,116,115,114,114,113,113,113,112,112,112,112,112,112,112,112,112,112,112,112,112,112,112,111,110,110,110,109,108,107,107,106,106,106,106,107,107,108,109,110,110,112,113,114,115,117,117,119,120,120,122,122,124,125,126,127,127,128,129,129,130,130,131,131,131,132,132,133,134,134,134,135,135,136,136,135,135,135,135,136,136,136,135,136,135,134,134,134,134,134,133,133,133,131,131,131,130,130,130,128,128,128,127,126,125,124,124,123,122,121,119,118,115,115,114,114,114,113,112,112,111,110,110,110,109,108,107,106,105,105,104,103,102,102,101,101,101,101,100,100,100,100,99,98,98,99,99,99,99,99,99,99,99,98,99,99,99,99,98,98,98,98,98,98,97,97,97,96,96,95,95,94,94,94,94,93,93,93,92,91,91,91,90,90,89,89,88,88,87,87,86,85,85,85,85,83,83,82,82,80,80,79,79,79,77,77,76,76,74,74,73,72,71,70,69,69,68,68,66,66,65,65,64,64,63,63,63,61,61,61,60,61,60,61,60,61,60,61,61,61,62,61,61,61,61,62,61,61,61,61,61,61,61,61,61,61,62,61,61,60,60,60,59,60,59,59,59,58,59,59,59,59,59,59,59,59,58,58,58,58,58,58,58,59,58,58,58,59,59,58,58,59,59,59,59,58,58,58,58,58,57,57,58,58,58,57,57,57,57,56,55,55,55,55,55,53,53,53,53,52,51,51,51,51,50,49,49,49,48,47,47,46,46,46,46,45,45,45,44,44,45,45,46,45,45,46,46,46,47,47,48,49,49,50,52,53,55,56,57,59,61,63,65,67,71,76,79,81,83,84,86,88,90,91,92,93,93,93,95,96,96,95,95,95,96,49,50,52,54,56,58,60,62,66,70,73,75,78,81,83,86,89,90,91,93,93,92,91,91,90,89,87,81,72,68,63,57,52,48,42,39,22,1,1,1,1,1,1,1,1,1,1,1,1,1,1,1,1,1,1,1,1,1,1,1,1,1,1,1,1,1,1,1,1,1,1
syn_f000995-0-Pre,1,1,1,1,1,1,1,1,1,1,1,1,1,1,1,1,1,1,1,1,1,1,1,1,1,1,1,1,1,1,1,1,1,1,1,1,1,1,1,1,1,1,1,1,1,1,1,1,1,1,1,1,1,1,1,1,1,1,1,1,1,1,1,1,1,1,1,1,1,1,1,1,1,1,1,1,1,1,1,1,1,1,1,1,1,1,1,1,1,1,1,1,1,1,1,1,1,1,1,1,1,1,1,1,1,1,1,1,1,1,1,1,1,1,16,25,31,37,41,45,48,51,53,55,57,59,61,62,64,65,68,69,69,71,71,73,73,74,74,75,76,76,76,76,76,76,76,77,77,77,77,79,79,80,80,81,82,83,82,83,84,85,85,85,85,85,83,83,80,78,76,75,74,73,72,72,71,69,68,68,67,66,65,64,62,62,62,61,60,60,60,60,59,60,59,57,55,52,50,49,48,47,48,48,48,48,49,48,49,49,49,50,49,50,51,51,52,53,53,53,54,55,56,56,57,57,58,59,60,61,62,63,64,68,71,76,79,84,161,165,171,176,180,184,189,193,198,203,210,219,228,235,239,242,245,249,253,257,261,265,268,272,278,283,288,292,298,305,305,305,305,303,302,299,101,102,102,101,102,102,103,103,102,102,102,103,103,103,103,103,102,102,102,102,102,101,100,100,100,99,99,98,97,96,95,94,94,94,95,95,95,96,97,96,97,97,97,97,98,98,98,99,99,98,99,99,99,99,99,99,99,99,99,99,99,98,98,98,98,97,97,97,97,96,97,97,96,96,96,96,96,96,95,95,96,96,97,97,97,98,99,99,99,100,100,101,102,102,102,103,104,104,105,106,106,106,106,107,108,108,108,108,108,108,108,109,109,108,108,108,108,108,108,109,108,108,108,108,107,107,107,107,107,106,106,106,105,104,104,104,104,103,103,102,101,101,100,98,97,96,95,95,94,94,92,92,92,91,91,90,90,89,88,88,88,87,87,86,86,85,85,84,83,82,81,80,79,78,77,76,76,75,74,74,73,71,71,71,70,70,70,70,69,69,69,68,68,68,67,67,67,67,67,66,66,66,66,66,66,65,64,64,64,64,64,64,64,63,63,63,63,63,63,63,62,62,62,62,62,62,62,62,61,61,61,61,61,61,60,59,59,59,59,59,59,59,58,58,58,58,58,57,57,57,57,57,56,56,56,56,55,55,55,55,55,55,55,55,55,55,55,55,55,55,55,55,55,55,55,55,55,55,54,53,54,53,52,52,52,52,51,50,50,50,49,49,48,48,47,47,46,46,45,44,45,44,44,44,43,43,43,43,44,43,43,43,43,44,44,44,43,43,43,43,43,43,43,43,43,43,42,42,42,42,42,42,42,42,42,41,40,40,40,40,40,40,39,38,38,38,38,38,38,38,37,36,36,36,36,36,36,36,36,35,34,34,34,34,34,34,33,33,34,34,34,34,34,34,34,34,35,35,36,36,37,37,38,39,39,40,43,45,46,48,51,52,55,57,58,61,63,66,69,72,74,76,78,79,81,83,86,87,88,88,88,88,87,48,49,51,54,57,60,63,66,70,74,76,80,83,85,87,89,92,92,92,92,90,88,87,86,83,76,58,49,42,33,32,1,1,1,1,1,1,1,1,1,1,1,1,1,1,1,1,1,1,1,1,1,1,1,1,1,1,1,1,1,1,1,1,1,1,1,1,1,1,1,1,1,1,1,1,1,1,1,1,1,1
syn_f000999-0-Pre,1,1,1,1,1,1,1,1,1,1,1,1,1,1,1,1,1,1,1,1,1,1,1,1,1,1,1,1,1,1,1,1,1,1,1,1,1,1,1,1,1,1,1,1,1,1,1,1,1,1,1,1,1,1,1,1,1,1,1,1,1,1,1,1,1,1,1,1,1,1,1,1,1,1,1,1,1,1,1,1,1,1,1,1,1,1,1,1,1,1,1,1,1,1,1,1,1,1,1,1,1,1,1,1,1,1,1,1,1,1,1,1,1,1,1,1,1,1,1,1,1,1,1,1,1,1,16,25,32,36,41,45,48,51,53,55,57,59,61,63,64,66,66,68,69,70,71,72,72,73,74,74,74,75,75,75,75,75,75,75,76,76,76,76,76,76,77,77,77,78,78,79,79,80,80,80,80,80,80,78,78,75,72,70,70,69,68,67,66,66,65,65,63,63,63,63,61,61,61,61,61,61,60,60,59,57,54,52,51,49,50,50,49,49,50,50,50,51,52,52,53,54,54,54,223,232,245,256,293,293,294,293,292,292,289,288,286,279,278,278,272,259,258,217,214,212,209,206,202,198,196,193,189,185,180,172,164,157,151,143,122,115,108,103,98,97,98,100,101,101,102,102,103,103,103,104,104,104,105,105,104,104,104,104,104,104,105,105,104,104,104,104,103,103,103,101,101,100,99,99,97,97,97,97,96,96,97,97,96,97,97,98,97,98,98,98,99,98,99,99,100,100,101,101,101,101,101,102,102,103,102,102,103,103,103,103,104,104,103,104,104,104,103,103,103,103,103,103,102,102,101,101,101,101,101,101,101,101,101,101,101,102,102,103,103,105,105,105,106,107,108,109,110,111,112,112,113,114,115,115,117,117,117,117,118,118,118,120,120,120,120,119,120,120,120,120,121,120,120,120,119,119,119,119,118,118,117,116,116,115,114,113,112,111,110,109,108,107,106,105,104,102,102,102,101,101,100,101,101,100,100,100,99,99,98,98,97,98,97,96,96,95,94,93,92,91,90,89,89,88,87,87,86,85,85,84,84,83,83,83,82,82,82,82,81,80,80,80,79,79,79,79,79,78,78,78,78,78,77,77,77,77,77,76,76,76,75,75,74,74,73,73,73,72,72,72,71,71,72,71,71,71,70,70,69,70,69,69,69,67,67,67,67,66,66,66,65,65,65,64,63,63,62,62,61,61,61,60,60,60,60,59,59,59,59,59,59,59,60,60,59,60,60,60,60,60,60,60,59,59,59,58,58,58,57,56,56,56,55,55,54,54,53,52,52,51,50,50,49,49,48,48,48,48,48,48,48,48,48,48,49,49,49,49,48,48,48,48,48,48,48,48,47,47,47,47,47,46,46,46,46,46,46,45,44,44,44,44,43,43,42,42,42,42,41,41,40,40,40,40,40,40,39,39,39,39,39,39,38,38,38,38,38,38,38,37,37,37,37,37,37,37,36,36,36,36,36,37,37,38,38,39,42,43,44,47,50,54,56,60,65,71,72,74,76,78,79,79,79,80,81,82,83,83,82,82,83,49,53,57,61,65,69,74,77,81,83,84,85,86,86,87,87,84,83,81,81,78,68,60,54,49,44,37,33,19,1,1,1,1,1,1,1,1,1,1,1,1,1,1,1,1,1,1,1,1,1,1,1,1,1,1,1,1,1,1,1,1,1,1,1,1,1,1,1,1,1,1,1,1,1,1,1,1,1,1,1,1,1,1,1,1,1,1,1,1,1,1
syn_f001002-0-Pre,1,1,1,1,1,1,1,1,1,1,1,1,1,1,1,1,1,1,1,1,1,1,1,1,1,1,1,1,1,1,1,1,1,1,1,1,1,1,1,1,1,1,1,1,1,1,1,1,1,1,1,1,1,1,1,1,1,1,1,1,1,1,1,1,1,1,1,1,1,1,1,1,1,1,1,1,1,1,1,1,1,1,1,1,1,1,1,1,1,1,1,1,1,1,1,1,1,1,1,1,1,1,1,1,1,1,1,1,1,1,1,1,1,1,1,1,1,1,1,19,27,34,38,42,45,48,52,54,56,58,60,62,63,65,66,68,69,70,71,72,72,74,74,74,75,76,76,76,76,76,76,76,76,76,76,77,77,77,78,77,78,79,79,80,80,80,81,81,80,80,78,76,74,73,73,72,71,70,70,69,68,68,67,66,65,64,63,63,63,63,63,63,62,61,60,59,57,55,54,52,52,51,51,52,51,51,52,52,53,54,55,55,55,56,57,58,58,61,68,74,79,84,89,93,153,158,164,171,178,182,187,193,203,229,233,237,240,245,249,255,261,265,270,279,285,292,303,304,304,304,303,301,299,297,287,286,206,201,197,190,176,167,150,124,118,113,108,107,108,108,109,109,110,110,111,111,112,112,113,112,113,113,113,114,114,113,113,113,113,113,112,112,112,111,110,110,109,109,107,106,106,105,106,106,106,106,107,106,107,107,106,107,107,107,107,107,107,107,107,107,107,108,108,107,108,108,108,109,109,108,109,109,109,110,109,109,109,109,109,110,109,109,109,109,109,108,108,108,109,109,111,111,113,113,114,114,115,116,117,117,118,118,120,120,121,121,122,122,123,123,122,123,123,124,124,125,124,124,125,125,125,126,125,125,126,126,125,125,126,126,125,125,126,125,125,124,124,124,123,124,123,123,122,121,121,120,120,119,118,117,117,116,114,113,112,111,110,109,107,107,107,106,106,106,105,105,104,103,103,103,103,102,102,101,101,100,99,98,98,97,96,96,95,94,94,93,93,92,92,90,90,90,89,89,89,88,87,87,87,86,86,86,85,84,84,84,83,83,82,81,81,81,80,80,79,79,79,78,78,78,77,77,76,76,75,75,75,74,74,74,74,73,73,73,72,71,71,71,70,70,70,69,69,69,68,68,68,68,66,66,66,65,65,64,64,64,62,62,62,61,61,61,60,60,60,59,58,58,57,57,57,57,57,57,57,56,56,56,56,56,57,56,56,56,57,57,56,56,55,55,55,54,53,53,54,53,52,52,52,52,51,51,50,49,49,48,48,48,47,47,47,46,46,47,46,46,46,46,46,46,46,46,46,46,46,45,45,45,45,45,46,45,45,45,45,45,44,44,44,44,44,44,44,44,44,44,44,44,44,43,43,43,43,43,43,43,43,42,42,42,42,42,42,42,42,42,41,41,41,41,41,41,41,41,41,40,40,40,40,40,40,40,40,40,40,39,39,39,39,39,40,41,42,44,46,48,50,52,54,56,57,60,65,68,70,72,74,76,78,78,80,82,83,85,87,87,86,86,86,86,41,42,44,46,48,50,52,55,58,61,63,67,70,73,77,80,83,85,86,87,90,89,88,86,85,83,76,64,58,52,47,42,36,32,1,1,1,1,1,1,1,1,1,1,1,1,1,1,1,1,1,1,1,1,1,1,1,1,1,1,1,1,1,1,1,1,1,1,1,1,1,1,1,1,1,1,1,1,1,1,1,1,1,1,1,1,1,1
syn_f001012-3-Pre,1,1,1,1,1,1,1,1,1,1,1,1,1,1,1,1,1,1,1,1,1,1,1,1,1,1,1,1,1,1,1,1,1,1,1,1,1,1,1,1,1,1,1,1,1,1,1,1,1,1,1,1,1,1,1,1,1,1,1,1,1,1,1,1,1,1,1,1,1,1,1,1,1,1,1,1,1,1,1,1,1,1,1,1,1,1,1,1,1,1,1,1,1,1,1,1,1,1,1,1,1,1,1,1,1,1,1,1,1,1,1,1,1,1,1,1,1,1,1,1,1,1,1,1,1,1,1,1,1,1,1,1,1,1,1,1,1,1,21,27,34,38,42,45,48,50,53,55,57,59,61,63,64,66,66,68,68,69,70,70,71,72,73,73,73,73,73,73,74,74,74,74,74,75,75,76,76,77,78,77,78,79,80,80,79,79,79,77,76,73,72,71,70,70,69,68,68,67,66,65,64,63,62,62,62,62,62,62,61,61,60,59,58,57,55,54,54,53,52,53,52,53,52,53,52,53,52,53,54,55,56,154,161,168,179,192,201,207,211,217,225,234,241,258,276,278,278,277,277,276,274,272,269,263,263,260,242,236,201,197,194,192,188,184,179,175,171,164,158,152,147,126,110,106,104,106,106,107,107,108,108,109,109,110,111,111,111,112,112,112,113,113,113,113,114,114,114,113,113,113,113,113,113,112,112,111,110,110,109,108,107,106,105,106,104,104,104,104,103,102,102,101,100,99,98,98,96,96,95,94,94,93,92,91,91,90,90,90,89,89,88,88,88,88,88,88,88,88,87,87,86,86,85,86,86,85,85,86,87,87,87,88,90,92,93,94,96,96,98,99,100,101,102,102,104,104,105,105,106,107,107,107,107,108,109,109,109,109,110,110,110,110,110,110,110,109,109,109,109,109,109,109,108,108,107,107,107,106,106,104,104,103,103,102,101,101,99,99,97,97,96,95,93,93,92,92,91,90,90,89,89,88,87,86,86,86,85,84,83,84,83,82,81,81,81,81,80,80,79,80,80,80,80,79,80,80,80,80,80,80,80,81,81,80,80,80,80,79,79,80,80,80,79,79,79,79,79,78,77,77,77,76,76,76,76,75,75,74,74,74,73,72,72,72,71,70,70,69,69,68,67,67,66,65,65,63,63,62,61,60,60,59,58,57,57,55,55,54,54,53,53,52,51,51,51,51,51,51,50,50,51,51,52,51,51,52,52,53,52,53,52,53,53,53,53,53,53,53,54,53,53,54,53,54,54,53,53,53,53,52,51,52,51,51,50,50,50,50,50,50,50,49,48,48,48,48,48,49,49,49,49,48,49,49,49,49,49,49,49,49,49,48,48,48,48,47,46,46,46,46,46,45,44,44,44,43,42,42,41,41,40,40,39,39,38,37,37,37,35,35,35,34,33,33,33,33,32,32,31,31,31,30,30,31,31,31,32,33,35,36,37,38,40,42,44,47,49,52,53,56,58,60,63,69,70,73,76,77,78,80,81,80,81,81,81,81,81,81,71,56,58,60,64,67,69,72,75,79,81,83,83,85,86,85,85,84,82,79,68,59,53,48,46,42,1,1,1,1,1,1,1,1,1,1,1,1,1,1,1,1,1,1,1,1,1,1,1,1,1,1,1,1,1,1,1,1,1,1,1,1,1,1,1,1,1,1,1,1,1,1,1,1,1,1,1,1,1,1,1,1,1,1,1,1,1,1,1,1,1,1,1,1,1,1,1,1,1,1
syn_f001044-2-Pre,1,1,1,1,1,1,1,1,1,1,1,1,1,1,1,1,1,1,1,1,1,1,1,1,1,1,1,1,1,1,1,1,1,1,1,1,1,1,1,1,1,1,1,1,1,1,1,1,1,1,1,1,1,1,1,1,1,1,1,1,1,1,1,1,1,1,1,1,1,1,1,1,1,1,1,1,1,1,1,1,1,1,1,1,1,1,1,1,1,1,1,1,1,1,1,1,1,1,1,1,1,1,1,1,1,1,1,1,1,1,1,1,1,1,1,1,1,1,1,1,1,1,1,1,1,1,1,1,1,1,1,1,1,1,1,1,1,1,1,1,1,1,1,1,1,1,17,27,33,37,42,46,49,52,54,56,58,60,62,64,65,67,67,68,70,71,72,73,73,75,75,75,75,76,76,76,76,76,76,76,76,76,76,76,77,76,77,78,79,80,80,81,82,82,82,82,82,81,80,78,75,74,73,72,71,71,70,69,68,68,67,68,67,67,66,66,65,65,65,66,66,65,64,63,63,61,58,55,54,52,51,52,51,52,53,53,54,55,56,57,58,59,59,60,61,62,62,63,67,73,81,92,101,108,146,155,163,170,175,179,185,190,195,199,204,207,211,214,217,221,224,228,232,237,242,247,252,259,263,268,277,280,281,280,279,278,274,273,265,172,151,115,116,116,117,117,117,118,118,118,118,118,120,120,120,120,120,121,121,121,121,121,122,121,121,121,121,121,120,120,119,118,117,116,114,112,112,112,112,112,112,111,111,110,111,111,110,110,109,109,109,108,108,107,106,106,106,106,105,105,104,103,103,102,102,101,101,100,99,98,98,98,97,97,96,95,95,96,96,96,97,97,97,98,98,99,100,100,101,103,104,104,106,107,108,108,110,110,111,111,113,113,114,114,114,115,116,116,117,117,117,117,117,117,118,118,118,118,118,118,118,117,117,117,116,116,116,114,114,114,113,113,112,112,111,110,109,109,107,107,106,106,104,104,103,103,103,102,103,102,101,101,100,99,99,98,97,96,95,95,94,93,92,91,92,91,91,91,91,90,90,90,90,90,90,90,90,90,90,90,90,90,90,90,90,89,89,89,89,89,89,89,88,88,88,88,88,87,87,87,86,85,85,85,84,84,84,83,82,82,82,81,81,80,79,79,79,78,77,76,76,75,75,73,73,72,72,70,70,69,67,67,66,66,64,63,63,62,61,60,60,59,58,57,57,56,57,56,57,57,56,57,56,56,56,56,56,56,55,56,55,55,55,54,54,54,54,53,52,52,51,51,50,50,50,49,49,49,49,49,48,49,49,49,50,50,50,50,50,50,49,49,49,49,49,49,49,49,49,49,49,49,48,47,47,47,47,47,47,45,45,45,44,44,44,43,42,42,42,40,40,40,40,39,38,37,37,37,36,35,35,35,35,33,33,33,33,33,34,33,33,34,34,35,35,36,36,37,37,40,42,43,46,48,51,54,57,65,69,70,72,74,76,78,79,81,81,82,81,81,81,81,79,50,55,59,64,67,71,75,78,80,82,83,85,85,84,84,82,78,77,75,70,60,50,41,34,19,1,1,1,1,1,1,1,1,1,1,1,1,1,1,1,1,1,1,1,1,1,1,1,1,1,1,1,1,1,1,1,1,1,1,1,1,1,1,1,1,1,1,1,1,1,1,1,1,1,1,1,1,1,1,1,1,1,1,1,1,1,1,1,1,1,1,1,1,1,1,1,1,1,1,1,1,1,1,1,1
syn_f001053-2-Pre,1,1,1,1,1,1,1,1,1,1,1,1,1,1,1,1,1,1,1,1,1,1,1,1,1,1,1,1,1,1,1,1,1,1,1,1,1,1,1,1,1,1,1,1,1,1,1,1,1,1,1,1,1,1,1,1,1,1,1,1,1,1,1,1,1,1,1,1,1,1,1,1,1,1,1,1,1,1,1,1,1,1,1,1,1,1,1,1,1,1,1,1,1,1,1,1,1,1,1,1,1,1,1,1,1,1,1,1,1,1,1,1,1,1,1,1,1,1,1,1,1,1,1,1,1,1,1,1,1,1,1,1,1,1,1,1,1,1,1,1,1,1,1,1,1,1,16,25,32,37,41,45,48,50,53,55,57,59,61,63,65,66,67,67,69,70,71,71,73,73,73,73,74,75,75,75,75,76,76,76,76,77,77,77,77,78,79,79,80,81,82,82,83,83,83,82,81,80,78,76,74,72,72,71,70,69,69,68,66,66,66,66,66,66,65,64,64,64,64,64,64,64,64,63,62,61,59,54,50,49,48,47,47,48,49,48,49,49,50,51,51,52,52,54,58,63,69,77,85,91,97,101,106,111,145,150,155,160,164,169,173,177,182,186,191,196,200,203,207,210,213,216,219,223,227,233,236,240,246,252,256,261,267,272,272,273,272,271,268,265,101,96,97,97,97,97,97,97,97,97,97,96,96,96,96,96,96,96,96,94,94,94,93,92,92,90,89,88,87,86,87,86,87,86,87,86,86,86,85,85,85,85,85,84,85,84,84,83,83,84,83,83,82,81,80,80,80,80,79,78,78,78,78,77,77,77,77,77,76,76,78,78,78,78,79,79,81,82,82,84,84,86,87,87,89,90,91,92,93,94,95,95,96,97,98,99,99,99,100,100,101,101,102,102,102,102,102,102,102,102,102,102,102,102,102,103,103,102,102,102,102,102,102,101,101,101,101,99,99,99,99,98,98,97,96,96,95,94,93,93,92,92,92,92,91,90,90,90,90,89,88,87,87,86,86,85,84,84,83,83,83,82,82,82,81,81,81,81,81,81,81,81,80,80,79,79,79,79,79,79,79,79,78,78,78,78,78,78,78,77,76,76,76,76,76,75,75,75,74,74,74,73,73,73,72,72,72,71,71,71,71,70,69,69,69,69,68,68,68,67,67,67,66,65,65,64,64,63,63,63,62,62,61,61,60,59,59,58,58,58,57,57,57,57,57,57,57,57,58,57,56,57,56,57,56,56,56,56,55,55,55,55,55,54,55,54,54,53,53,53,53,52,52,52,53,52,52,52,52,52,52,52,52,52,52,52,52,51,51,51,52,52,52,52,52,51,52,52,52,52,52,51,51,51,51,51,50,50,50,49,49,48,48,48,48,46,46,46,46,46,44,44,44,44,42,42,42,41,41,40,40,39,39,39,39,39,37,37,37,37,37,37,37,38,38,39,39,39,40,42,43,44,45,47,49,52,59,64,66,67,67,69,70,72,74,76,78,79,79,79,78,79,49,52,55,59,63,67,69,71,74,77,80,82,82,81,79,77,76,74,66,57,49,42,35,32,1,1,1,1,1,1,1,1,1,1,1,1,1,1,1,1,1,1,1,1,1,1,1,1,1,1,1,1,1,1,1,1,1,1,1,1,1,1,1,1,1,1,1,1,1,1,1,1,1,1,1,1,1,1,1,1,1,1,1,1,1,1,1,1,1,1,1,1,1,1,1,1,1,1,1,1,1,1,1,1,1,1
syn_f001070-2-Pre,1,1,1,1,1,1,1,1,1,1,1,1,1,1,1,1,1,1,1,1,1,1,1,1,1,1,1,1,1,1,1,1,1,1,1,1,1,1,1,1,1,1,1,1,1,1,1,1,1,1,1,1,1,1,1,1,1,1,1,1,1,1,1,1,1,1,1,1,1,1,1,1,1,1,1,1,1,1,1,1,1,1,1,1,1,1,1,1,1,1,1,1,1,1,1,1,1,1,1,1,1,1,1,1,1,1,1,1,1,1,1,1,1,1,1,1,1,1,1,1,8,22,29,35,40,43,46,49,52,54,56,58,60,62,63,65,66,67,68,69,71,71,72,72,73,74,74,74,74,74,76,76,76,76,76,76,76,77,77,77,78,77,78,79,79,79,80,81,81,81,81,80,79,77,75,74,72,72,71,71,70,70,68,67,67,67,66,66,64,64,64,64,63,63,63,63,63,63,62,62,62,61,59,57,54,52,51,50,49,49,48,48,48,48,48,49,49,49,49,50,51,52,52,53,54,62,73,86,95,104,110,116,152,161,167,173,179,183,188,195,201,208,215,220,224,228,231,236,240,245,251,257,261,269,275,280,288,296,296,296,296,295,293,290,280,279,196,182,165,120,94,95,95,96,97,97,98,98,98,99,99,99,99,99,99,98,98,98,98,98,98,98,98,97,97,97,97,97,96,95,95,95,93,93,93,92,91,90,89,89,88,88,87,87,86,86,86,86,85,85,85,86,86,86,85,85,85,84,84,84,83,83,83,82,82,81,81,80,81,80,80,80,80,80,80,80,81,81,82,82,83,83,83,84,85,86,86,87,89,89,90,92,92,93,95,95,96,97,98,99,99,100,100,102,102,102,103,104,104,104,105,105,105,105,106,106,106,106,106,105,105,105,105,104,104,104,104,103,103,102,101,100,100,100,99,98,97,96,96,94,94,94,94,93,93,92,92,92,91,91,91,91,90,90,89,89,89,88,87,87,87,86,85,85,84,85,84,84,84,83,83,83,83,82,82,82,82,82,81,81,81,81,81,80,80,80,80,80,80,79,79,79,79,79,79,78,78,78,78,78,78,77,76,76,76,76,76,76,75,74,74,74,74,74,74,74,72,72,72,72,72,71,71,71,71,71,70,70,70,70,69,69,68,67,67,67,66,66,66,66,65,65,65,64,64,63,63,63,62,62,61,61,60,60,60,59,60,59,59,59,58,58,58,58,58,57,58,58,58,58,57,58,58,58,57,58,57,57,57,57,56,57,57,57,57,57,57,56,57,56,56,55,56,55,54,54,54,54,54,53,54,54,54,53,53,53,53,53,53,53,53,53,53,52,52,52,52,53,53,53,53,53,53,53,53,53,52,53,53,53,52,53,52,52,52,52,52,52,50,50,50,50,50,50,49,48,48,48,48,47,47,46,46,46,45,45,44,44,43,42,42,42,42,41,41,41,39,39,39,39,39,39,38,38,38,38,37,37,37,37,38,38,38,38,39,40,40,42,42,44,47,49,51,54,56,59,64,68,71,73,75,76,77,79,79,81,82,84,84,84,84,84,47,48,50,53,56,59,62,66,70,73,75,78,80,81,83,85,87,87,86,85,84,81,76,63,56,51,47,43,40,38,1,1,1,1,1,1,1,1,1,1,1,1,1,1,1,1,1,1,1,1,1,1,1,1,1,1,1,1,1,1,1,1,1,1,1,1,1,1,1,1,1,1,1,1,1,1,1,1,1,1,1,1,1,1,1,1
syn_f001078-3-Pre,1,1,1,1,1,1,1,1,1,1,1,1,1,1,1,1,1,1,1,1,1,1,1,1,1,1,1,1,1,1,1,1,1,1,1,1,1,1,1,1,1,1,1,1,1,1,1,1,1,1,1,1,1,1,1,1,1,1,1,1,1,1,1,1,1,1,1,1,1,1,1,1,1,1,1,1,1,1,1,1,1,1,1,1,1,1,1,1,1,1,1,1,1,1,1,1,1,1,1,1,1,1,1,1,1,1,1,1,1,16,26,32,38,41,46,49,52,55,57,59,61,63,65,67,68,70,71,72,73,74,75,76,76,78,78,79,79,80,80,80,80,80,80,80,80,80,80,80,80,81,81,82,82,83,83,84,85,85,85,86,87,87,85,85,83,81,79,78,76,75,76,75,73,72,72,71,71,70,70,68,69,69,68,68,68,68,69,69,69,68,67,66,64,62,62,60,58,56,56,55,56,55,54,55,54,53,54,54,54,54,54,55,55,55,55,56,56,57,180,188,196,206,217,224,230,238,246,255,268,280,295,295,296,295,294,293,290,289,280,281,279,261,258,219,216,213,209,205,201,196,192,187,182,175,164,119,112,106,102,98,99,99,100,101,102,103,103,104,105,105,106,106,106,107,107,108,108,108,108,109,109,109,109,109,109,109,109,109,109,109,109,108,107,107,107,107,105,104,103,103,101,101,101,101,100,100,100,101,101,100,100,100,100,100,100,100,100,100,100,99,99,99,99,99,98,98,98,98,97,97,97,97,96,96,96,96,95,95,95,94,94,94,93,93,93,92,92,92,92,92,92,93,92,92,93,93,94,94,95,95,96,97,97,98,100,100,101,103,103,104,105,106,106,107,108,109,109,111,111,112,112,113,113,114,114,114,115,116,116,116,116,116,116,116,116,116,117,117,117,117,117,116,116,116,116,115,115,115,115,114,114,113,113,112,111,110,110,109,108,108,106,106,105,104,103,102,101,99,98,96,96,95,95,94,94,93,92,91,90,89,88,87,86,85,84,83,83,82,82,82,83,83,83,83,83,83,83,82,82,82,82,82,83,83,83,83,83,84,83,83,83,83,83,83,83,82,82,82,82,82,81,81,81,81,80,79,79,79,78,78,78,78,77,77,76,76,76,75,75,74,74,73,73,72,72,71,71,70,69,69,68,68,67,66,66,66,64,64,63,63,62,61,61,60,59,58,58,58,57,56,56,55,55,55,54,54,54,53,53,52,52,52,52,53,53,53,53,54,54,55,54,55,55,55,55,55,55,55,55,55,55,56,55,56,55,56,55,56,56,56,56,56,55,55,54,54,54,54,53,53,54,53,53,53,53,53,52,52,52,52,52,52,52,52,53,52,52,52,53,53,53,53,54,54,53,53,53,53,53,53,53,53,52,52,52,52,52,51,50,50,50,50,50,49,48,48,48,47,46,46,46,45,45,44,44,43,43,43,41,41,41,40,40,40,38,38,38,37,37,37,37,36,36,36,36,35,35,36,36,36,36,36,37,38,38,39,40,42,44,45,49,51,53,56,58,61,64,69,72,74,76,78,80,81,81,81,81,81,80,81,81,79,46,49,51,53,57,60,64,68,72,74,77,79,82,84,85,86,85,83,83,81,79,75,66,58,54,48,43,36,34,29,1,1,1,1,1,1,1,1,1,1,1,1,1,1,1,1,1,1,1,1,1,1,1,1,1,1,1,1,1,1,1,1,1,1,1,1,1,1,1,1,1,1,1,1,1,1
syn_f001083-0-Pre,1,1,1,1,1,1,1,1,1,1,1,1,1,1,1,1,1,1,1,1,1,1,1,1,1,1,1,1,1,1,1,1,1,1,1,1,1,1,1,1,1,1,1,1,1,1,1,1,1,1,1,1,1,1,1,1,1,1,1,1,1,1,1,1,1,1,1,1,1,1,1,1,1,1,1,1,1,1,1,1,1,1,1,1,1,1,1,1,1,1,1,1,1,1,1,1,1,1,1,1,1,1,17,26,33,37,42,45,48,51,54,56,57,59,61,64,66,67,68,69,70,71,72,73,74,75,75,76,76,76,76,77,78,78,78,78,78,78,78,78,78,78,78,78,79,79,79,80,80,81,81,82,83,82,83,81,81,80,77,75,73,72,71,70,71,69,68,66,67,66,66,66,64,64,64,65,65,65,65,65,65,65,64,63,61,59,54,47,47,46,47,46,46,47,46,47,48,48,49,49,50,50,50,51,51,51,51,52,52,54,55,58,61,65,69,73,78,83,87,93,98,104,110,117,145,155,162,166,170,175,178,182,186,189,193,199,203,210,218,227,233,238,240,243,245,249,253,258,263,266,270,273,280,286,291,295,305,307,307,307,306,305,302,299,102,103,103,103,103,103,103,103,104,103,103,103,102,102,102,102,100,100,100,99,98,98,97,96,95,95,93,92,92,90,89,89,89,88,88,88,87,87,87,88,87,87,87,86,86,86,85,85,86,85,85,85,85,85,85,85,85,85,84,85,84,84,84,83,84,83,83,83,82,83,83,82,82,82,82,81,82,82,82,82,82,83,83,84,84,85,86,86,87,88,88,88,89,89,89,91,91,92,92,93,93,94,95,95,97,97,98,98,98,98,99,99,100,99,100,100,100,101,101,102,102,102,103,103,104,103,103,104,104,104,105,105,105,106,106,106,106,107,107,107,107,107,107,107,107,107,107,108,107,107,107,106,105,105,105,104,104,104,104,104,103,103,103,103,103,102,102,102,102,101,102,102,101,101,101,101,100,100,99,99,98,99,98,98,96,95,94,93,92,92,91,90,89,89,88,88,87,87,87,86,86,86,85,85,84,84,84,83,83,82,82,82,81,81,81,81,80,80,80,80,80,79,79,79,78,78,78,77,77,77,76,76,76,75,75,75,73,73,73,73,72,72,72,71,71,71,70,70,70,70,69,68,67,67,67,67,66,65,65,64,64,64,63,63,63,61,61,61,61,60,60,60,60,60,60,60,60,60,59,60,60,61,61,61,61,62,62,63,63,63,63,63,62,63,62,62,62,62,61,61,61,60,60,60,59,59,58,59,58,58,57,56,57,56,56,55,55,55,54,54,55,55,55,55,55,55,55,55,55,54,54,54,54,54,54,53,53,53,53,54,54,53,53,53,53,53,53,53,52,52,52,52,52,52,51,51,51,51,51,49,49,49,49,49,49,49,48,48,47,47,47,47,47,46,46,45,45,45,45,44,44,43,43,43,43,43,42,42,41,41,41,41,41,41,41,40,39,39,39,39,39,39,40,39,40,41,42,43,45,48,49,52,55,57,59,62,67,69,72,74,76,79,80,80,82,83,84,85,85,87,87,88,87,87,86,52,55,57,61,63,66,70,73,75,77,80,82,84,86,88,91,92,91,90,89,87,85,81,72,63,56,50,42,38,1,1,1,1,1,1,1,1,1,1,1,1,1,1,1,1,1,1,1,1,1,1,1,1,1,1,1,1,1,1,1,1,1,1,1,1,1,1,1,1
syn_f001084-3-Pre,1,1,1,1,1,1,1,1,1,1,1,1,1,1,1,1,1,1,1,1,1,1,1,1,1,1,1,1,1,1,1,1,1,1,1,1,1,1,1,1,1,1,1,1,1,1,1,1,1,1,1,1,1,1,1,1,1,1,1,1,1,1,1,1,1,1,1,1,1,1,1,1,1,1,1,1,1,1,1,1,1,1,1,1,1,1,1,1,1,1,1,1,1,1,1,1,1,1,1,1,1,1,1,1,1,1,1,1,1,1,1,1,1,1,1,1,1,1,1,1,1,1,1,12,22,30,34,39,43,45,48,51,53,55,57,59,61,62,64,66,66,68,68,69,70,70,71,72,73,73,73,73,73,73,73,73,74,74,74,74,74,75,75,76,76,76,77,77,78,78,79,80,80,79,79,77,75,72,71,70,70,69,67,66,66,65,65,64,64,64,64,63,63,64,64,62,61,60,59,57,55,53,52,51,50,49,49,49,48,48,48,49,48,49,50,50,50,50,51,51,51,52,52,168,181,201,207,212,218,230,248,270,270,270,271,269,268,266,264,258,257,256,242,240,231,202,199,196,192,190,187,184,180,178,174,169,161,155,148,140,133,122,114,110,107,104,100,97,93,93,93,95,95,96,96,97,98,99,99,99,99,99,99,99,99,99,99,99,99,99,100,100,100,100,100,100,100,100,99,99,98,98,97,97,95,95,94,94,92,91,91,89,88,89,88,88,88,88,88,88,88,87,87,87,86,86,86,84,84,84,83,83,82,81,81,80,80,79,79,79,79,78,78,78,78,78,77,78,78,78,78,79,78,78,78,78,78,78,78,79,79,80,81,82,82,83,85,86,87,88,89,90,91,91,93,93,94,95,96,96,98,98,98,100,100,100,100,101,101,102,103,103,103,103,104,104,104,104,105,104,104,104,104,104,104,104,103,103,103,102,102,102,101,101,101,100,99,99,97,96,96,95,94,92,91,90,90,89,89,88,88,88,88,87,87,86,86,86,85,84,84,83,83,82,81,81,79,78,78,78,78,77,77,76,76,76,76,76,76,76,76,76,76,76,76,76,76,76,76,76,76,76,76,76,76,75,75,75,74,74,74,74,74,73,73,73,73,72,71,71,71,71,71,70,69,69,69,69,68,67,67,67,65,65,65,65,63,63,62,61,61,60,60,60,58,58,58,57,57,56,55,54,54,53,53,52,53,53,52,52,51,52,52,52,51,52,52,53,52,53,53,54,54,55,54,55,56,55,56,55,55,55,55,56,55,55,55,55,54,55,54,53,54,53,53,53,52,52,52,51,52,51,51,52,52,51,51,51,51,51,51,51,51,51,51,51,51,50,50,50,51,51,51,51,52,52,51,51,51,51,51,51,50,50,50,50,50,50,49,49,48,48,48,48,47,46,46,46,45,45,44,44,43,43,43,42,42,40,40,40,39,39,39,39,38,37,37,36,36,36,36,36,36,36,37,37,36,37,38,39,39,40,41,43,44,46,49,51,53,55,57,59,61,64,68,71,72,74,77,79,80,81,81,82,83,83,84,84,84,83,53,55,59,63,67,70,73,76,80,82,84,85,86,88,87,86,86,85,83,81,70,58,52,48,45,39,37,1,1,1,1,1,1,1,1,1,1,1,1,1,1,1,1,1,1,1,1,1,1,1,1,1,1,1,1,1,1,1,1,1,1,1,1,1,1,1,1,1,1,1,1,1,1,1,1,1,1,1,1,1,1,1,1,1,1,1,1,1
syn_f001089-3-Pre,1,1,1,1,1,1,1,1,1,1,1,1,1,1,1,1,1,1,1,1,1,1,1,1,1,1,1,1,1,1,1,1,1,1,1,1,1,1,1,1,1,1,1,1,1,1,1,1,1,1,1,1,1,1,1,1,1,1,1,1,1,1,1,1,1,1,1,1,1,1,1,1,1,1,1,1,1,1,1,1,1,1,1,1,1,1,1,1,1,1,1,1,1,1,1,1,1,1,1,1,1,1,1,1,1,1,1,1,1,1,1,1,1,1,1,1,1,1,1,1,1,1,1,1,1,1,1,1,1,1,1,1,1,1,22,29,35,39,44,47,50,53,55,57,59,61,63,65,66,68,69,70,72,72,74,74,75,75,77,77,77,77,78,78,78,79,79,79,79,79,79,79,80,81,81,81,82,83,84,84,85,86,86,87,86,86,85,84,82,81,79,78,77,76,76,75,74,73,73,72,72,71,69,69,69,69,69,69,68,69,69,69,68,67,67,67,66,65,64,64,63,63,63,62,62,61,61,60,59,60,60,59,59,59,59,60,59,60,60,60,61,65,71,95,105,165,171,176,180,185,191,196,201,205,209,211,214,216,220,224,227,232,237,243,248,254,262,268,276,285,285,285,284,283,282,279,276,268,267,202,199,195,192,189,185,180,171,159,149,132,126,119,114,115,116,116,117,116,116,117,117,117,117,116,116,117,116,117,115,115,115,115,116,115,115,115,114,114,113,112,112,111,109,109,110,109,108,109,108,108,108,108,108,107,108,107,107,107,107,107,107,107,107,107,107,107,106,106,105,106,106,106,106,106,106,106,105,105,105,105,105,105,106,106,105,105,105,105,104,105,105,106,106,108,109,109,111,112,113,114,115,116,117,118,119,119,120,121,121,121,123,123,123,123,125,125,125,126,126,126,126,126,126,127,127,127,127,126,126,126,126,126,125,125,125,124,124,123,122,122,121,121,119,119,118,117,116,115,113,113,112,110,109,107,106,105,103,101,98,97,97,96,94,93,92,91,90,88,87,87,86,84,83,83,82,82,81,81,80,80,80,79,80,81,80,80,80,80,80,80,79,80,80,80,80,80,80,79,79,79,79,79,79,78,78,78,78,77,77,77,77,76,76,76,76,76,75,74,74,74,74,74,73,72,72,72,70,70,70,70,69,69,67,67,67,66,66,66,65,65,64,63,63,63,62,62,62,61,61,61,60,60,60,59,59,59,58,59,59,58,59,59,58,59,58,59,59,58,59,58,59,58,58,58,58,57,58,59,58,58,57,58,57,57,56,57,56,56,56,55,55,55,55,55,55,55,55,55,55,55,55,55,54,54,54,54,54,54,54,54,54,54,54,53,53,53,53,53,53,52,52,52,52,51,51,50,50,50,49,48,48,47,47,46,46,45,44,44,43,42,42,40,40,40,39,38,38,38,36,36,36,36,35,34,35,35,36,36,37,38,39,42,43,45,48,50,52,53,56,58,61,67,70,74,75,77,78,78,78,77,77,76,76,77,76,70,58,43,46,47,48,50,53,55,59,63,67,70,74,78,79,81,81,82,82,83,82,82,82,80,80,76,63,55,52,48,42,39,35,25,1,1,1,1,1,1,1,1,1,1,1,1,1,1,1,1,1,1,1,1,1,1,1,1,1,1,1,1,1,1,1,1,1,1,1,1,1,1,1,1,1,1,1,1,1,1,1,1,1,1,1,1,1,1,1,1,1,1,1,1,1,1,1,1,1,1,1,1
syn_f001091-0-Pre,1,1,1,1,1,1,1,1,1,1,1,1,1,1,1,1,1,1,1,1,1,1,1,1,1,1,1,1,1,1,1,1,1,1,1,1,1,1,1,1,1,1,1,1,1,1,1,1,1,1,1,1,1,1,1,1,1,1,1,1,1,1,1,1,1,1,1,1,1,1,1,1,1,1,1,1,1,1,1,1,1,1,1,1,1,1,1,1,1,1,1,1,1,1,1,1,1,1,1,1,1,1,1,1,1,1,1,1,1,1,1,1,1,1,1,1,1,1,8,23,29,35,39,44,46,49,52,54,56,58,60,62,64,65,67,68,69,70,71,72,73,74,74,75,76,76,76,76,76,76,76,76,76,77,77,77,77,79,79,79,80,81,81,82,83,84,83,84,84,84,83,82,80,79,77,77,76,75,74,74,73,71,70,70,70,68,68,66,66,66,65,65,65,65,65,64,64,63,62,61,60,58,57,56,55,54,53,52,53,52,52,52,52,53,52,53,52,53,53,53,54,55,54,55,56,56,56,57,57,57,57,60,64,67,71,74,78,82,87,147,155,161,166,172,176,180,185,190,197,203,212,218,225,229,233,235,237,240,244,249,253,257,260,264,270,276,281,286,294,296,295,296,295,292,289,100,99,100,101,100,100,100,100,100,100,100,100,100,101,101,101,101,101,100,100,100,99,99,98,98,97,97,96,95,95,94,93,92,91,90,90,91,91,90,91,90,90,90,89,90,89,89,89,89,89,88,88,88,88,88,88,88,87,88,88,87,87,86,87,87,86,86,87,86,86,86,86,86,86,86,86,86,86,88,88,88,88,88,89,89,88,89,89,90,90,90,91,91,92,92,93,93,93,95,95,95,96,96,96,96,97,96,96,96,96,97,97,96,96,97,97,96,96,96,97,96,96,96,95,96,96,95,95,95,94,95,94,94,94,93,93,92,92,92,91,91,90,90,88,88,88,88,88,88,87,88,88,88,88,87,87,88,88,87,87,87,86,86,86,86,85,84,84,83,82,82,81,81,80,80,79,79,79,78,78,77,77,77,76,75,75,74,74,74,74,74,72,72,72,72,72,72,71,70,70,70,70,69,69,69,69,68,68,68,68,68,67,67,67,67,67,66,67,67,66,66,66,66,66,65,65,65,65,64,64,63,63,62,62,62,62,61,61,61,61,59,59,58,58,58,57,57,57,55,55,55,55,54,54,54,54,53,53,53,53,53,53,53,52,53,53,53,54,54,54,55,55,54,54,54,54,53,54,53,53,53,53,52,51,52,51,50,50,49,49,49,48,47,47,46,45,45,44,43,44,44,44,43,43,43,43,43,44,44,44,44,44,44,44,44,44,43,43,43,43,43,44,43,43,43,43,43,42,42,42,42,42,41,41,41,41,40,40,40,39,39,39,39,39,37,37,37,37,37,37,37,35,35,35,35,35,35,34,33,33,33,33,33,32,32,32,32,32,32,33,33,33,34,34,33,34,34,35,36,37,38,39,41,44,45,47,50,53,55,56,58,61,64,68,70,71,74,76,77,78,80,83,85,86,85,85,86,86,83,50,53,56,59,63,67,71,74,77,80,82,84,85,86,88,88,89,88,86,85,82,81,76,62,55,48,42,39,35,1,1,1,1,1,1,1,1,1,1,1,1,1,1,1,1,1,1,1,1,1,1,1,1,1,1,1,1,1,1,1,1,1,1,1,1,1,1,1,1,1,1,1,1,1,1,1,1,1,1,1,1,1,1,1
syn_f001095-2-Pre,1,1,1,1,1,1,1,1,1,1,1,1,1,1,1,1,1,1,1,1,1,1,1,1,1,1,1,1,1,1,1,1,1,1,1,1,1,1,1,1,1,1,1,1,1,1,1,1,1,1,1,1,1,1,1,1,1,1,1,1,1,1,1,1,1,1,1,1,1,1,1,1,1,1,1,1,1,1,1,1,1,1,1,1,1,1,1,1,1,1,1,1,1,18,26,33,38,42,46,49,52,54,56,58,60,62,63,65,66,68,70,71,72,72,74,74,75,75,77,77,77,77,77,77,78,78,79,79,79,79,80,80,81,81,82,82,83,84,84,84,85,86,87,86,86,86,86,84,83,81,80,79,78,78,77,76,75,75,74,73,73,71,71,69,69,69,67,67,67,67,67,67,66,65,64,63,62,60,58,56,54,52,51,51,51,50,51,50,51,51,50,51,51,52,51,53,230,238,246,258,269,292,312,312,311,311,311,309,307,306,302,297,296,296,289,276,275,270,230,226,223,219,214,210,206,202,197,193,189,184,180,176,173,169,163,155,148,120,114,108,102,95,96,97,97,98,99,99,101,101,102,102,102,102,102,102,102,102,103,103,103,102,102,101,101,101,101,101,100,100,100,100,99,98,98,98,97,97,96,95,94,93,93,92,90,89,89,89,90,89,89,90,90,91,91,91,91,91,91,91,91,90,91,90,90,90,89,89,89,90,89,89,89,89,89,89,90,90,90,89,89,89,89,89,89,89,88,88,88,88,89,88,88,88,88,88,88,87,87,88,88,89,89,90,92,92,93,95,95,96,97,98,99,100,101,102,103,104,105,106,107,107,109,109,110,111,112,112,112,113,113,113,115,115,115,116,116,116,116,117,117,117,117,117,117,117,117,117,117,117,117,117,117,117,117,117,116,116,116,115,115,115,114,114,114,113,112,112,111,110,109,109,108,107,107,105,104,103,102,101,101,101,101,100,100,100,100,100,100,99,99,99,98,97,97,96,96,95,94,93,92,91,90,90,89,89,88,88,87,87,87,87,87,87,87,87,87,87,86,86,86,86,86,86,85,85,85,85,85,85,84,84,84,84,82,82,82,81,81,81,81,80,80,80,80,79,78,78,77,77,77,76,75,75,75,74,73,73,72,72,72,70,70,70,69,68,68,67,67,65,65,65,64,63,63,62,62,62,61,60,59,59,59,58,58,58,57,57,57,56,56,57,57,57,57,57,56,56,57,57,58,58,59,59,60,59,60,60,60,61,61,61,60,61,60,60,59,59,59,59,59,58,58,58,58,58,58,58,58,57,57,57,56,56,55,55,55,55,54,54,54,55,55,55,55,55,55,55,55,55,55,54,54,54,54,54,54,54,54,53,53,54,54,54,54,54,53,53,53,53,53,53,53,53,52,52,52,52,52,52,52,51,51,51,50,50,50,50,49,48,48,48,48,48,46,46,46,46,45,44,44,44,44,43,43,43,43,41,41,41,41,41,40,40,40,39,39,39,38,38,38,38,38,38,38,38,37,37,37,38,39,39,40,40,42,44,46,48,49,52,55,58,61,63,65,68,72,76,79,80,83,84,85,87,87,86,87,88,89,90,91,91,91,92,91,60,65,68,72,75,79,82,85,88,90,92,94,95,95,96,97,95,94,92,91,91,89,76,67,58,54,49,44,41,39,1,1,1,1,1,1,1,1,1,1,1,1,1,1,1,1,1,1,1,1,1,1,1,1,1,1,1,1,1,1,1,1,1
syn_f001097-0-Pre,1,1,1,1,1,1,1,1,1,1,1,1,1,1,1,1,1,1,1,1,1,1,1,1,1,1,1,1,1,1,1,1,1,1,1,1,1,1,1,1,1,1,1,1,1,1,1,1,1,1,1,1,1,1,1,1,1,1,1,1,1,1,1,1,1,1,1,1,1,1,1,1,1,1,1,1,1,1,1,1,1,1,1,1,1,1,1,1,1,1,1,1,1,1,1,1,1,1,1,1,1,1,1,1,1,1,1,1,1,1,1,1,1,1,1,1,1,1,18,28,34,38,42,46,49,52,54,56,58,60,63,64,66,67,69,70,71,72,73,74,75,75,77,77,77,77,77,78,78,78,78,78,79,79,79,79,79,79,79,80,80,80,81,82,82,83,83,83,83,82,81,80,78,76,75,74,73,73,72,71,70,69,69,68,68,67,65,65,65,65,65,65,65,65,64,63,61,59,56,53,51,50,49,49,48,47,48,47,47,47,48,48,48,48,48,49,50,51,53,54,55,59,67,158,167,175,184,207,225,231,236,244,252,259,270,281,297,299,299,298,299,297,294,292,290,283,282,279,261,207,201,194,187,180,174,166,160,156,152,145,110,102,97,99,100,101,101,102,101,102,102,103,103,103,104,104,104,104,104,105,104,104,103,103,103,103,103,103,102,101,101,101,100,100,99,97,97,96,95,94,93,93,92,93,92,93,93,93,93,93,94,94,94,94,95,95,95,94,95,95,95,94,94,95,94,94,94,95,94,94,95,95,95,95,94,94,95,95,95,95,95,94,94,94,94,93,93,93,93,93,94,94,94,94,94,95,96,97,98,99,100,101,101,101,101,103,103,103,103,104,104,104,105,105,105,105,106,106,106,107,107,106,107,107,107,107,107,107,107,107,106,107,107,106,106,106,106,106,106,106,105,105,105,106,105,105,105,105,104,104,104,104,103,103,103,102,102,101,101,100,100,99,99,98,96,95,95,95,95,95,94,94,94,94,94,93,93,93,93,93,93,92,92,91,91,90,89,89,89,88,87,87,86,85,85,84,83,82,82,81,81,80,79,79,78,78,78,76,76,76,75,74,73,73,72,72,72,71,71,71,70,70,70,69,69,69,68,68,68,67,67,66,66,66,65,65,65,64,64,63,63,63,61,62,61,60,60,60,59,59,59,58,58,58,56,56,56,55,55,55,54,53,53,53,53,53,52,52,52,52,51,51,51,51,51,51,51,51,51,53,52,52,53,53,53,53,53,53,53,54,53,53,54,53,53,53,53,53,53,52,53,53,52,53,53,52,52,51,50,50,49,50,49,49,49,48,48,48,47,47,47,46,46,45,45,45,44,44,45,45,45,45,45,44,44,44,44,44,44,44,43,43,43,43,43,43,43,42,42,42,42,42,42,41,40,40,40,40,40,39,39,38,38,38,38,37,37,37,36,36,36,36,36,36,36,36,35,35,35,35,35,35,35,35,35,35,34,34,34,34,34,34,34,34,34,35,36,36,38,40,41,42,45,47,50,53,56,65,68,70,71,72,73,76,77,78,79,80,82,82,83,82,82,82,42,44,45,48,51,54,58,62,65,71,74,76,79,81,83,85,88,90,89,87,87,84,83,78,69,63,55,49,40,34,29,1,1,1,1,1,1,1,1,1,1,1,1,1,1,1,1,1,1,1,1,1,1,1,1,1,1,1,1,1,1,1,1,1,1,1,1,1,1,1,1,1,1,1,1,1,1,1,1,1,1,1,1,1
syn_f001097-3-Pre,1,1,1,1,1,1,1,1,1,1,1,1,1,1,1,1,1,1,1,1,1,1,1,1,1,1,1,1,1,1,1,1,1,1,1,1,1,1,1,1,1,1,1,1,1,1,1,1,1,1,1,1,1,1,1,1,1,1,1,1,1,1,1,1,1,1,1,1,1,1,1,1,1,1,1,1,1,1,1,1,1,1,1,1,1,1,1,1,1,1,1,1,1,1,1,1,1,1,1,1,1,1,1,1,1,1,1,1,1,1,1,1,1,1,1,1,1,1,19,27,34,39,42,46,49,52,54,56,58,60,62,64,67,68,69,70,71,72,73,73,75,75,76,76,77,77,77,77,77,79,79,79,79,79,79,79,79,79,79,80,80,81,81,81,82,83,83,83,83,82,82,80,78,76,75,74,74,73,72,72,71,69,69,69,68,68,67,67,67,67,67,67,67,66,65,65,64,62,59,56,55,53,52,52,51,51,50,51,50,51,50,51,52,52,52,53,54,56,57,58,59,61,65,73,84,94,102,108,115,148,157,163,170,175,179,183,188,192,198,203,208,214,220,225,228,231,235,238,242,246,251,255,259,263,271,277,281,287,296,297,297,296,295,295,291,288,279,170,103,104,104,104,105,105,105,105,105,105,105,105,105,105,104,104,104,104,104,103,103,103,102,101,101,101,100,100,99,98,97,97,96,96,94,94,95,94,94,95,94,94,94,94,94,94,93,92,92,92,92,92,92,92,90,91,90,90,88,88,87,87,87,86,86,86,86,86,86,86,86,85,85,85,85,85,84,84,84,84,84,84,85,86,86,87,88,89,90,92,92,94,95,95,97,97,99,99,100,101,102,102,103,104,105,105,105,106,106,107,107,108,108,109,109,109,109,110,110,110,110,110,110,110,110,110,109,109,109,109,109,109,109,109,109,108,108,108,107,107,107,106,106,106,106,105,104,104,104,103,102,101,101,100,99,98,97,96,96,96,95,95,95,94,94,93,93,93,92,92,91,91,90,90,89,89,88,88,87,87,87,86,86,86,86,86,85,84,84,84,84,85,84,84,84,84,84,83,83,83,83,82,82,82,82,82,81,81,82,81,80,80,79,79,79,79,78,78,78,77,77,77,76,75,75,75,74,74,73,72,72,72,72,70,70,70,69,68,68,67,67,66,65,65,65,63,63,62,62,60,60,60,58,58,57,57,56,56,55,55,54,54,53,53,53,52,52,52,52,53,53,53,53,53,54,54,54,54,55,55,55,55,56,56,55,56,56,56,56,57,56,57,57,57,57,57,57,57,56,56,55,56,55,55,54,55,54,54,54,53,53,53,53,53,52,52,51,51,51,51,50,50,50,50,50,50,51,51,51,51,51,51,51,51,51,51,51,50,50,50,49,49,49,49,49,49,49,48,47,47,47,47,46,45,45,45,45,43,43,43,42,42,41,41,40,40,40,38,38,38,37,37,36,36,35,35,35,35,34,34,33,33,33,34,34,33,34,35,36,37,38,39,42,43,45,47,50,52,56,64,68,70,71,71,73,75,77,78,80,80,82,83,82,82,83,82,42,43,46,48,50,54,58,61,66,71,73,76,79,81,82,85,88,89,89,88,87,84,82,79,69,63,56,49,41,39,34,1,1,1,1,1,1,1,1,1,1,1,1,1,1,1,1,1,1,1,1,1,1,1,1,1,1,1,1,1,1,1,1,1,1,1,1,1,1,1,1,1,1,1,1,1,1,1,1,1,1,1,1,1
syn_f001109-1-Pre,1,1,1,1,1,1,1,1,1,1,1,1,1,1,1,1,1,1,1,1,1,1,1,1,1,1,1,1,1,1,1,1,1,1,1,1,1,1,1,1,1,1,1,1,1,1,1,1,1,1,1,1,1,1,1,1,1,1,1,1,1,1,1,1,1,1,1,1,1,1,1,1,1,1,1,1,1,1,1,1,1,1,1,1,1,1,1,1,1,1,1,1,1,1,1,1,1,1,1,1,1,1,1,1,1,1,1,1,1,1,1,1,1,1,1,1,1,1,1,1,1,1,1,1,1,1,1,1,22,28,35,38,43,47,49,52,54,56,58,60,62,64,66,67,68,69,70,71,72,73,73,75,75,75,75,75,76,76,77,77,77,77,77,77,77,77,78,78,78,79,80,80,80,81,82,83,84,83,82,81,80,78,78,76,76,76,75,74,73,73,72,71,71,70,69,68,68,68,68,68,68,68,68,68,68,67,66,65,63,60,56,54,52,51,51,50,51,51,51,52,52,53,53,54,54,56,77,83,88,94,100,106,167,174,180,187,197,209,216,220,224,228,232,236,241,246,252,258,262,273,280,287,299,299,300,299,298,297,293,292,283,282,262,209,203,198,192,186,179,171,163,156,119,113,113,114,115,116,116,117,117,118,118,118,119,119,119,119,119,120,119,119,119,119,119,119,119,119,119,119,118,117,117,116,115,114,114,113,112,110,110,111,111,111,111,111,111,111,111,111,111,111,110,111,110,110,110,110,110,109,110,110,110,110,110,110,111,110,110,110,109,109,107,107,107,106,106,106,104,104,104,104,104,105,105,105,105,106,107,108,108,109,109,111,111,113,113,115,115,117,117,118,119,120,120,121,121,122,122,122,123,123,123,123,124,124,124,124,125,125,125,125,125,125,125,125,124,124,124,123,123,122,123,122,122,121,120,119,119,119,118,118,117,117,115,114,114,113,112,111,110,110,108,107,107,106,106,106,105,104,104,103,103,102,101,102,101,101,100,100,99,98,98,97,96,95,93,93,92,92,91,91,91,90,90,90,89,89,89,89,89,88,88,88,88,88,87,87,87,86,86,86,85,85,85,84,84,84,84,83,82,82,81,81,81,81,80,80,80,79,79,79,78,78,78,77,77,77,76,76,76,75,75,75,74,74,73,73,73,72,71,70,70,70,69,69,68,67,66,66,65,65,64,64,63,62,61,61,61,60,60,59,59,59,57,57,57,57,57,57,57,57,57,57,57,57,57,57,56,56,56,56,55,55,55,55,55,54,55,54,54,53,53,53,53,52,52,51,51,51,50,50,50,50,50,50,50,50,50,49,49,49,49,49,50,50,50,50,49,49,49,49,50,50,50,49,49,48,48,48,48,48,47,47,47,47,47,46,46,46,45,45,45,44,44,44,44,42,42,42,42,42,40,40,40,40,40,40,38,38,38,38,38,38,37,37,37,37,37,37,37,37,37,37,38,38,39,40,40,41,42,44,45,47,49,51,54,56,59,64,71,74,75,77,78,80,81,83,84,85,85,86,86,86,85,85,86,50,52,56,59,62,67,70,75,79,81,84,86,88,89,92,94,94,93,91,89,86,84,82,76,68,59,54,47,38,29,1,1,1,1,1,1,1,1,1,1,1,1,1,1,1,1,1,1,1,1,1,1,1,1,1,1,1,1,1,1,1,1,1,1,1,1,1,1,1,1,1,1,1,1,1,1,1,1,1,1,1,1,1,1,1,1,1,1,1,1,1
syn_f001121-2-Pre,1,1,1,1,1,1,1,1,1,1,1,1,1,1,1,1,1,1,1,1,1,1,1,1,1,1,1,1,1,1,1,1,1,1,1,1,1,1,1,1,1,1,1,1,1,1,1,1,1,1,1,1,1,1,1,1,1,1,1,1,1,1,1,1,1,1,1,1,1,1,1,1,1,1,1,1,1,1,1,1,1,1,1,1,1,1,1,1,1,1,1,1,1,1,1,1,1,1,1,1,1,1,1,1,1,1,1,1,1,1,1,1,1,1,1,1,1,1,1,1,1,1,1,1,1,1,1,1,1,1,1,1,1,1,1,1,1,1,1,1,1,13,24,30,35,40,44,47,50,52,54,56,58,60,61,63,65,66,67,68,69,70,70,72,72,72,74,74,74,74,75,75,75,75,75,75,75,75,76,76,76,76,77,77,78,78,78,78,79,78,77,76,74,71,70,69,68,67,66,65,65,64,64,62,62,62,61,61,60,60,61,60,59,57,55,52,50,48,47,46,46,45,46,45,45,45,45,44,45,44,45,45,45,45,45,45,46,47,48,48,49,159,167,178,192,203,210,218,230,245,258,267,267,267,267,265,263,261,255,253,252,235,227,193,189,185,180,173,163,155,146,138,128,101,95,91,85,83,84,85,86,87,87,88,88,89,90,90,89,89,90,90,90,90,90,90,90,89,89,89,89,89,89,88,88,88,88,88,87,87,86,86,86,84,84,83,82,81,81,79,78,79,79,80,79,79,80,80,80,80,81,81,80,80,79,79,79,78,78,77,77,76,76,76,76,75,74,74,74,74,73,73,73,73,72,72,72,72,71,70,71,72,72,72,74,74,75,76,76,77,78,78,79,80,80,81,80,81,81,82,82,83,83,82,83,83,84,84,84,86,86,86,87,87,87,88,88,89,89,89,90,90,90,90,90,90,90,90,90,90,90,90,89,89,89,88,88,88,87,86,86,84,84,83,82,81,80,78,79,79,79,79,78,78,77,77,76,75,75,75,74,73,72,72,71,71,71,70,70,70,70,69,69,69,69,69,69,69,69,69,69,69,69,69,69,69,69,69,68,68,68,68,68,68,68,68,68,67,67,66,66,66,66,66,66,66,65,64,64,64,64,64,63,63,62,62,61,61,61,61,60,60,59,58,58,58,58,56,56,56,55,55,55,53,53,53,52,52,52,51,51,51,51,50,50,50,50,49,49,49,50,50,51,50,51,52,52,53,53,53,53,54,53,54,53,54,54,54,54,54,54,53,53,53,52,52,52,51,51,51,51,50,49,49,49,49,48,48,48,48,48,47,46,46,46,47,47,47,47,47,47,47,47,47,48,48,47,47,47,47,47,47,47,47,46,46,46,45,45,45,45,44,44,43,43,43,43,43,41,41,41,41,40,40,40,39,38,38,37,37,37,36,36,35,35,34,34,34,34,33,34,34,35,35,34,35,35,36,37,37,37,38,40,41,43,45,48,50,52,55,57,60,64,66,69,72,73,76,78,79,80,80,80,80,74,63,50,52,55,58,61,65,68,70,73,75,77,77,79,81,80,79,78,76,75,63,54,48,43,42,39,1,1,1,1,1,1,1,1,1,1,1,1,1,1,1,1,1,1,1,1,1,1,1,1,1,1,1,1,1,1,1,1,1,1,1,1,1,1,1,1,1,1,1,1,1,1,1,1,1,1,1,1,1,1,1,1,1,1,1,1,1,1,1,1,1,1,1,1,1,1,1,1,1,1,1,1,1
syn_f001130-0-Pre,1,1,1,1,1,1,1,1,1,1,1,1,1,1,1,1,1,1,1,1,1,1,1,1,1,1,1,1,1,1,1,1,1,1,1,1,1,1,1,1,1,1,1,1,1,1,1,1,1,1,1,1,1,1,1,1,1,1,1,1,1,1,1,1,1,1,1,1,1,1,1,1,1,1,1,1,1,1,1,1,1,1,1,1,1,1,1,1,1,1,1,1,1,1,1,1,1,1,1,1,1,1,1,1,1,1,1,1,1,1,1,1,1,1,1,1,1,1,1,1,1,1,1,1,1,1,1,1,1,1,1,1,1,1,1,1,1,1,1,1,1,1,20,27,34,37,42,46,49,52,54,56,58,60,62,65,67,67,69,69,71,72,73,74,75,75,76,77,77,77,77,77,78,78,78,78,78,78,78,78,78,78,79,78,79,79,80,80,80,81,82,81,81,80,80,77,74,73,72,71,70,70,69,68,68,67,66,67,66,66,66,66,66,66,65,64,62,60,54,50,48,46,46,45,46,45,45,44,45,45,45,45,45,46,47,47,47,48,154,165,206,212,220,232,251,272,272,273,273,272,270,268,267,260,259,258,254,241,236,204,201,197,193,191,188,184,180,177,173,169,164,158,153,148,143,133,117,112,107,103,100,97,94,96,97,97,98,98,99,99,100,101,101,102,102,103,104,105,105,105,106,106,106,107,107,107,107,106,106,106,106,104,104,103,102,101,101,99,97,97,97,97,97,97,97,97,97,97,97,96,96,96,95,96,96,96,95,95,95,96,95,95,95,95,94,94,94,95,95,94,94,94,94,94,94,93,94,94,95,94,95,95,96,96,97,98,98,99,98,98,98,98,98,99,98,98,99,99,99,99,98,99,99,100,100,100,101,101,102,102,102,103,103,104,104,104,105,105,105,105,107,107,107,106,107,107,107,107,106,107,107,107,106,106,105,106,106,105,105,104,103,104,103,103,102,101,100,99,98,97,97,96,95,94,93,93,93,93,92,92,92,92,92,91,91,92,91,91,90,89,88,88,88,87,87,86,85,84,83,81,80,80,79,78,78,77,76,77,76,76,76,76,75,75,75,74,74,73,73,73,73,73,73,72,72,72,72,71,71,71,71,70,70,70,69,69,69,68,68,68,67,67,67,66,66,67,66,66,66,65,64,64,63,63,62,62,61,61,61,60,60,59,59,58,58,57,56,56,55,55,55,54,54,54,53,53,53,53,52,52,52,53,52,53,53,53,53,53,53,53,52,52,52,52,51,50,51,50,49,49,48,48,48,47,47,46,46,46,46,45,45,45,45,45,44,44,44,45,45,45,45,44,44,44,44,45,45,45,45,45,45,45,45,44,44,44,44,44,43,43,43,42,42,42,42,42,42,40,40,40,40,40,40,38,38,38,38,38,38,36,36,36,36,36,36,35,34,34,34,34,34,34,33,33,33,33,34,34,34,36,36,37,38,39,41,43,44,48,51,59,64,66,67,69,72,74,75,75,75,75,76,76,76,76,76,43,46,48,51,57,63,67,70,73,74,76,77,79,81,80,78,77,75,72,66,59,53,49,42,35,20,1,1,1,1,1,1,1,1,1,1,1,1,1,1,1,1,1,1,1,1,1,1,1,1,1,1,1,1,1,1,1,1,1,1,1,1,1,1,1,1,1,1,1,1,1,1,1,1,1,1,1,1,1,1,1,1,1,1,1,1,1,1,1,1,1,1,1,1,1,1,1,1,1,1,1,1,1
syn_f001132-3-Pre,1,1,1,1,1,1,1,1,1,1,1,1,1,1,1,1,1,1,1,1,1,1,1,1,1,1,1,1,1,1,1,1,1,1,1,1,1,1,1,1,1,1,1,1,1,1,1,1,1,1,1,1,1,1,1,1,1,1,1,1,1,1,1,1,1,1,1,1,1,1,1,1,1,1,1,1,1,1,1,1,1,1,1,1,1,1,1,1,1,1,1,1,1,1,1,1,1,1,1,1,1,1,1,1,1,1,1,1,1,1,1,1,1,1,1,1,1,1,1,8,22,30,35,40,43,46,49,52,54,56,58,61,62,64,65,67,68,69,70,71,72,73,73,74,75,75,75,75,75,76,76,76,76,76,76,77,78,78,78,78,79,80,80,81,81,82,82,83,83,83,83,82,81,79,77,75,73,73,72,71,70,70,68,68,67,68,66,66,65,65,65,65,65,65,65,66,65,64,63,62,60,58,56,55,54,54,53,53,53,53,53,53,54,55,55,56,57,168,178,216,220,224,229,236,248,255,292,293,293,293,292,292,290,289,286,280,279,278,275,260,259,256,241,215,213,209,205,200,197,193,189,185,181,175,167,159,153,137,121,114,109,103,101,102,103,104,105,105,106,106,107,107,108,108,107,108,108,108,108,108,108,109,109,109,108,109,109,109,109,109,108,107,107,107,106,106,106,104,104,103,103,102,101,101,101,101,100,100,101,100,100,99,99,98,98,96,96,95,95,95,94,94,94,93,93,93,92,92,92,92,92,92,91,91,91,91,90,89,89,89,88,88,88,86,86,86,85,85,85,85,85,86,86,87,88,88,89,90,91,92,92,94,94,96,96,97,98,99,99,100,101,102,103,103,104,104,104,105,105,105,105,106,106,106,106,105,105,105,105,105,105,105,105,104,104,104,104,104,103,103,103,101,101,101,100,100,100,99,98,97,97,96,96,95,94,94,92,92,92,91,92,91,91,90,90,90,90,89,89,88,87,87,86,86,85,84,83,83,82,82,82,81,81,81,82,82,81,81,82,82,82,82,82,81,81,81,81,82,82,82,81,81,81,81,81,81,80,80,81,81,81,80,80,80,80,79,79,79,78,78,78,77,77,77,77,76,76,76,75,74,74,74,74,73,72,72,72,71,71,70,70,69,68,68,68,67,66,66,65,65,64,63,63,63,61,61,60,60,60,60,59,58,58,57,57,57,57,56,56,56,56,55,55,55,55,55,55,56,55,55,56,55,56,56,56,56,56,56,56,56,56,56,56,57,56,56,56,56,56,56,57,56,56,55,56,55,55,55,55,55,55,55,54,54,54,54,54,54,54,54,54,53,53,53,53,53,53,53,53,53,54,53,53,53,53,53,53,53,53,52,52,52,52,52,52,52,51,51,51,51,51,50,49,49,49,49,48,47,47,47,46,46,45,45,44,44,44,42,42,42,41,41,40,39,39,39,39,39,37,37,37,37,37,37,36,36,36,37,37,38,38,39,39,40,41,43,45,47,50,52,54,57,59,61,65,71,74,75,77,79,80,82,82,82,83,84,84,84,84,84,83,48,50,52,54,58,61,64,67,71,74,77,82,85,87,89,91,90,90,89,87,85,84,83,78,64,57,51,48,46,44,36,1,1,1,1,1,1,1,1,1,1,1,1,1,1,1,1,1,1,1,1,1,1,1,1,1,1,1,1,1,1,1,1,1,1,1,1,1,1,1,1,1,1,1,1,1,1,1,1,1,1,1,1,1,1,1,1
syn_f001149-0-Pre,1,1,1,1,1,1,1,1,1,1,1,1,1,1,1,1,1,1,1,1,1,1,1,1,1,1,1,1,1,1,1,1,1,1,1,1,1,1,1,1,1,1,1,1,1,1,1,1,1,1,1,1,1,1,1,1,1,1,1,1,1,1,1,1,1,1,1,1,1,1,1,1,1,1,1,1,1,1,1,1,1,1,1,1,1,1,1,1,1,1,1,1,1,1,1,1,1,1,1,1,1,1,1,1,1,1,1,1,1,1,1,1,1,1,1,1,1,1,18,26,33,37,41,44,47,50,52,54,56,58,60,62,64,65,66,67,68,69,70,71,71,72,73,73,73,73,74,74,74,74,74,74,74,74,74,74,74,74,75,74,75,75,76,76,77,78,79,78,78,77,76,74,73,72,71,70,69,69,69,67,66,66,66,65,65,63,63,62,62,62,62,62,62,62,60,60,60,59,58,57,55,54,52,50,50,48,48,48,48,48,48,48,49,48,49,49,49,50,50,51,51,53,176,207,220,227,238,251,266,294,295,295,295,295,295,292,291,289,282,281,280,277,261,258,215,211,207,203,199,194,188,181,174,167,161,156,152,149,146,142,127,123,120,116,112,108,103,99,100,101,101,102,103,104,104,105,105,105,105,105,105,106,106,106,106,106,106,106,106,105,105,106,106,106,106,106,105,105,105,104,103,103,103,102,101,101,99,100,100,100,100,101,100,101,101,101,101,102,101,101,102,101,102,101,100,101,100,100,100,100,99,99,100,100,100,99,99,100,100,99,99,99,99,98,98,98,98,99,99,99,99,99,99,100,100,101,101,102,102,102,103,103,104,104,104,105,105,106,107,107,109,109,110,110,111,112,112,113,113,114,114,114,115,115,116,117,117,118,118,118,118,119,118,118,119,119,119,119,120,120,120,120,120,119,120,120,120,120,120,119,119,119,118,118,117,116,116,115,114,113,113,112,110,110,109,107,106,104,102,102,101,101,101,100,100,99,99,98,98,97,96,96,95,95,94,93,92,91,90,90,89,89,89,88,88,87,87,86,86,85,85,85,84,84,84,84,82,82,82,82,81,81,81,81,81,79,79,79,79,78,78,78,78,78,77,77,77,77,76,76,76,75,75,75,75,74,74,74,73,72,72,71,71,72,71,70,70,70,69,69,68,68,68,67,67,66,66,66,64,64,63,62,62,62,61,61,60,60,59,59,58,58,57,57,57,56,56,56,55,55,55,55,55,55,54,55,55,54,55,54,54,54,54,53,53,53,53,52,52,51,52,52,51,51,51,50,50,50,49,49,48,48,48,47,47,47,47,48,48,48,48,48,48,48,48,48,48,48,49,49,49,49,49,49,49,48,48,48,48,48,48,48,48,47,47,47,47,47,47,47,47,46,46,46,45,45,45,45,44,44,44,44,43,43,43,43,42,42,41,41,41,40,40,40,40,39,39,38,38,38,38,38,37,37,37,36,36,36,37,37,38,39,39,40,41,42,45,47,49,52,55,57,60,63,66,70,74,75,77,80,81,83,83,83,84,87,87,87,87,87,88,42,43,44,46,48,49,52,55,57,62,66,70,73,77,79,81,84,86,87,88,90,90,91,90,89,86,81,71,66,61,55,50,43,39,24,1,1,1,1,1,1,1,1,1,1,1,1,1,1,1,1,1,1,1,1,1,1,1,1,1,1,1,1,1,1,1,1,1,1,1,1,1,1,1,1,1,1,1,1,1,1,1,1,1,1,1,1
syn_f001155-3-Pre,1,1,1,1,1,1,1,1,1,1,1,1,1,1,1,1,1,1,1,1,1,1,1,1,1,1,1,1,1,1,1,1,1,1,1,1,1,1,1,1,1,1,1,1,1,1,1,1,1,1,1,1,1,1,1,1,1,1,1,1,1,1,1,1,1,1,1,1,1,1,1,1,1,1,1,1,1,1,1,1,1,1,1,1,1,1,1,1,1,1,1,1,1,1,1,1,1,1,1,1,1,1,1,1,1,1,1,1,1,1,1,1,1,1,1,1,1,1,1,1,1,1,1,1,1,1,1,1,12,24,32,37,41,46,49,52,55,57,59,62,63,66,67,69,71,72,73,74,75,76,77,78,79,80,80,80,81,82,82,82,82,82,82,82,82,82,82,83,83,84,85,84,85,86,87,88,87,88,89,89,89,88,87,87,84,83,81,80,79,79,79,78,77,76,75,75,75,75,74,74,72,71,72,72,72,72,73,72,71,70,69,67,65,61,58,55,54,54,54,54,55,54,55,56,57,57,57,58,59,63,69,73,78,83,88,93,97,101,107,111,116,122,157,164,169,173,177,181,185,189,193,198,204,211,217,221,226,229,232,234,237,240,243,246,250,255,258,261,268,274,278,283,288,296,296,296,295,294,291,288,194,187,113,113,115,115,115,115,116,116,116,116,116,116,116,116,114,114,114,114,114,114,114,114,113,113,112,111,110,110,108,107,107,106,108,108,108,109,109,109,109,109,109,109,108,108,107,107,106,106,106,105,105,105,104,104,103,103,103,102,101,102,102,101,101,101,100,100,99,98,99,99,101,102,103,103,103,102,103,103,104,104,106,108,108,110,112,114,114,116,117,119,119,121,121,122,123,124,125,125,125,126,126,126,126,128,128,128,128,128,128,128,128,128,128,128,128,127,128,128,127,127,126,126,125,125,125,123,122,122,121,120,120,119,118,117,116,115,115,113,112,111,109,109,109,108,107,107,106,106,105,105,105,105,104,103,103,102,103,102,101,101,100,100,99,98,96,95,95,94,95,95,94,93,93,93,93,93,93,93,94,94,94,94,94,94,94,94,94,93,93,93,94,94,94,93,93,93,93,91,91,91,91,90,90,90,90,88,88,88,88,86,86,86,85,84,84,83,83,83,81,81,81,80,80,78,78,77,77,76,76,74,74,73,72,71,70,69,68,68,66,65,65,64,64,63,63,61,60,60,60,59,59,59,58,58,58,58,58,58,59,58,59,59,59,60,59,59,58,59,58,58,58,58,58,59,58,59,59,58,58,58,58,57,57,56,56,57,56,56,56,56,56,56,56,56,56,56,55,55,55,55,56,55,55,55,56,56,56,56,57,57,57,57,57,57,56,56,56,56,56,56,55,55,55,55,55,55,54,54,54,53,53,52,52,52,51,51,51,50,50,49,49,49,48,47,47,47,46,46,46,44,44,44,44,44,43,43,43,43,42,42,42,42,42,42,43,43,43,44,44,45,47,49,51,55,59,61,66,72,75,76,79,81,82,83,85,87,88,88,89,89,89,89,44,44,46,48,50,52,55,58,62,65,70,74,77,79,82,84,86,89,93,93,93,91,90,88,86,83,74,65,59,52,43,37,33,1,1,1,1,1,1,1,1,1,1,1,1,1,1,1,1,1,1,1,1,1,1,1,1,1,1,1,1,1,1,1,1,1,1,1,1,1,1,1,1,1,1,1,1,1,1,1,1,1,1,1,1,1,1,1,1,1,1,1,1,1
syn_f001172-0-Pre,1,1,1,1,1,1,1,1,1,1,1,1,1,1,1,1,1,1,1,1,1,1,1,1,1,1,1,1,1,1,1,1,1,1,1,1,1,1,1,1,1,1,1,1,1,1,1,1,1,1,1,1,1,1,1,1,1,1,1,1,1,1,1,1,1,1,1,1,1,1,1,1,1,1,1,1,1,1,1,1,1,1,1,1,1,1,1,1,1,1,1,1,1,1,1,1,1,1,1,1,1,1,1,1,1,1,1,1,1,1,1,1,1,1,1,1,1,1,1,1,1,1,1,1,1,1,1,1,1,1,1,1,1,17,26,33,37,41,45,48,51,53,55,57,59,61,63,64,66,67,68,69,70,71,72,72,73,74,74,74,74,75,75,76,76,76,77,77,77,77,76,76,77,77,78,77,78,79,79,79,80,80,80,80,79,79,76,73,70,69,68,67,66,65,64,64,63,63,62,61,61,61,61,62,62,62,62,61,60,59,57,53,50,49,49,49,48,48,49,48,49,49,50,50,50,50,51,50,173,184,218,223,232,243,252,282,284,284,284,283,283,280,280,276,270,270,268,251,250,209,205,201,195,189,183,176,170,164,159,154,148,141,132,111,104,99,94,94,95,96,97,98,100,101,102,102,103,103,103,103,103,104,104,104,104,104,104,104,103,104,104,104,104,104,103,103,103,103,101,101,101,100,100,98,98,97,95,94,93,93,90,90,91,91,91,92,91,92,92,92,92,93,93,92,93,93,93,92,93,93,93,92,92,92,92,91,91,91,91,90,90,90,90,90,89,89,89,89,88,88,88,88,88,89,89,89,90,90,92,92,93,94,94,95,96,97,97,97,99,99,100,101,101,101,103,103,103,104,104,104,105,105,105,105,105,105,105,105,104,105,104,104,104,103,104,103,102,102,101,101,100,100,99,98,99,98,97,97,96,95,94,93,93,92,92,91,90,89,88,86,85,85,86,85,85,85,85,85,85,85,84,84,84,83,83,83,83,82,82,81,80,79,78,77,77,76,76,75,75,74,74,72,72,72,71,71,71,71,70,69,69,69,68,68,67,67,66,65,65,65,65,64,64,64,63,62,62,62,61,61,61,61,60,60,60,59,59,59,59,58,58,58,58,57,57,57,56,56,56,55,55,55,55,54,54,54,53,52,51,51,51,51,50,50,50,49,49,49,49,49,49,48,48,48,48,48,48,50,50,50,51,51,51,52,52,52,53,53,54,54,54,55,54,54,54,54,54,54,54,54,53,53,52,52,52,51,51,51,50,49,49,48,47,47,47,46,45,45,45,44,44,44,43,43,42,42,42,43,43,43,43,43,43,43,43,43,43,43,43,43,43,43,42,42,42,42,42,42,42,42,41,41,41,41,41,41,40,39,39,39,39,39,39,39,38,38,38,38,38,38,38,38,37,37,37,37,37,37,37,37,37,36,36,36,36,36,36,36,36,36,36,36,36,37,38,38,41,42,44,47,50,53,56,57,61,65,71,73,74,76,78,78,79,80,82,83,83,84,84,84,83,46,48,51,54,58,62,66,71,74,78,82,84,85,87,89,90,90,89,89,87,85,84,81,75,60,53,47,38,34,1,1,1,1,1,1,1,1,1,1,1,1,1,1,1,1,1,1,1,1,1,1,1,1,1,1,1,1,1,1,1,1,1,1,1,1,1,1,1,1,1,1,1,1,1,1,1,1,1,1,1,1,1,1,1,1,1,1,1,1,1,1,1,1,1,1,1,1
syn_f001175-1-Pre,1,1,1,1,1,1,1,1,1,1,1,1,1,1,1,1,1,1,1,1,1,1,1,1,1,1,1,1,1,1,1,1,1,1,1,1,1,1,1,1,1,1,1,1,1,1,1,1,1,1,1,1,1,1,1,1,1,1,1,1,1,1,1,1,1,1,1,1,1,1,1,1,1,1,1,1,1,1,1,1,1,1,1,1,1,1,1,1,1,1,1,1,1,1,1,16,25,32,36,41,44,46,49,52,54,57,59,60,62,63,65,67,67,69,69,70,71,71,72,73,74,74,74,74,75,75,75,75,75,76,77,77,77,78,79,78,79,79,80,81,80,81,81,82,82,81,81,79,77,75,74,73,72,71,71,70,69,68,67,66,65,65,64,64,62,61,61,61,61,61,61,61,61,61,61,60,59,57,53,49,48,47,48,48,49,50,50,51,52,52,53,54,54,54,54,55,56,55,56,57,56,166,185,242,251,264,272,296,311,311,312,311,311,309,306,306,298,296,296,292,276,275,224,219,213,208,203,199,196,191,187,180,173,168,162,115,110,104,97,89,87,88,89,89,90,92,94,95,95,94,95,94,94,94,94,94,94,94,94,94,94,95,94,94,94,93,94,94,93,93,93,93,92,92,92,90,90,90,89,88,87,86,85,85,85,84,85,85,85,85,86,85,86,86,86,86,86,86,86,86,86,86,86,85,85,85,85,86,85,85,85,85,85,85,85,85,85,85,84,84,84,84,84,84,84,84,84,85,85,85,85,86,87,88,89,91,92,93,95,95,96,96,97,98,98,99,99,100,100,101,101,102,103,103,104,104,104,105,105,106,106,106,106,107,107,107,107,108,108,108,109,109,108,108,108,109,109,109,108,109,109,109,108,108,108,108,108,108,108,107,107,107,106,106,106,105,105,104,104,104,103,103,102,101,101,101,101,101,100,100,100,99,99,99,99,98,98,97,97,96,96,95,94,94,93,92,91,90,89,88,86,85,84,83,82,82,81,81,80,80,79,78,77,77,77,77,77,77,77,75,75,75,75,75,75,74,74,74,74,74,73,73,73,73,73,72,72,72,72,71,71,71,71,71,70,70,70,70,69,69,69,69,69,68,68,68,68,68,67,67,67,67,66,65,66,65,65,64,64,64,63,63,63,63,62,62,62,62,61,61,61,61,59,59,59,58,58,58,57,57,57,57,57,56,55,55,55,55,55,54,54,54,54,54,54,53,54,54,54,54,53,53,53,52,53,53,52,52,52,52,52,52,52,52,52,52,52,52,52,51,52,52,51,52,52,51,52,51,51,51,50,50,49,50,49,49,49,49,48,48,49,48,48,48,48,47,47,47,46,46,46,46,46,46,45,45,46,46,46,46,46,45,45,46,46,46,46,46,46,46,45,45,45,45,45,45,45,45,45,45,44,43,43,43,43,43,43,43,41,41,41,41,41,41,40,40,39,39,39,39,39,38,38,38,37,37,37,36,36,36,36,36,36,36,36,36,36,34,34,35,35,35,36,36,36,36,37,37,37,38,39,39,40,41,41,42,45,46,47,49,52,54,57,59,61,63,66,70,74,76,79,81,83,84,85,88,88,88,87,87,88,81,71,45,48,49,51,53,56,58,61,65,67,71,76,79,82,85,87,88,90,94,95,94,93,92,89,87,85,81,69,59,50,42,38,34,1,1,1,1,1,1,1,1,1,1,1,1,1,1,1,1,1,1,1,1,1,1,1,1,1,1,1,1,1,1,1,1
syn_f001176-1-Pre,1,1,1,1,1,1,1,1,1,1,1,1,1,1,1,1,1,1,1,1,1,1,1,1,1,1,1,1,1,1,1,1,1,1,1,1,1,1,1,1,1,1,1,1,1,1,1,1,1,1,1,1,1,1,1,1,1,1,1,1,1,1,1,1,1,1,1,1,1,1,1,1,1,1,1,1,1,1,1,1,1,1,1,1,1,1,1,1,1,1,1,1,1,1,1,1,1,1,1,1,1,1,1,1,1,1,1,1,1,1,1,1,1,1,1,1,1,1,1,1,1,1,1,1,1,1,1,1,1,17,25,32,36,40,44,47,50,52,54,56,58,60,61,63,64,66,67,67,69,69,70,71,72,72,72,73,73,73,73,73,74,74,74,75,75,74,74,75,75,76,76,76,77,78,77,78,79,78,78,77,76,73,70,70,69,68,67,67,65,63,64,63,62,60,60,59,59,58,58,58,58,57,56,55,54,51,45,42,41,41,41,41,41,42,42,42,43,43,43,43,44,44,45,45,46,46,46,47,46,47,147,154,162,172,183,201,209,214,221,231,239,253,262,273,274,274,273,272,270,268,261,259,257,241,191,183,177,170,162,151,143,97,93,88,83,78,78,79,79,80,80,81,81,81,80,81,81,81,80,80,80,79,78,78,78,78,76,75,75,75,73,73,72,72,71,69,68,68,68,68,67,66,66,66,65,65,64,64,65,64,64,64,63,63,62,62,62,61,61,61,61,60,60,60,60,59,59,59,59,59,59,58,58,58,58,58,58,58,58,58,58,58,58,58,58,58,58,59,59,59,60,60,61,62,62,64,65,66,67,69,70,71,72,74,75,76,78,79,81,81,82,83,84,86,86,87,88,88,89,89,89,89,90,90,90,89,90,90,89,89,90,89,89,88,88,88,87,87,87,87,87,86,86,86,85,85,84,84,84,84,85,85,85,86,86,85,86,86,86,86,85,86,86,86,85,85,85,85,84,84,83,82,81,80,79,79,78,77,76,76,75,74,74,74,73,73,74,73,73,73,73,73,73,72,72,72,72,72,72,72,72,71,71,70,70,70,70,70,69,69,69,69,69,69,68,68,68,68,67,67,67,67,66,66,66,66,65,65,65,65,64,64,64,63,63,62,62,61,61,61,60,60,60,59,58,58,58,58,57,57,56,56,55,55,55,54,54,54,53,52,52,51,51,51,50,50,50,50,49,50,50,50,49,49,49,49,48,49,49,49,49,49,49,49,49,49,50,49,50,49,50,49,49,49,49,48,49,49,48,48,48,47,48,47,47,46,46,47,46,46,46,46,46,46,46,46,46,45,45,45,45,46,46,46,46,46,46,46,46,46,46,46,46,46,46,45,46,46,46,46,46,46,45,45,44,44,44,44,43,43,43,43,43,41,41,41,41,41,40,39,39,39,39,38,37,37,37,37,36,35,35,35,35,35,34,35,35,35,35,36,35,36,36,36,37,38,39,39,40,41,43,45,47,48,50,52,55,56,58,59,61,63,66,69,71,74,78,81,82,82,82,82,81,82,75,50,52,55,57,60,62,65,67,70,72,76,80,83,86,87,87,85,85,83,81,79,66,55,48,41,37,34,1,1,1,1,1,1,1,1,1,1,1,1,1,1,1,1,1,1,1,1,1,1,1,1,1,1,1,1,1,1,1,1,1,1,1,1,1,1,1,1,1,1,1,1,1,1,1,1,1,1,1,1,1,1,1,1,1,1,1,1,1,1,1,1,1,1
syn_f001178-3-Pre,1,1,1,1,1,1,1,1,1,1,1,1,1,1,1,1,1,1,1,1,1,1,1,1,1,1,1,1,1,1,1,1,1,1,1,1,1,1,1,1,1,1,1,1,1,1,1,1,1,1,1,1,1,1,1,1,1,1,1,1,1,1,1,1,1,1,1,1,1,1,1,1,1,1,1,1,1,1,1,1,1,1,1,1,1,1,1,1,1,1,1,1,1,1,1,1,1,1,1,1,1,1,1,1,1,1,1,1,1,1,1,1,1,1,1,1,1,1,1,1,1,1,1,1,22,27,32,37,41,45,48,51,53,57,58,60,62,64,66,68,69,70,71,72,73,74,74,76,76,77,77,78,78,78,78,78,80,80,80,80,80,80,81,81,82,82,83,83,84,84,85,86,87,88,88,88,86,86,85,83,80,80,78,77,77,77,76,74,74,73,73,72,70,69,69,69,69,68,67,68,69,68,67,66,65,64,62,60,60,59,58,58,57,58,58,58,59,59,59,61,194,203,213,221,229,234,240,244,248,253,260,269,275,290,302,315,315,316,315,314,313,311,309,305,300,299,297,277,275,235,232,229,226,223,219,215,210,206,200,193,186,178,173,168,164,155,150,146,139,130,125,120,121,122,123,124,125,126,126,127,128,128,130,130,131,131,131,131,132,132,132,132,132,132,132,132,133,132,132,132,131,131,131,130,129,129,128,127,126,125,125,125,126,125,126,127,127,126,127,127,126,127,127,127,126,126,127,127,126,126,126,126,125,125,125,125,124,124,124,123,122,122,122,122,122,120,120,119,118,117,118,119,119,119,120,120,122,123,124,126,126,128,129,131,131,133,135,136,136,137,137,139,139,140,141,141,142,142,142,142,143,143,144,144,145,145,145,145,145,145,145,145,145,145,145,145,145,145,145,144,144,144,142,142,141,141,140,139,139,138,137,136,135,134,133,132,131,130,129,128,126,126,124,123,121,118,117,114,111,111,110,109,108,108,107,106,106,105,104,103,102,102,101,100,98,97,97,98,98,97,97,96,96,96,96,96,97,97,96,96,96,96,96,96,97,97,97,96,96,97,97,97,97,96,96,96,96,95,95,95,94,94,94,94,93,93,93,91,91,91,91,90,89,89,89,88,88,87,86,86,86,85,84,84,83,83,81,81,80,79,78,78,77,75,75,74,73,72,71,71,69,69,68,66,66,65,65,63,63,62,62,62,61,61,62,61,62,63,62,63,63,63,64,63,64,64,64,64,63,64,63,62,63,62,63,62,63,62,63,62,62,61,61,61,61,60,60,59,59,59,59,58,58,58,58,58,57,57,57,57,57,58,58,58,58,58,59,58,58,58,59,59,59,59,58,58,58,58,58,58,57,57,57,57,56,56,55,55,55,55,55,54,53,53,53,52,52,51,50,50,50,49,48,48,47,47,47,45,45,45,44,44,44,43,43,43,43,42,42,42,42,41,41,41,41,40,40,41,41,42,41,42,44,45,46,48,51,53,57,60,68,71,72,74,76,79,79,82,82,83,83,85,85,85,85,85,86,85,46,47,49,52,54,58,62,66,69,73,76,77,80,82,82,84,86,87,86,85,83,81,79,73,65,59,53,49,43,36,31,1,1,1,1,1,1,1,1,1,1,1,1,1,1,1,1,1,1,1,1,1,1,1,1,1,1,1,1,1,1,1,1,1,1,1,1,1,1,1,1,1,1,1,1,1,1,1,1,1,1,1,1,1,1,1,1,1,1,1
syn_f001180-0-Pre,1,1,1,1,1,1,1,1,1,1,1,1,1,1,1,1,1,1,1,1,1,1,1,1,1,1,1,1,1,1,1,1,1,1,1,1,1,1,1,1,1,1,1,1,1,1,1,1,1,1,1,1,1,1,1,1,1,1,1,1,1,1,1,1,1,1,1,1,1,1,1,1,1,1,1,1,1,1,1,1,1,1,1,1,1,1,1,1,1,1,1,1,1,1,1,1,1,1,1,1,1,1,1,1,1,1,1,1,1,1,1,1,1,1,1,1,1,1,1,1,1,1,1,1,1,1,17,26,32,37,41,44,47,50,52,54,56,58,60,62,63,65,67,67,69,69,71,71,72,73,74,74,74,75,75,75,75,75,75,75,75,76,76,77,78,79,79,79,80,81,81,81,82,82,81,81,79,78,76,74,73,72,72,71,70,69,69,67,66,66,65,65,64,63,63,61,61,61,61,61,60,60,59,59,58,56,52,45,45,44,44,44,44,44,44,45,44,45,46,46,47,47,47,47,48,49,50,50,53,57,61,66,71,76,82,88,139,143,149,154,158,163,167,172,180,186,193,207,213,217,219,224,228,233,238,243,247,255,260,265,274,276,277,276,275,273,270,90,90,90,91,91,91,92,92,91,91,92,92,92,91,91,91,91,90,89,89,88,87,87,87,86,85,84,83,83,81,81,80,80,78,78,78,77,77,76,76,76,76,76,76,76,75,75,76,76,76,76,76,76,76,75,76,76,75,75,75,75,75,74,74,74,74,75,75,74,74,74,73,73,74,74,73,73,73,73,73,73,73,74,74,75,76,76,77,77,78,79,80,81,81,82,82,83,83,84,85,85,86,87,87,88,89,89,90,90,91,92,92,93,93,94,94,95,95,95,96,96,97,97,97,97,98,98,98,98,99,99,99,99,99,98,98,98,98,99,99,97,97,97,96,96,96,95,94,93,93,92,91,91,91,90,90,90,89,89,90,89,89,88,88,87,87,87,87,86,85,84,83,83,82,81,81,80,80,79,78,78,77,77,76,76,76,75,75,73,73,73,72,72,71,70,70,70,70,70,69,68,68,68,67,67,67,66,66,66,66,65,65,64,64,63,63,63,62,62,62,61,60,60,60,59,59,59,57,57,57,56,56,56,55,55,54,53,53,53,53,52,52,52,51,51,51,51,50,51,51,51,51,50,51,51,51,51,51,51,50,51,51,51,52,52,52,53,53,53,54,54,54,54,54,54,53,53,54,53,53,53,52,51,52,51,50,50,49,48,48,48,47,46,46,45,45,44,44,43,43,44,43,43,43,43,42,42,43,43,42,42,42,42,42,42,41,41,41,41,41,41,40,40,40,40,40,40,39,38,38,38,38,38,38,38,38,36,36,36,36,36,36,35,35,35,35,34,33,33,33,33,33,33,33,31,31,31,31,31,31,30,30,29,29,29,29,29,29,29,29,28,28,29,29,29,30,30,30,30,31,32,33,34,35,35,37,39,41,44,46,49,52,54,57,61,65,69,71,73,75,76,78,80,80,80,80,81,81,80,73,45,48,50,52,56,60,64,69,71,74,77,80,82,83,84,85,85,85,83,82,81,79,70,58,51,47,46,42,33,1,1,1,1,1,1,1,1,1,1,1,1,1,1,1,1,1,1,1,1,1,1,1,1,1,1,1,1,1,1,1,1,1,1,1,1,1,1,1,1,1,1,1,1,1,1,1,1,1,1,1,1,1,1,1,1,1,1,1,1,1,1
syn_f001180-2-Pre,1,1,1,1,1,1,1,1,1,1,1,1,1,1,1,1,1,1,1,1,1,1,1,1,1,1,1,1,1,1,1,1,1,1,1,1,1,1,1,1,1,1,1,1,1,1,1,1,1,1,1,1,1,1,1,1,1,1,1,1,1,1,1,1,1,1,1,1,1,1,1,1,1,1,1,1,1,1,1,1,1,1,1,1,1,1,1,1,1,1,1,1,1,1,1,1,1,1,1,1,1,1,1,1,1,1,1,1,1,1,1,1,1,1,1,1,1,1,1,1,1,1,1,1,1,1,17,26,32,37,42,44,47,50,53,54,56,58,60,62,64,66,66,67,69,69,70,71,72,72,74,74,74,74,75,75,75,75,75,75,75,76,76,77,78,79,79,79,80,81,82,81,82,82,82,81,80,78,75,74,73,73,72,71,70,70,68,67,67,66,66,65,64,64,63,63,63,63,63,62,62,62,61,61,60,58,54,48,47,46,46,46,46,46,46,46,47,48,48,49,49,49,50,50,54,156,166,178,202,208,212,219,228,236,251,270,271,272,271,270,269,267,264,257,257,253,240,194,190,185,179,174,169,163,156,150,100,94,89,86,87,88,88,89,89,89,91,91,91,91,91,91,91,91,92,92,92,92,92,92,91,91,90,90,90,90,90,88,88,88,87,87,85,85,84,84,83,82,81,81,80,79,78,78,78,77,77,76,76,76,76,75,75,74,74,74,74,74,74,73,73,72,72,72,71,71,70,70,69,69,70,70,69,69,69,69,68,68,68,68,68,67,67,67,67,67,67,68,68,70,70,71,72,72,73,74,76,77,77,78,79,80,81,82,83,84,85,86,87,87,88,90,90,91,91,92,94,94,95,95,95,96,97,97,98,98,98,99,99,100,100,100,100,100,100,101,101,100,100,100,100,100,100,100,100,100,99,99,98,98,97,97,97,95,95,94,93,92,91,91,91,91,90,90,89,89,88,88,88,87,86,85,85,84,84,83,82,82,81,81,81,80,80,79,79,79,79,78,78,78,78,78,78,78,77,77,77,77,77,77,75,75,75,75,75,75,74,74,74,74,73,73,73,73,73,72,71,71,71,70,70,70,70,69,68,68,68,67,66,66,66,65,64,64,63,63,62,62,60,60,60,59,58,58,57,57,57,55,55,54,54,54,53,53,53,52,52,52,52,52,52,52,51,51,51,52,52,52,52,52,52,53,53,53,54,54,54,54,54,55,55,55,55,55,54,55,55,54,55,54,53,53,53,53,52,51,51,51,50,49,49,48,47,47,47,47,47,47,46,45,45,46,45,45,45,46,46,45,45,45,45,46,46,46,45,45,45,45,45,45,45,45,44,44,44,44,44,44,44,43,42,42,42,42,42,41,41,41,40,39,39,39,39,38,38,38,38,36,36,36,36,35,35,35,33,33,33,33,32,32,32,32,31,30,30,30,30,30,30,30,30,30,31,31,31,31,32,33,33,34,35,36,37,39,41,44,46,50,52,55,57,61,65,69,71,73,75,76,78,80,81,80,81,81,80,80,72,46,48,50,52,56,60,65,69,71,74,78,80,81,83,85,85,86,84,83,83,81,79,70,57,51,48,47,43,33,1,1,1,1,1,1,1,1,1,1,1,1,1,1,1,1,1,1,1,1,1,1,1,1,1,1,1,1,1,1,1,1,1,1,1,1,1,1,1,1,1,1,1,1,1,1,1,1,1,1,1,1,1,1,1,1,1,1,1,1,1,1
syn_f001181-1-Pre,1,1,1,1,1,1,1,1,1,1,1,1,1,1,1,1,1,1,1,1,1,1,1,1,1,1,1,1,1,1,1,1,1,1,1,1,1,1,1,1,1,1,1,1,1,1,1,1,1,1,1,1,1,1,1,1,1,1,1,1,1,1,1,1,1,1,1,1,1,1,1,1,1,1,1,1,1,1,1,1,1,1,1,1,1,1,1,1,1,1,1,1,1,1,1,1,1,1,1,1,1,1,1,1,1,1,1,1,1,1,1,1,1,1,1,1,1,1,1,1,1,1,1,1,1,1,1,1,1,1,1,1,1,20,27,33,38,41,44,47,50,52,54,56,57,58,61,63,63,65,65,67,67,67,69,69,70,70,70,71,71,71,71,71,71,71,71,71,72,72,72,73,73,73,74,75,76,76,76,77,76,76,75,74,72,70,68,67,67,66,65,63,63,62,62,61,60,60,59,59,60,60,59,60,60,60,59,57,57,54,40,39,39,39,39,39,40,40,41,41,41,42,43,43,44,44,44,45,45,46,46,51,56,62,149,157,162,169,175,180,186,192,201,208,214,218,223,228,236,242,248,258,265,278,279,279,278,277,277,274,271,263,262,165,87,77,70,71,71,72,72,73,73,73,73,74,74,75,75,75,75,75,75,75,74,74,74,74,75,73,73,73,72,71,71,70,69,69,69,68,67,65,64,62,63,62,62,63,63,62,63,63,63,63,62,62,63,63,63,62,62,62,62,62,62,62,61,61,61,61,61,61,61,60,61,61,61,61,61,60,61,60,60,60,60,60,60,60,60,60,61,61,62,62,63,64,65,66,67,68,68,69,70,71,71,72,73,73,74,74,75,75,76,76,77,77,76,77,77,77,77,77,78,78,77,78,78,78,77,78,78,78,78,78,78,78,78,78,78,77,77,77,77,76,76,76,77,78,79,79,79,80,80,80,81,81,81,82,82,82,82,82,82,82,82,82,83,83,83,82,82,82,82,82,81,82,81,81,81,80,79,78,77,76,75,75,74,74,73,73,73,72,72,72,72,72,71,71,70,70,70,70,70,70,70,69,69,69,69,68,67,67,67,67,67,66,66,66,66,65,65,65,65,64,64,64,64,62,62,62,62,61,61,61,61,60,59,59,59,58,58,58,57,56,56,56,55,55,55,53,53,53,52,52,52,51,51,51,50,50,50,49,49,49,49,50,49,49,50,50,51,52,51,52,53,53,53,53,54,53,53,53,53,53,53,52,53,52,51,52,51,51,51,50,51,50,49,49,49,48,48,47,48,47,47,47,47,47,47,47,46,46,46,46,46,46,47,47,47,46,46,47,47,47,47,47,48,47,47,47,47,47,47,47,47,46,46,46,46,46,46,46,45,45,45,45,44,44,43,43,43,43,43,42,42,42,42,41,41,41,40,40,40,40,39,39,39,38,38,38,38,37,37,37,37,37,36,36,36,37,36,37,38,39,40,41,42,44,46,47,49,51,53,55,57,59,61,65,67,70,71,75,77,80,81,83,83,84,84,84,83,84,77,54,56,60,62,65,68,71,74,80,84,86,88,88,87,87,85,84,83,81,75,57,50,43,39,35,33,1,1,1,1,1,1,1,1,1,1,1,1,1,1,1,1,1,1,1,1,1,1,1,1,1,1,1,1,1,1,1,1,1,1,1,1,1,1,1,1,1,1,1,1,1,1,1,1,1,1,1,1,1,1,1,1,1,1,1,1,1,1,1,1,1,1,1,1,1
syn_f001197-3-Pre,1,1,1,1,1,1,1,1,1,1,1,1,1,1,1,1,1,1,1,1,1,1,1,1,1,1,1,1,1,1,1,1,1,1,1,1,1,1,1,1,1,1,1,1,1,1,1,1,1,1,1,1,1,1,1,1,1,1,1,1,1,1,1,1,1,1,1,1,1,1,1,1,1,1,1,1,1,1,1,1,1,1,1,1,1,1,1,1,1,1,1,1,1,1,1,1,1,1,1,1,1,1,1,1,1,1,1,1,1,1,1,1,1,1,1,1,1,1,1,1,1,1,1,1,1,1,1,1,1,1,1,1,1,1,1,1,1,1,8,22,30,34,39,43,46,49,51,53,55,57,60,61,63,64,65,67,67,69,69,70,71,72,72,73,73,73,73,73,73,74,74,74,74,74,74,74,74,74,75,75,76,76,76,77,77,77,77,77,76,76,74,72,69,67,66,65,65,64,64,62,62,62,62,62,61,61,60,61,61,61,61,61,61,60,59,57,51,49,47,46,46,46,45,46,45,46,45,46,46,46,46,47,47,48,48,48,50,53,58,76,85,145,153,158,162,167,171,175,180,185,190,196,205,210,215,221,227,234,241,250,257,269,270,270,269,268,266,263,259,253,251,77,78,78,79,80,80,80,80,81,81,81,81,81,82,82,82,82,82,82,82,82,81,81,81,81,81,81,81,80,80,80,79,79,78,77,76,75,75,74,72,72,71,70,70,69,68,68,67,67,65,65,65,63,63,61,61,61,59,59,59,59,58,58,58,57,57,57,56,56,56,56,56,55,55,55,55,54,54,54,54,54,55,55,54,54,54,55,55,55,55,55,57,57,58,59,59,60,60,61,61,63,64,64,65,66,67,67,68,69,70,70,71,71,72,74,74,74,75,75,76,76,76,76,77,77,77,77,78,78,78,78,78,78,78,78,79,79,79,79,79,78,78,78,78,78,78,78,77,77,78,78,78,79,79,79,80,79,79,79,79,79,79,78,79,79,79,78,78,77,76,75,76,75,75,74,74,73,73,73,73,74,73,73,73,73,73,73,73,73,73,73,73,73,73,73,73,73,73,73,73,73,73,73,73,72,72,72,71,71,71,71,71,70,70,70,69,69,69,69,68,67,67,67,67,66,65,65,65,64,64,63,63,62,62,61,60,60,59,59,59,57,56,56,56,55,54,53,53,52,52,52,51,51,51,50,50,50,49,49,49,49,48,49,49,49,49,49,50,50,51,50,51,51,51,51,52,51,52,51,51,51,50,51,50,51,50,50,49,49,49,48,48,48,48,47,47,46,46,46,46,46,46,46,47,47,47,47,48,47,48,48,47,48,49,48,48,48,48,48,48,48,48,48,48,48,48,48,48,48,47,47,47,45,45,45,44,44,44,42,42,42,42,40,40,39,39,39,37,37,37,36,36,36,35,35,35,35,34,34,34,34,34,34,34,34,34,34,35,35,36,38,38,39,41,43,45,48,51,54,56,59,61,63,66,70,72,74,76,78,81,83,83,83,83,83,83,76,55,59,62,67,71,74,78,82,83,86,89,90,89,89,87,85,84,82,78,66,57,49,37,26,1,1,1,1,1,1,1,1,1,1,1,1,1,1,1,1,1,1,1,1,1,1,1,1,1,1,1,1,1,1,1,1,1,1,1,1,1,1,1,1,1,1,1,1,1,1,1,1,1,1,1,1,1,1,1,1,1,1,1,1,1,1,1,1,1,1,1,1,1,1,1,1,1,1,1,1
syn_f001214-1-Pre,1,1,1,1,1,1,1,1,1,1,1,1,1,1,1,1,1,1,1,1,1,1,1,1,1,1,1,1,1,1,1,1,1,1,1,1,1,1,1,1,1,1,1,1,1,1,1,1,1,1,1,1,1,1,1,1,1,1,1,1,1,1,1,1,1,1,1,1,1,1,1,1,1,1,1,1,1,1,1,1,1,1,1,1,1,1,1,1,1,1,1,1,1,1,1,1,1,1,1,1,1,1,1,1,1,1,1,1,1,1,1,1,1,1,1,1,1,1,1,20,24,30,36,40,45,48,52,55,57,59,61,63,65,66,68,70,71,72,72,74,74,76,76,77,78,79,79,79,80,80,80,80,80,80,80,80,80,80,81,81,82,82,83,83,84,85,86,87,86,87,86,85,85,82,81,79,78,77,78,77,76,74,73,73,73,72,72,71,69,69,68,68,68,68,67,67,67,67,66,65,64,63,62,62,60,59,58,58,57,56,56,55,57,57,57,57,58,58,59,59,60,67,184,194,213,221,226,231,234,240,246,256,262,278,298,299,299,299,299,297,295,294,291,285,284,281,265,257,226,223,220,219,216,213,210,206,204,199,194,186,180,173,168,161,152,147,143,139,135,132,127,119,118,117,118,119,120,120,120,120,120,121,121,122,122,122,123,123,124,124,123,123,124,124,124,124,124,124,124,123,123,122,122,121,120,119,119,118,116,115,116,117,116,117,117,117,117,118,117,118,118,118,118,118,118,118,118,117,118,118,117,117,116,117,117,116,116,116,117,116,116,117,117,117,117,116,117,117,116,116,115,115,114,114,114,114,115,116,116,116,117,117,119,119,120,121,122,123,124,124,125,126,128,128,130,130,131,132,133,133,133,135,135,136,137,137,138,138,138,138,139,139,139,139,140,140,139,139,140,140,139,139,139,139,138,137,137,136,137,136,136,134,134,133,132,132,131,130,130,129,128,127,126,126,125,124,123,122,121,120,118,117,116,115,115,115,114,114,113,113,112,111,111,110,110,109,108,108,108,108,107,106,106,105,104,104,103,103,102,102,101,101,100,100,100,100,100,100,100,100,98,98,98,98,98,98,97,96,96,96,96,96,96,95,94,94,93,93,93,93,92,91,91,90,90,90,90,89,88,88,87,87,87,86,86,85,85,85,84,83,83,82,82,81,81,81,80,80,79,78,77,77,76,76,75,74,74,73,72,71,70,70,69,69,68,66,66,65,65,64,64,64,65,64,65,66,65,66,66,66,66,67,66,67,66,65,66,65,64,64,64,63,62,63,62,62,61,60,60,59,59,59,58,58,57,57,56,56,56,56,56,55,55,56,56,56,56,56,57,57,57,57,57,56,56,56,56,56,56,56,55,55,55,55,55,54,54,54,54,54,53,53,53,53,53,52,51,51,51,51,51,49,49,49,49,49,48,47,47,47,47,47,45,45,45,45,45,44,44,44,44,44,44,43,43,43,43,43,43,43,42,42,42,43,43,44,45,45,46,48,50,53,55,58,65,69,70,72,73,75,77,78,80,81,81,81,82,82,82,81,81,81,43,45,46,47,51,53,56,60,63,66,70,73,75,77,78,80,82,84,86,86,85,84,82,79,78,74,68,61,56,50,45,40,32,24,1,1,1,1,1,1,1,1,1,1,1,1,1,1,1,1,1,1,1,1,1,1,1,1,1,1,1,1,1,1,1,1,1,1,1,1,1,1,1,1,1,1,1,1,1,1,1,1,1,1,1,1
syn_f001215-3-Pre,1,1,1,1,1,1,1,1,1,1,1,1,1,1,1,1,1,1,1,1,1,1,1,1,1,1,1,1,1,1,1,1,1,1,1,1,1,1,1,1,1,1,1,1,1,1,1,1,1,1,1,1,1,1,1,1,1,1,1,1,1,1,1,1,1,1,1,1,1,1,1,1,1,1,1,1,1,1,1,1,1,1,1,1,1,1,1,1,1,1,1,1,1,1,1,1,1,1,1,1,1,1,1,1,1,1,1,1,1,1,1,1,1,1,1,1,1,1,1,1,1,1,1,1,1,1,1,1,1,1,1,1,1,1,1,1,5,21,29,35,39,44,46,49,52,54,56,58,60,62,64,65,68,68,69,70,71,72,73,74,74,75,76,76,76,76,76,76,76,76,77,78,78,78,79,79,79,80,81,82,81,82,83,84,84,84,83,83,81,80,77,76,75,74,74,73,72,71,70,69,69,68,68,67,66,66,66,66,66,66,66,66,66,65,64,64,62,58,55,53,51,50,50,49,49,49,49,49,49,50,49,50,50,50,50,51,51,50,51,52,53,55,58,60,64,69,74,82,88,95,140,147,153,157,161,164,168,172,175,179,184,188,192,197,202,206,209,211,214,217,220,223,227,231,236,240,244,251,255,259,264,274,275,275,275,273,271,268,258,173,97,97,97,97,97,96,96,96,96,96,97,97,97,97,96,96,96,96,96,96,96,96,94,93,93,92,91,89,87,87,87,87,87,87,86,87,87,86,86,86,86,85,85,85,84,84,84,84,83,83,82,82,81,81,81,80,80,80,80,78,78,78,78,77,77,77,77,77,78,79,79,80,80,82,82,83,85,85,86,88,89,90,90,91,92,93,93,95,96,96,97,97,98,98,99,99,100,101,101,101,102,102,102,102,102,102,102,102,102,103,103,103,103,103,103,103,103,103,103,103,103,102,102,102,102,102,102,101,101,100,100,99,99,99,97,97,97,96,95,95,95,94,94,95,94,94,93,93,92,92,91,90,90,89,88,88,87,86,85,84,84,83,83,82,82,81,81,81,82,82,82,82,82,82,81,81,81,81,81,82,82,82,81,81,81,81,81,82,81,81,81,81,81,80,80,79,79,78,78,78,78,77,76,76,76,75,75,74,73,73,73,73,71,71,71,71,69,69,69,67,67,66,66,66,64,64,63,63,61,61,60,59,59,58,58,57,57,55,54,54,53,53,52,52,53,52,53,53,53,53,54,54,55,54,55,55,55,55,55,55,55,56,55,56,55,55,55,54,55,54,55,54,53,54,53,52,53,52,52,52,52,52,52,52,51,51,51,51,51,51,51,51,51,51,51,52,52,52,52,53,52,52,52,52,52,52,52,52,52,51,51,51,51,51,50,49,49,49,49,48,47,47,47,47,45,45,45,45,43,43,42,42,42,40,40,40,39,39,38,39,38,38,38,38,38,38,39,38,38,39,39,40,41,41,42,43,45,45,46,48,50,51,53,56,58,62,66,68,69,71,74,76,77,79,80,80,81,81,80,79,49,51,54,57,60,62,65,68,70,72,75,76,78,80,83,83,82,80,79,76,70,59,51,45,38,33,1,1,1,1,1,1,1,1,1,1,1,1,1,1,1,1,1,1,1,1,1,1,1,1,1,1,1,1,1,1,1,1,1,1,1,1,1,1,1,1,1,1,1,1,1,1,1,1,1,1,1,1,1,1,1,1,1,1,1,1,1,1,1,1,1,1,1,1,1,1,1,1
syn_f001225-2-Pre,1,1,1,1,1,1,1,1,1,1,1,1,1,1,1,1,1,1,1,1,1,1,1,1,1,1,1,1,1,1,1,1,1,1,1,1,1,1,1,1,1,1,1,1,1,1,1,1,1,1,1,1,1,1,1,1,1,1,1,1,1,1,1,1,1,1,1,1,1,1,1,1,1,1,1,1,1,1,1,1,1,1,1,1,1,1,1,1,1,1,1,1,1,1,1,1,1,1,1,1,1,1,1,1,1,1,1,1,1,1,18,26,33,37,41,44,47,50,52,54,56,58,60,62,63,65,66,66,68,68,70,70,71,71,73,73,73,73,74,74,74,74,74,74,74,74,74,75,75,74,74,75,75,75,76,77,77,77,78,77,77,76,76,75,74,71,68,67,65,65,65,63,63,62,61,61,61,60,59,59,59,58,59,59,59,59,58,58,57,57,54,49,45,44,44,43,44,44,44,44,45,45,45,46,46,47,47,46,47,47,48,49,59,68,171,183,190,197,205,232,237,241,247,254,262,267,281,291,302,302,302,301,301,298,296,293,287,285,268,266,222,218,213,208,203,197,189,176,166,105,95,85,83,83,84,86,86,87,88,88,89,90,90,90,91,91,91,92,92,92,92,92,92,91,92,92,92,93,93,93,94,93,93,93,93,93,93,92,91,91,90,90,90,88,88,87,86,84,83,82,80,79,78,77,77,78,78,77,78,78,79,78,79,79,80,79,79,80,80,80,80,80,80,80,79,79,79,79,79,78,78,78,77,77,76,77,77,77,77,77,78,79,79,79,80,81,81,82,83,83,83,85,85,86,87,88,88,90,90,91,92,92,93,93,93,95,95,96,96,97,97,96,97,97,97,98,98,98,98,98,98,97,97,98,97,97,96,96,96,96,96,95,95,94,95,94,94,93,92,92,91,91,90,89,89,89,89,90,90,89,90,90,90,90,90,90,90,89,90,90,90,90,90,89,89,89,89,88,87,87,86,85,84,83,83,81,80,79,78,78,78,77,76,76,75,75,75,75,75,75,75,75,75,75,75,74,74,74,74,74,74,74,72,72,72,72,72,72,71,71,71,71,71,70,70,70,70,70,68,69,68,68,68,67,67,67,67,67,66,66,66,66,66,65,65,65,65,65,64,64,64,63,63,63,63,62,62,62,61,60,60,59,59,58,58,58,57,57,56,56,55,55,54,54,54,53,53,52,53,53,53,52,52,52,52,51,51,51,51,51,51,50,51,51,50,51,50,50,50,50,50,50,50,50,50,50,50,49,50,49,50,49,50,49,50,49,49,49,49,48,48,48,48,48,47,48,48,48,49,49,49,49,49,49,49,48,48,48,48,48,48,48,48,48,49,48,48,48,49,49,49,49,48,48,48,48,48,48,48,47,47,47,47,47,47,46,46,46,46,45,44,44,44,44,44,44,44,43,42,42,42,42,41,41,41,41,41,40,40,40,40,40,39,39,39,39,39,38,38,38,38,38,37,37,37,37,37,36,36,36,37,37,38,38,39,41,42,44,46,47,49,52,54,57,59,61,63,67,70,72,76,78,80,82,83,84,85,86,87,87,86,86,54,58,60,63,66,70,74,77,80,82,84,85,85,86,86,85,85,83,81,65,56,50,44,42,39,1,1,1,1,1,1,1,1,1,1,1,1,1,1,1,1,1,1,1,1,1,1,1,1,1,1,1,1,1,1,1,1,1,1,1,1,1,1,1,1,1,1,1,1,1,1,1,1,1,1,1
syn_f001228-1-Pre,1,1,1,1,1,1,1,1,1,1,1,1,1,1,1,1,1,1,1,1,1,1,1,1,1,1,1,1,1,1,1,1,1,1,1,1,1,1,1,1,1,1,1,1,1,1,1,1,1,1,1,1,1,1,1,1,1,1,1,1,1,1,1,1,1,1,1,1,1,1,1,1,1,1,1,1,1,1,1,1,1,1,1,1,1,1,1,1,1,1,1,1,1,1,1,1,1,1,1,1,1,1,1,1,1,1,1,1,1,1,1,1,1,1,1,1,1,1,1,1,1,1,1,1,1,1,1,1,1,10,24,31,36,39,44,47,50,53,55,56,59,61,63,65,66,67,68,69,70,71,73,73,74,74,75,75,75,75,76,76,77,77,77,77,77,77,77,76,76,76,77,76,77,77,78,79,79,79,80,80,81,81,80,80,78,76,75,73,72,71,70,70,69,68,68,67,68,68,67,66,65,65,65,65,65,65,65,65,64,63,61,59,56,55,52,51,50,50,50,50,51,51,52,52,52,53,54,64,77,180,192,210,218,225,233,240,250,257,268,278,297,298,298,298,297,296,294,293,290,283,283,280,259,216,212,208,202,197,188,182,176,171,165,160,150,146,140,132,118,110,101,101,102,103,104,105,105,106,106,106,107,107,107,108,109,109,109,109,108,108,108,108,108,108,108,107,107,107,106,106,105,104,104,103,103,101,100,99,98,99,98,99,100,99,100,99,100,100,99,100,100,100,100,100,100,100,99,99,99,99,99,99,98,98,98,98,98,97,97,97,96,96,96,95,95,95,94,94,93,93,93,92,92,93,93,93,94,95,96,96,97,98,99,99,100,101,101,102,103,103,105,105,106,107,107,108,108,109,110,110,110,111,112,112,112,112,112,112,112,112,112,112,112,111,111,111,110,110,109,108,108,107,107,106,104,104,103,102,102,101,100,98,97,96,95,94,93,92,91,91,89,89,89,88,88,87,87,86,86,85,85,86,85,84,84,83,83,82,82,82,82,82,82,82,81,81,81,81,81,81,81,81,81,81,81,81,81,80,80,80,80,80,80,80,79,78,78,78,78,78,77,77,77,77,77,76,76,76,75,75,74,74,74,74,72,72,72,72,72,71,70,70,70,69,69,69,68,67,67,67,66,66,66,64,64,64,63,63,62,62,61,61,60,59,59,58,58,58,57,57,56,56,56,56,55,55,55,55,53,53,53,53,52,53,53,53,53,53,54,53,53,53,52,53,52,53,52,51,52,51,51,51,51,50,51,50,50,50,50,49,48,48,48,48,48,47,47,47,47,47,47,47,47,47,47,47,47,48,48,48,48,47,47,48,48,48,48,48,48,47,47,47,47,47,47,48,47,47,47,47,47,45,45,45,45,45,45,44,44,44,43,43,42,42,42,42,42,41,40,40,40,40,40,39,39,39,38,38,38,38,38,37,37,37,37,37,37,38,38,37,37,38,38,39,39,40,40,41,42,42,44,45,48,51,55,57,61,64,70,73,75,77,78,79,80,80,82,84,85,85,85,86,86,85,52,55,61,64,69,75,77,82,85,87,88,90,92,91,91,90,88,85,85,83,76,66,61,55,49,43,37,25,1,1,1,1,1,1,1,1,1,1,1,1,1,1,1,1,1,1,1,1,1,1,1,1,1,1,1,1,1,1,1,1,1,1,1,1,1,1,1,1,1,1,1,1,1,1,1,1,1,1,1,1,1,1,1,1,1,1,1,1,1,1,1,1,1,1
syn_f001236-0-Pre,1,1,1,1,1,1,1,1,1,1,1,1,1,1,1,1,1,1,1,1,1,1,1,1,1,1,1,1,1,1,1,1,1,1,1,1,1,1,1,1,1,1,1,1,1,1,1,1,1,1,1,1,1,1,1,1,1,1,1,1,1,1,1,1,1,1,1,1,1,1,1,1,1,1,1,1,1,1,1,1,1,1,1,1,1,1,1,1,1,1,1,1,1,1,1,1,1,1,1,1,1,1,1,1,1,1,1,1,1,1,1,1,1,1,1,1,1,17,26,32,37,41,46,49,52,54,56,58,60,62,64,66,68,69,71,71,72,73,74,75,76,77,77,78,79,79,79,79,79,79,79,80,80,80,80,80,80,80,79,79,80,80,80,80,81,82,81,82,83,83,83,83,83,82,81,80,78,76,75,74,74,73,73,72,71,70,70,70,69,69,68,68,67,67,67,67,66,66,65,64,63,62,58,50,46,45,44,45,44,43,44,43,44,44,44,44,44,45,45,46,45,46,46,47,48,48,49,51,53,56,60,63,68,73,79,143,150,155,161,166,172,178,185,192,200,221,226,231,236,241,248,254,258,264,273,278,284,295,298,298,299,298,297,295,292,288,281,89,89,90,90,89,89,90,90,90,90,90,90,91,91,91,90,90,90,90,90,90,89,89,89,88,87,87,87,86,86,85,85,83,84,84,85,85,86,86,86,87,87,88,88,88,89,89,89,90,90,90,91,90,90,91,91,91,90,90,91,91,90,90,90,90,89,89,89,88,88,87,87,86,86,86,85,85,85,85,85,85,83,83,84,84,84,85,85,86,86,86,86,86,87,87,88,88,88,88,89,90,91,90,91,91,91,92,92,93,92,93,93,93,94,94,93,94,94,94,95,95,94,95,95,95,96,96,96,97,97,97,98,98,97,98,98,98,98,99,99,99,99,99,98,98,98,98,98,97,97,97,95,95,94,94,93,92,91,90,89,89,90,90,89,89,89,89,89,88,88,88,88,88,87,87,86,86,85,84,83,82,81,81,80,80,79,79,78,78,78,77,77,76,76,75,75,75,74,73,72,72,72,71,71,71,71,70,70,69,69,69,68,68,68,68,68,67,67,67,66,66,66,65,65,65,65,64,64,64,64,63,63,63,63,62,62,62,62,61,61,60,59,59,59,59,58,58,58,58,57,57,57,56,56,56,56,55,55,55,55,54,54,54,54,53,53,53,54,54,54,54,53,54,54,54,55,55,55,56,56,56,56,56,56,55,55,55,54,54,54,53,52,51,50,50,50,49,48,48,47,46,46,45,44,44,43,43,42,42,42,42,42,42,42,42,42,41,41,42,42,42,42,42,41,41,41,41,41,41,41,41,40,40,39,39,39,39,39,38,38,38,38,37,37,37,37,37,36,35,35,35,35,35,35,34,34,33,33,33,33,33,32,32,32,32,32,32,32,32,32,31,31,31,31,31,31,31,31,31,32,31,31,32,32,32,33,33,34,36,36,37,39,40,42,44,46,49,52,56,58,60,63,65,68,72,75,78,80,81,82,83,84,84,84,84,84,83,54,57,62,65,72,74,76,79,82,84,86,88,88,88,87,86,85,85,81,70,61,54,50,47,44,40,1,1,1,1,1,1,1,1,1,1,1,1,1,1,1,1,1,1,1,1,1,1,1,1,1,1,1,1,1,1,1,1,1,1,1,1,1,1,1,1,1,1,1,1,1,1,1,1,1,1,1,1,1,1,1,1,1,1
syn_f001240-0-Pre,1,1,1,1,1,1,1,1,1,1,1,1,1,1,1,1,1,1,1,1,1,1,1,1,1,1,1,1,1,1,1,1,1,1,1,1,1,1,1,1,1,1,1,1,1,1,1,1,1,1,1,1,1,1,1,1,1,1,1,1,1,1,1,1,1,1,1,1,1,1,1,1,1,1,1,1,1,1,1,1,1,1,1,1,1,1,1,1,1,1,1,1,1,1,1,1,1,1,1,1,1,1,1,1,1,1,1,1,1,1,1,1,1,1,1,1,1,1,1,1,1,1,1,1,1,1,1,13,23,31,36,40,44,48,50,53,55,57,59,61,62,64,66,67,69,69,71,71,72,73,73,75,75,76,76,77,77,77,77,77,77,78,78,78,78,78,79,79,79,79,80,81,81,81,82,83,83,83,83,82,81,79,78,76,74,74,73,73,72,70,70,70,69,68,67,66,66,65,65,65,63,63,63,63,62,61,60,59,58,55,53,51,49,48,46,45,44,45,44,44,45,44,45,46,45,46,47,48,49,49,173,191,201,206,212,218,227,239,254,280,282,283,282,282,281,279,278,276,268,267,267,251,247,238,201,194,188,182,175,168,161,155,151,147,143,138,134,128,119,110,102,97,92,90,92,93,93,94,95,96,95,96,97,97,98,98,98,99,99,100,99,99,100,100,101,101,101,100,100,100,100,100,100,100,99,99,97,97,96,95,94,93,92,91,91,91,91,90,90,90,91,91,90,90,90,91,91,90,90,91,91,91,90,91,91,91,90,91,91,91,91,91,91,90,90,91,91,90,90,90,89,89,89,89,88,88,89,89,90,90,90,90,92,92,93,94,95,95,96,97,98,98,99,99,99,100,100,101,102,102,102,102,103,103,103,104,104,104,105,105,105,105,105,105,104,104,104,104,104,104,105,104,104,104,103,103,103,102,102,102,101,100,100,100,99,99,98,97,96,95,93,92,91,90,89,88,88,88,88,88,88,88,87,88,88,88,88,87,88,88,87,87,86,86,86,86,85,85,84,83,83,82,82,81,81,80,80,79,79,79,79,78,78,78,78,76,76,76,76,76,75,75,75,74,74,74,74,74,73,72,72,72,72,71,71,71,71,70,70,70,70,70,68,69,68,68,67,67,67,67,66,66,66,66,65,65,65,65,63,63,63,62,62,62,62,60,60,60,59,59,59,58,58,58,57,57,57,57,57,57,56,56,57,56,56,57,56,57,57,57,57,58,58,58,58,58,58,58,57,58,57,57,56,56,56,56,55,55,54,55,55,54,54,53,53,52,52,51,51,50,50,49,49,49,49,49,48,48,48,48,48,47,47,48,48,47,47,47,47,47,47,47,47,46,46,46,46,46,45,44,44,44,44,44,43,43,43,42,42,42,41,41,41,41,40,40,39,39,39,39,39,38,37,37,37,37,37,37,37,37,36,36,36,36,36,36,36,36,36,36,36,36,36,36,36,36,36,37,37,37,38,40,42,43,45,48,50,52,55,58,60,63,68,72,74,76,78,80,80,80,80,80,80,81,81,81,81,65,56,60,64,67,72,75,79,82,84,85,86,88,89,88,88,87,85,84,82,79,69,57,51,46,38,20,1,1,1,1,1,1,1,1,1,1,1,1,1,1,1,1,1,1,1,1,1,1,1,1,1,1,1,1,1,1,1,1,1,1,1,1,1,1,1,1,1,1,1,1,1,1,1,1,1,1,1,1,1,1,1,1,1,1,1,1,1,1,1,1
syn_f001251-2-Pre,1,1,1,1,1,1,1,1,1,1,1,1,1,1,1,1,1,1,1,1,1,1,1,1,1,1,1,1,1,1,1,1,1,1,1,1,1,1,1,1,1,1,1,1,1,1,1,1,1,1,1,1,1,1,1,1,1,1,1,1,1,1,1,1,1,1,1,1,1,1,1,1,1,1,1,1,1,1,1,1,1,1,1,1,1,1,1,1,1,1,1,1,1,1,1,1,1,1,1,1,1,1,1,1,1,1,1,1,1,1,1,1,1,1,1,1,1,1,1,1,1,1,1,16,25,31,36,39,43,46,48,51,53,55,57,58,60,62,62,64,64,66,66,68,68,68,69,70,70,70,70,71,71,71,71,71,72,72,73,73,74,75,74,75,76,76,77,77,77,78,77,77,75,74,70,68,67,65,64,64,63,61,61,60,59,59,58,57,57,57,57,57,57,57,57,56,55,53,50,45,44,43,43,44,44,43,44,44,45,45,45,45,46,45,45,46,45,45,46,45,46,47,165,172,184,220,226,237,247,266,284,285,285,284,284,282,280,278,271,270,268,252,251,205,201,196,191,188,183,177,170,156,97,92,85,79,74,75,75,76,76,77,77,78,79,79,79,80,79,79,79,80,79,79,79,79,79,79,79,78,78,79,79,78,78,77,76,76,76,76,74,74,73,73,71,70,70,69,68,67,67,67,67,67,67,66,66,66,66,67,66,66,66,66,65,64,64,64,63,62,62,61,60,60,60,59,59,59,59,59,59,60,60,60,60,59,59,60,61,61,61,61,61,61,61,61,61,62,62,62,62,62,63,63,64,64,64,64,65,65,66,65,66,66,67,68,68,69,69,70,71,72,72,72,73,74,74,75,76,76,76,77,78,78,78,78,78,78,78,78,79,79,79,79,79,79,79,79,78,78,78,78,77,77,77,76,76,76,75,75,75,76,76,76,76,77,77,76,76,77,77,76,76,76,76,75,75,74,73,73,72,72,71,71,71,70,70,70,69,69,69,69,69,69,69,68,68,68,68,69,69,69,69,69,69,69,70,69,69,69,69,69,69,69,69,69,69,69,68,68,68,68,68,68,67,67,67,67,67,67,67,67,66,66,65,65,65,65,65,64,64,64,64,63,63,63,63,62,61,61,61,60,60,59,58,58,58,58,56,56,56,55,54,54,54,53,53,53,52,51,51,51,50,50,50,50,50,50,50,50,49,49,49,50,50,51,51,52,52,52,53,53,54,54,55,54,54,54,54,55,54,54,54,53,53,52,51,51,50,50,50,49,48,48,47,47,47,46,46,45,45,46,46,46,45,45,45,45,44,45,44,44,44,44,44,44,44,44,45,45,45,45,44,44,44,44,44,44,44,44,44,44,44,44,43,42,42,42,42,41,41,41,41,40,39,39,39,38,38,38,38,36,36,36,35,35,35,34,34,33,32,32,32,32,32,31,31,31,31,30,30,30,30,30,30,30,30,30,30,31,32,34,35,36,37,40,42,44,45,48,50,51,53,55,57,62,65,67,69,72,74,77,78,78,81,81,81,82,82,81,47,50,52,53,56,60,63,68,71,73,76,80,83,86,88,88,86,85,83,84,83,80,62,49,43,39,36,1,1,1,1,1,1,1,1,1,1,1,1,1,1,1,1,1,1,1,1,1,1,1,1,1,1,1,1,1,1,1,1,1,1,1,1,1,1,1,1,1,1,1,1,1,1,1,1,1,1,1,1,1,1,1,1,1,1,1,1,1
syn_f001274-0-Pre,1,1,1,1,1,1,1,1,1,1,1,1,1,1,1,1,1,1,1,1,1,1,1,1,1,1,1,1,1,1,1,1,1,1,1,1,1,1,1,1,1,1,1,1,1,1,1,1,1,1,1,1,1,1,1,1,1,1,1,1,1,1,1,1,1,1,1,1,1,1,1,1,1,1,1,1,1,1,1,1,1,1,1,1,1,1,1,1,1,1,1,1,1,1,1,1,1,1,1,1,1,1,1,1,1,1,1,1,1,1,1,1,1,1,1,1,1,10,24,32,36,41,45,49,52,55,57,59,61,63,65,67,68,70,70,72,72,74,75,76,76,78,78,78,79,80,80,80,80,80,81,81,81,81,81,82,82,83,82,83,84,84,85,85,86,86,87,87,87,86,86,85,84,80,78,77,75,74,73,73,72,70,70,70,69,68,68,66,66,66,66,66,66,66,66,66,65,64,62,61,58,56,53,52,50,50,49,49,49,49,50,49,50,51,50,50,51,51,51,52,51,52,53,53,55,59,63,67,72,151,157,162,166,172,176,181,189,199,211,224,228,233,236,242,247,253,258,263,271,278,285,293,301,301,302,301,300,297,294,292,284,283,203,196,189,179,164,158,120,112,103,103,103,104,104,105,105,105,105,105,105,106,105,106,104,104,104,104,104,104,104,103,103,103,102,102,102,100,100,99,98,97,97,95,95,94,93,93,93,92,92,92,91,92,92,92,91,91,91,91,91,91,91,90,91,91,91,91,91,90,90,91,91,91,91,90,90,90,91,91,90,90,90,90,89,89,89,88,88,87,87,86,87,87,87,87,88,88,89,90,90,91,92,93,93,93,94,95,95,96,97,97,98,98,99,100,100,100,101,101,101,101,102,102,102,102,102,102,102,102,102,102,101,102,102,101,102,102,101,101,101,102,101,101,101,101,100,100,100,101,100,100,100,99,99,99,98,98,98,97,96,96,95,95,95,95,95,96,95,95,95,95,95,95,94,94,93,93,92,91,90,89,89,88,87,87,86,85,85,84,84,84,83,83,82,81,81,81,81,81,81,80,79,79,79,78,78,78,78,78,78,78,76,76,76,76,75,75,75,75,74,74,74,74,73,73,73,72,72,72,72,71,71,71,70,70,70,69,69,69,67,67,67,66,66,66,65,65,65,64,63,63,62,62,61,61,59,59,59,58,58,57,57,56,56,55,55,55,54,54,54,54,54,53,53,54,54,54,55,54,55,55,54,55,55,56,55,55,55,55,55,55,54,55,54,54,54,53,53,53,53,52,53,52,52,51,52,51,51,50,50,50,51,50,50,50,50,50,50,50,50,50,50,50,50,50,50,50,50,49,49,49,49,49,49,49,49,49,48,48,48,48,48,48,48,47,47,47,47,47,47,46,46,46,46,45,45,44,44,44,44,44,44,42,42,42,42,42,42,41,40,40,40,40,40,40,39,38,38,38,38,38,38,37,37,36,36,36,36,37,37,38,39,40,40,40,42,44,45,48,50,52,53,56,58,59,66,70,72,73,75,76,79,81,83,85,85,86,87,87,87,86,86,87,48,50,53,56,58,62,66,68,71,74,76,79,82,84,86,89,91,93,92,91,89,87,85,83,70,63,58,51,44,40,37,1,1,1,1,1,1,1,1,1,1,1,1,1,1,1,1,1,1,1,1,1,1,1,1,1,1,1,1,1,1,1,1,1,1,1,1,1,1,1,1,1,1,1,1,1,1,1,1,1,1,1,1,1
syn_f001281-3-Pre,1,1,1,1,1,1,1,1,1,1,1,1,1,1,1,1,1,1,1,1,1,1,1,1,1,1,1,1,1,1,1,1,1,1,1,1,1,1,1,1,1,1,1,1,1,1,1,1,1,1,1,1,1,1,1,1,1,1,1,1,1,1,1,1,1,1,1,1,1,1,1,1,1,1,1,1,1,1,1,1,1,1,1,1,1,1,1,1,1,1,1,1,1,1,1,1,1,1,1,1,1,1,1,1,1,1,1,1,1,1,21,28,35,40,44,47,50,53,56,58,59,61,63,66,67,69,70,71,72,73,74,75,75,77,77,78,78,79,79,79,79,79,79,79,80,80,80,80,81,81,81,81,82,83,83,83,84,85,86,85,86,86,85,84,82,81,79,78,77,76,76,76,74,73,72,72,72,70,70,69,69,68,68,68,68,68,69,68,67,66,65,64,62,60,58,58,57,56,56,56,55,55,62,72,79,87,94,176,183,189,195,209,220,232,236,239,243,248,254,262,268,281,290,306,307,307,306,307,305,302,301,293,291,290,271,270,252,228,225,222,218,216,211,207,203,199,195,190,183,164,139,131,123,114,115,115,116,117,118,118,118,118,118,119,119,119,119,119,119,119,119,118,118,118,118,117,117,116,116,116,115,114,113,113,112,111,110,109,109,108,107,107,107,107,107,107,108,108,108,108,108,107,107,108,107,107,107,107,106,106,106,106,106,105,105,105,104,104,103,102,102,102,101,101,101,100,100,100,99,99,98,98,98,97,97,97,98,99,100,100,101,102,103,104,106,107,107,109,110,112,114,115,116,118,120,122,124,125,126,126,128,128,130,130,131,132,133,133,133,133,133,135,135,135,135,136,136,136,136,136,137,137,137,137,137,137,137,136,136,136,136,135,134,134,134,134,134,132,132,132,131,130,130,129,129,127,127,125,125,124,123,122,120,120,118,118,118,118,117,117,117,116,115,115,114,113,112,111,110,109,108,106,105,104,103,101,100,100,100,101,101,100,100,100,100,100,100,100,101,101,101,101,101,100,101,101,101,101,101,101,102,100,101,101,101,101,101,100,100,100,100,99,99,99,98,97,97,97,96,96,96,96,95,94,94,94,93,92,92,92,91,91,90,90,89,89,88,88,87,87,87,86,85,85,85,84,83,82,82,81,81,81,79,79,78,77,77,75,75,74,73,73,72,71,70,70,69,69,67,66,66,65,65,64,64,64,63,63,64,63,64,64,64,64,65,65,65,65,66,65,65,65,64,65,64,64,64,63,64,63,64,63,63,63,63,62,61,61,61,61,60,60,59,60,60,59,59,58,58,58,58,58,58,58,58,58,58,58,58,58,58,57,57,57,57,58,58,58,58,58,58,58,58,58,58,58,57,57,56,56,56,56,56,55,55,55,55,55,53,53,53,53,53,52,51,51,51,50,50,49,49,48,48,48,48,46,46,46,45,45,45,43,43,43,43,43,42,42,42,42,42,40,40,40,40,40,40,40,39,40,40,41,41,43,45,46,49,51,54,58,61,66,71,73,74,76,79,80,81,83,83,84,84,83,84,84,85,85,85,41,41,43,44,45,47,48,49,52,55,59,63,67,72,74,77,79,82,83,85,89,90,91,89,87,85,79,73,67,63,58,54,49,43,39,35,1,1,1,1,1,1,1,1,1,1,1,1,1,1,1,1,1,1,1,1,1,1,1,1,1,1,1,1,1,1,1,1,1,1,1,1,1,1,1,1,1,1,1
syn_f001285-3-Pre,1,1,1,1,1,1,1,1,1,1,1,1,1,1,1,1,1,1,1,1,1,1,1,1,1,1,1,1,1,1,1,1,1,1,1,1,1,1,1,1,1,1,1,1,1,1,1,1,1,1,1,1,1,1,1,1,1,1,1,1,1,1,1,1,1,1,1,1,1,1,1,1,1,1,1,1,1,1,1,1,1,1,1,1,1,1,1,1,1,1,1,1,1,1,1,1,1,1,1,1,1,1,1,1,1,1,1,1,1,1,1,1,1,1,1,1,17,25,33,37,42,46,49,52,54,57,58,60,62,65,67,68,70,71,72,73,74,75,76,76,77,78,79,79,79,79,79,79,79,79,80,80,80,79,80,80,80,81,81,82,82,82,83,84,84,84,85,85,83,83,81,79,78,76,75,75,75,74,73,72,71,71,71,71,69,69,68,68,68,68,67,68,68,68,68,68,67,67,66,65,63,62,60,59,57,56,56,55,55,56,56,56,57,57,58,59,60,60,61,62,63,64,65,65,68,75,83,92,101,169,177,184,190,196,204,214,223,230,234,236,239,242,246,250,255,261,265,270,281,287,301,304,304,304,303,302,300,297,295,288,286,265,219,214,210,206,200,193,184,156,123,117,113,114,115,115,117,117,117,118,118,118,118,119,119,119,120,120,120,120,120,120,120,119,119,119,118,117,117,117,116,116,115,114,114,114,113,113,114,114,113,114,114,114,114,114,114,115,114,114,114,113,113,114,114,113,113,113,112,112,112,111,111,111,111,110,111,111,111,111,110,111,111,111,111,111,110,110,110,109,109,109,108,107,106,107,108,108,109,108,109,109,110,109,110,110,111,111,112,113,114,115,116,117,117,119,119,120,121,122,122,123,124,124,125,125,126,126,127,127,127,127,128,128,128,128,129,129,129,129,129,128,128,128,128,128,128,127,127,127,127,127,126,126,126,126,125,125,124,123,123,123,121,121,121,120,119,118,117,116,115,114,112,112,110,108,106,103,100,98,96,94,93,92,92,91,91,90,90,90,90,90,89,89,88,88,88,88,88,88,88,87,87,87,87,87,87,87,87,87,87,86,86,86,86,86,85,85,85,85,85,84,84,84,84,83,83,83,83,82,82,82,80,80,80,80,78,78,78,78,76,76,76,76,75,74,74,73,73,73,72,71,71,71,70,70,68,68,67,67,67,66,64,64,64,63,63,62,61,61,60,60,60,59,59,58,58,58,57,57,57,57,57,57,57,57,57,57,57,58,58,57,58,57,58,58,57,58,57,57,57,56,56,56,56,55,55,54,54,54,54,53,53,52,52,52,52,51,51,51,51,51,52,52,52,53,53,53,53,53,53,53,53,54,54,54,54,54,54,54,55,55,53,53,53,53,53,53,53,53,52,52,52,52,51,51,51,50,50,49,49,49,48,47,47,47,47,45,45,45,45,43,43,43,43,42,41,41,41,40,40,40,39,39,38,38,38,38,38,38,39,39,38,39,40,40,41,41,42,43,45,46,49,53,56,59,63,68,70,72,74,76,78,79,80,81,84,85,84,84,85,85,84,41,42,43,45,46,48,50,54,59,63,67,73,76,79,81,83,84,87,89,90,88,88,85,84,83,80,76,70,62,56,49,40,29,1,1,1,1,1,1,1,1,1,1,1,1,1,1,1,1,1,1,1,1,1,1,1,1,1,1,1,1,1,1,1,1,1,1,1,1,1,1,1,1,1,1,1,1,1,1,1,1,1,1,1,1
syn_f001292-2-Pre,1,1,1,1,1,1,1,1,1,1,1,1,1,1,1,1,1,1,1,1,1,1,1,1,1,1,1,1,1,1,1,1,1,1,1,1,1,1,1,1,1,1,1,1,1,1,1,1,1,1,1,1,1,1,1,1,1,1,1,1,1,1,1,1,1,1,1,1,1,1,1,1,1,1,1,1,1,1,1,1,1,1,1,1,1,1,1,1,1,1,1,1,1,1,1,1,1,1,1,1,1,1,1,1,1,1,1,1,8,22,30,35,40,43,47,50,53,55,57,59,61,63,64,66,68,68,70,70,72,72,74,74,75,75,76,76,76,76,76,76,77,77,77,77,78,78,78,78,78,78,79,79,79,80,81,81,81,81,82,81,81,79,78,75,73,72,71,71,70,69,68,67,67,66,66,66,66,65,65,65,65,65,66,66,66,66,66,66,65,64,63,62,58,50,48,49,48,48,48,48,48,48,48,48,48,49,49,50,51,52,53,59,63,68,75,81,87,93,99,104,109,116,153,160,167,174,179,185,190,197,206,214,225,231,234,238,241,245,249,254,259,263,267,275,282,287,293,304,304,304,304,303,301,298,295,286,198,189,88,89,89,90,90,91,91,92,92,92,93,93,93,93,94,93,93,93,93,93,92,92,92,91,91,90,90,89,89,87,87,87,86,84,83,83,83,83,83,83,83,83,83,84,83,83,83,83,82,82,82,82,81,81,81,82,81,81,81,80,80,80,79,79,78,78,79,79,79,78,78,78,78,78,78,78,77,77,77,77,78,78,78,78,79,79,80,81,82,83,84,85,86,88,89,89,91,92,93,94,94,95,95,96,97,98,98,99,99,101,101,102,102,102,103,103,103,103,104,104,104,104,104,105,105,105,105,105,105,105,105,105,105,106,106,106,106,106,106,106,106,106,106,106,106,105,105,105,105,105,104,104,103,103,103,102,102,101,99,99,99,99,99,99,99,98,98,98,97,97,97,96,96,95,95,94,95,94,93,93,92,91,90,89,88,87,87,87,86,86,85,85,84,84,84,82,82,82,82,82,82,82,82,82,82,81,81,81,81,81,81,80,80,80,80,80,80,79,79,78,78,78,78,77,77,77,76,76,75,75,75,75,74,74,74,74,74,72,72,72,72,72,71,71,71,71,70,70,70,69,68,68,67,67,67,66,66,65,65,65,64,64,63,63,63,62,62,62,60,60,59,59,59,58,58,58,57,57,57,57,57,56,56,56,55,55,56,55,55,55,55,56,55,55,56,55,56,56,55,56,55,55,55,55,54,55,54,53,54,53,53,52,53,53,52,52,51,51,50,51,50,50,50,50,50,50,50,50,51,51,50,51,51,51,51,52,52,52,52,52,52,53,53,53,53,52,52,52,52,52,52,52,52,52,51,51,51,51,51,51,50,49,49,49,49,49,47,47,47,47,47,45,45,45,45,44,43,43,43,42,42,41,41,40,40,40,40,39,39,39,39,38,38,39,39,39,39,38,39,39,39,39,40,40,41,40,41,43,44,45,47,50,53,55,59,61,66,72,75,78,80,81,83,84,84,85,86,87,87,87,87,87,79,45,46,48,50,53,57,60,63,66,69,74,77,80,83,87,88,91,93,94,93,93,91,88,88,87,84,75,66,59,52,44,41,38,1,1,1,1,1,1,1,1,1,1,1,1,1,1,1,1,1,1,1,1,1,1,1,1,1,1,1,1,1,1,1,1,1,1,1,1,1,1,1,1,1,1,1,1
syn_f001305-0-Pre,1,1,1,1,1,1,1,1,1,1,1,1,1,1,1,1,1,1,1,1,1,1,1,1,1,1,1,1,1,1,1,1,1,1,1,1,1,1,1,1,1,1,1,1,1,1,1,1,1,1,1,1,1,1,1,1,1,1,1,1,1,1,1,1,1,1,1,1,1,1,1,1,1,1,1,1,1,1,1,1,1,1,1,1,1,1,1,1,1,1,1,1,1,1,1,1,1,1,1,1,1,1,1,1,1,1,1,6,22,29,34,39,43,46,49,51,53,55,57,59,61,62,64,65,66,68,68,70,70,71,71,73,73,73,74,74,74,74,74,75,75,75,75,75,75,76,76,77,77,77,78,79,78,79,80,80,80,79,78,77,75,72,69,69,67,66,65,65,63,62,62,61,61,61,61,60,60,60,60,60,61,61,61,60,59,59,58,42,41,42,41,42,41,41,42,41,41,42,42,42,43,43,44,45,46,46,171,179,234,243,255,265,298,300,300,300,300,298,295,295,290,285,284,280,267,266,212,208,203,199,194,189,185,176,165,158,127,118,114,110,106,100,95,88,78,78,79,81,82,83,83,84,84,84,84,85,85,85,86,86,86,87,87,87,87,86,86,86,86,86,84,84,84,84,82,82,81,80,80,78,77,76,75,74,73,73,72,71,70,70,71,71,71,70,70,71,71,71,71,70,70,70,70,69,69,69,68,68,68,67,67,66,66,66,65,65,65,64,64,64,64,63,63,63,63,63,63,64,64,64,66,66,68,68,70,70,71,73,73,75,76,78,78,80,82,82,83,83,84,84,85,84,84,85,85,85,86,86,87,86,87,87,88,87,88,88,87,87,88,88,87,88,88,88,88,87,87,87,88,88,87,87,87,87,86,86,86,86,87,87,88,88,87,88,88,88,88,89,88,88,88,89,89,88,88,88,88,87,88,88,88,87,87,88,87,87,87,87,86,86,85,84,83,82,81,81,80,79,79,78,78,77,76,76,75,75,74,74,74,72,72,72,71,71,71,70,70,70,70,68,68,68,67,67,67,67,66,66,66,66,66,66,65,64,64,64,63,63,63,63,63,62,62,62,62,61,61,61,61,60,60,61,60,60,60,60,60,59,59,59,59,58,58,58,58,57,57,57,57,56,56,56,55,55,55,54,53,54,54,54,53,53,53,54,53,53,53,53,52,53,53,53,53,52,53,53,53,53,53,53,53,53,54,54,55,54,54,55,55,54,55,55,55,55,54,55,54,54,54,54,54,53,53,52,52,52,51,52,51,50,50,50,49,48,48,47,47,47,47,46,46,46,46,45,45,45,45,46,46,46,46,45,46,46,46,46,46,46,47,47,46,46,46,46,47,47,47,47,47,46,46,46,46,46,46,46,46,45,45,45,45,44,44,44,43,43,43,43,42,42,42,41,41,41,41,40,40,40,40,40,40,39,39,39,39,39,38,38,38,38,38,38,38,37,37,37,37,37,37,37,37,36,36,36,36,36,36,36,36,37,37,38,38,38,39,40,41,43,44,46,48,50,52,55,57,59,60,61,65,70,72,75,78,81,84,85,87,89,89,88,88,88,49,50,52,54,56,59,63,66,69,73,75,77,80,83,85,88,90,91,91,90,89,86,82,71,60,55,47,43,39,34,1,1,1,1,1,1,1,1,1,1,1,1,1,1,1,1,1,1,1,1,1,1,1,1,1,1,1,1,1,1,1,1,1,1,1,1,1,1,1,1,1,1,1,1,1,1
